physical_gpu,partition,recording_index,repetition,system,split,lang,quintile,original_duration_seconds,processed_duration_seconds,elapsed_seconds,model_placement_seconds_excluded,allocator_cache_cleared_before_timer,peak_allocated_bytes,peak_reserved_bytes,actual_candidates,selected_index,body_tokens,PLL_target_tokens,source_run,external_processes_before,external_processes_after,external_GPU_memory_MiB_before,external_GPU_memory_MiB_after
2,0,52,0,Global,TEST,pl,3,10.68,10.68,1.799126329831779,0.9371604574844241,True,872952832,933232640,2,0,42,0,IR-COST-P0_attempt0,0,0,0,0
2,0,52,0,Text,TEST,pl,3,10.68,10.68,1.7508626729249954,0.25519570894539356,True,2206979584,2308964352,2,0,42,58,IR-COST-P0_attempt0,0,0,0,0
2,0,52,0,Text+Global,TEST,pl,3,10.68,10.68,1.8026147475466132,0.019591711461544037,True,2206979584,2308964352,2,0,42,58,IR-COST-P0_attempt0,0,0,0,0
2,0,52,0,B5,TEST,pl,3,10.68,10.68,0.9130834117531776,0.9421741254627705,True,873433600,935329792,1,0,42,0,IR-COST-P0_attempt0,0,0,0,0
2,0,52,0,Conf,TEST,pl,3,10.68,10.68,1.7197031918913126,0.018809989094734192,True,872952832,933232640,2,0,42,0,IR-COST-P0_attempt0,0,0,0,0
2,0,52,1,Text,TEST,pl,3,10.68,10.68,1.7438580449670553,0.26475065387785435,True,2206979584,2308964352,2,0,42,58,IR-COST-P0_attempt0,0,0,0,0
2,0,52,1,Text+Global,TEST,pl,3,10.68,10.68,1.7991471234709024,0.019654803909361362,True,2206979584,2308964352,2,0,42,58,IR-COST-P0_attempt0,0,0,0,0
2,0,52,1,B5,TEST,pl,3,10.68,10.68,0.9429342625662684,0.9491930706426501,True,873433600,935329792,1,0,42,0,IR-COST-P0_attempt0,0,0,0,0
2,0,52,1,Conf,TEST,pl,3,10.68,10.68,1.7333211107179523,0.01964316889643669,True,872952832,933232640,2,0,42,0,IR-COST-P0_attempt0,0,0,0,0
2,0,52,1,Global,TEST,pl,3,10.68,10.68,1.7751101907342672,0.018653787672519684,True,872952832,933232640,2,0,42,0,IR-COST-P0_attempt0,0,0,0,0
2,0,52,2,Text+Global,TEST,pl,3,10.68,10.68,1.83990066498518,0.25965385790914297,True,2206979584,2308964352,2,0,42,58,IR-COST-P0_attempt0,0,0,0,0
2,0,52,2,B5,TEST,pl,3,10.68,10.68,0.9212881894782186,0.9697358245030046,True,873433600,935329792,1,0,42,0,IR-COST-P0_attempt0,0,0,0,0
2,0,52,2,Conf,TEST,pl,3,10.68,10.68,1.7299782168120146,0.018861881457269192,True,872952832,933232640,2,0,42,0,IR-COST-P0_attempt0,0,0,0,0
2,0,52,2,Global,TEST,pl,3,10.68,10.68,1.7905939184129238,0.018600047565996647,True,872952832,933232640,2,0,42,0,IR-COST-P0_attempt0,0,0,0,0
2,0,52,2,Text,TEST,pl,3,10.68,10.68,1.7598910247907043,0.2741463854908943,True,2206979584,2308964352,2,0,42,58,IR-COST-P0_attempt0,0,0,0,0
2,0,54,0,Text+Global,TEST,pl,3,10.74,10.74,2.8761459114030004,0.025398041121661663,True,2206979584,2323644416,5,0,65,224,IR-COST-P0_attempt0,0,0,0,0
2,0,54,0,B5,TEST,pl,3,10.74,10.74,1.365496713668108,0.984848371706903,True,873433600,937426944,1,0,65,0,IR-COST-P0_attempt0,0,0,0,0
2,0,54,0,Conf,TEST,pl,3,10.74,10.74,2.629651293158531,0.018627839162945747,True,872952832,939524096,5,0,65,0,IR-COST-P0_attempt0,0,0,0,0
2,0,54,0,Global,TEST,pl,3,10.74,10.74,2.771473318338394,0.020897915586829185,True,872952832,939524096,5,0,65,0,IR-COST-P0_attempt0,0,0,0,0
2,0,54,0,Text,TEST,pl,3,10.74,10.74,2.7355439411476254,0.253492490388453,True,2206979584,2323644416,5,0,65,224,IR-COST-P0_attempt0,0,0,0,0
2,0,54,1,B5,TEST,pl,3,10.74,10.74,1.369695725850761,0.9345444040372968,True,873433600,937426944,1,0,65,0,IR-COST-P0_attempt0,0,0,0,0
2,0,54,1,Conf,TEST,pl,3,10.74,10.74,2.6297519709914923,0.019595464691519737,True,872952832,939524096,5,0,65,0,IR-COST-P0_attempt0,0,0,0,0
2,0,54,1,Global,TEST,pl,3,10.74,10.74,2.7459630481898785,0.047517321072518826,True,872952832,939524096,5,0,65,0,IR-COST-P0_attempt0,0,0,0,0
2,0,54,1,Text,TEST,pl,3,10.74,10.74,2.760899513028562,0.314383870922029,True,2206979584,2323644416,5,0,65,224,IR-COST-P0_attempt0,0,0,0,0
2,0,54,1,Text+Global,TEST,pl,3,10.74,10.74,2.8437929041683674,0.020225999876856804,True,2206979584,2323644416,5,0,65,224,IR-COST-P0_attempt0,0,0,0,0
2,0,54,2,Conf,TEST,pl,3,10.74,10.74,2.641741876490414,0.9502595420926809,True,872952832,939524096,5,0,65,0,IR-COST-P0_attempt0,0,0,0,0
2,0,54,2,Global,TEST,pl,3,10.74,10.74,2.7548807999119163,0.018963441252708435,True,872952832,939524096,5,0,65,0,IR-COST-P0_attempt0,0,0,0,0
2,0,54,2,Text,TEST,pl,3,10.74,10.74,2.7355779325589538,0.22820382844656706,True,2206979584,2323644416,5,0,65,224,IR-COST-P0_attempt0,0,0,0,0
2,0,54,2,Text+Global,TEST,pl,3,10.74,10.74,2.8909552609547973,0.020414398051798344,True,2206979584,2323644416,5,0,65,224,IR-COST-P0_attempt0,0,0,0,0
2,0,54,2,B5,TEST,pl,3,10.74,10.74,1.3718662112951279,0.9373384928330779,True,873433600,937426944,1,0,65,0,IR-COST-P0_attempt0,0,0,0,0
2,0,56,0,Conf,TEST,pl,4,12.42,12.42,2.6628258246928453,0.018972404301166534,True,872952832,939524096,5,0,67,0,IR-COST-P0_attempt0,0,0,0,0
2,0,56,0,Global,TEST,pl,4,12.42,12.42,2.7534646689891815,0.01954779587686062,True,872952832,939524096,5,0,67,0,IR-COST-P0_attempt0,0,0,0,0
2,0,56,0,Text,TEST,pl,4,12.42,12.42,2.7379267970100045,0.2613170985132456,True,2206979584,2323644416,5,0,67,243,IR-COST-P0_attempt0,0,0,0,0
2,0,56,0,Text+Global,TEST,pl,4,12.42,12.42,2.8554581636562943,0.020287594757974148,True,2206979584,2323644416,5,0,67,243,IR-COST-P0_attempt0,0,0,0,0
2,0,56,0,B5,TEST,pl,4,12.42,12.42,1.3892103265970945,0.9336658883839846,True,873433600,939524096,1,0,67,0,IR-COST-P0_attempt0,0,0,0,0
2,0,56,1,Global,TEST,pl,4,12.42,12.42,2.7774048671126366,0.01972336508333683,True,872952832,939524096,5,0,67,0,IR-COST-P0_attempt0,0,0,0,0
2,0,56,1,Text,TEST,pl,4,12.42,12.42,2.7395937722176313,0.24993346445262432,True,2206979584,2323644416,5,0,67,243,IR-COST-P0_attempt0,0,0,0,0
2,0,56,1,Text+Global,TEST,pl,4,12.42,12.42,2.8577694026753306,0.05406603682786226,True,2206979584,2323644416,5,0,67,243,IR-COST-P0_attempt0,0,0,0,0
2,0,56,1,B5,TEST,pl,4,12.42,12.42,1.3917223485186696,0.9354292843490839,True,873433600,939524096,1,0,67,0,IR-COST-P0_attempt0,0,0,0,0
2,0,56,1,Conf,TEST,pl,4,12.42,12.42,2.632649307139218,0.02772750612348318,True,872952832,939524096,5,0,67,0,IR-COST-P0_attempt0,0,0,0,0
2,0,56,2,Text,TEST,pl,4,12.42,12.42,2.750984825193882,0.2607948975637555,True,2206979584,2323644416,5,0,67,243,IR-COST-P0_attempt0,0,0,0,0
2,0,56,2,Text+Global,TEST,pl,4,12.42,12.42,2.8586233016103506,0.020079652778804302,True,2206979584,2323644416,5,0,67,243,IR-COST-P0_attempt0,0,0,0,0
2,0,56,2,B5,TEST,pl,4,12.42,12.42,1.39120240136981,0.9241537135094404,True,873433600,939524096,1,0,67,0,IR-COST-P0_attempt0,0,0,0,0
2,0,56,2,Conf,TEST,pl,4,12.42,12.42,2.643732627853751,0.01898167748004198,True,872952832,939524096,5,0,67,0,IR-COST-P0_attempt0,0,0,0,0
2,0,56,2,Global,TEST,pl,4,12.42,12.42,2.7571690073236823,0.01906812470406294,True,872952832,939524096,5,0,67,0,IR-COST-P0_attempt0,0,0,0,0
2,0,58,0,Text,TEST,pl,4,13.74,13.74,3.3335123267024755,0.2294283974915743,True,2206979584,2323644416,5,0,83,322,IR-COST-P0_attempt0,0,0,0,0
2,0,58,0,Text+Global,TEST,pl,4,13.74,13.74,3.4273039950057864,0.020279099233448505,True,2206979584,2323644416,5,3,83,322,IR-COST-P0_attempt0,0,0,0,0
2,0,58,0,B5,TEST,pl,4,13.74,13.74,1.6862687366083264,0.927480785176158,True,873433600,941621248,1,0,83,0,IR-COST-P0_attempt0,0,0,0,0
2,0,58,0,Conf,TEST,pl,4,13.74,13.74,3.1706471806392074,0.019782901741564274,True,872952832,939524096,5,0,83,0,IR-COST-P0_attempt0,0,0,0,0
2,0,58,0,Global,TEST,pl,4,13.74,13.74,3.292067401111126,0.03304068651050329,True,872952832,939524096,5,0,83,0,IR-COST-P0_attempt0,0,0,0,0
2,0,58,1,Text+Global,TEST,pl,4,13.74,13.74,3.4297972144559026,0.22928927652537823,True,2206979584,2323644416,5,3,83,322,IR-COST-P0_attempt0,0,0,0,0
2,0,58,1,B5,TEST,pl,4,13.74,13.74,1.6996130188927054,0.9224053621292114,True,873433600,941621248,1,0,83,0,IR-COST-P0_attempt0,0,0,0,0
2,0,58,1,Conf,TEST,pl,4,13.74,13.74,3.1635807985439897,0.01903065200895071,True,872952832,939524096,5,0,83,0,IR-COST-P0_attempt0,0,0,0,0
2,0,58,1,Global,TEST,pl,4,13.74,13.74,3.282429274171591,0.023644933477044106,True,872952832,939524096,5,0,83,0,IR-COST-P0_attempt0,0,0,0,0
2,0,58,1,Text,TEST,pl,4,13.74,13.74,3.317039828747511,0.22874021157622337,True,2206979584,2323644416,5,0,83,322,IR-COST-P0_attempt0,0,0,0,0
2,0,58,2,B5,TEST,pl,4,13.74,13.74,1.700309181585908,0.9297982761636376,True,873433600,941621248,1,0,83,0,IR-COST-P0_attempt0,0,0,0,0
2,0,58,2,Conf,TEST,pl,4,13.74,13.74,3.1725244112312794,0.019676843658089638,True,872952832,939524096,5,0,83,0,IR-COST-P0_attempt0,0,0,0,0
2,0,58,2,Global,TEST,pl,4,13.74,13.74,3.278067789040506,0.02080525178462267,True,872952832,939524096,5,0,83,0,IR-COST-P0_attempt0,0,0,0,0
2,0,58,2,Text,TEST,pl,4,13.74,13.74,3.317487668246031,0.24194830283522606,True,2206979584,2323644416,5,0,83,322,IR-COST-P0_attempt0,0,0,0,0
2,0,58,2,Text+Global,TEST,pl,4,13.74,13.74,3.467579897493124,0.020174242556095123,True,2206979584,2323644416,5,3,83,322,IR-COST-P0_attempt0,0,0,0,0
2,0,60,0,B5,TEST,tr,0,8.22,8.22,0.46498730313032866,0.9551452584564686,True,873433600,926941184,1,0,19,0,IR-COST-P0_attempt0,0,0,0,0
2,0,60,0,Conf,TEST,tr,0,8.22,8.22,0.8987480942159891,0.049443663097918034,True,872952832,926941184,3,0,19,0,IR-COST-P0_attempt0,0,0,0,0
2,0,60,0,Global,TEST,tr,0,8.22,8.22,0.9895602893084288,0.020463370718061924,True,872952832,926941184,3,0,19,0,IR-COST-P0_attempt0,0,0,0,0
2,0,60,0,Text,TEST,tr,0,8.22,8.22,0.952478532679379,0.25027409568428993,True,2206979584,2243952640,3,0,19,41,IR-COST-P0_attempt0,0,0,0,0
2,0,60,0,Text+Global,TEST,tr,0,8.22,8.22,1.0122723514214158,0.017913361079990864,True,2206979584,2243952640,3,0,19,41,IR-COST-P0_attempt0,0,0,0,0
2,0,60,1,Conf,TEST,tr,0,8.22,8.22,0.9082225318998098,0.9833558602258563,True,872952832,926941184,3,0,19,0,IR-COST-P0_attempt0,0,0,0,0
2,0,60,1,Global,TEST,tr,0,8.22,8.22,0.9805826283991337,0.034363782964646816,True,872952832,926941184,3,0,19,0,IR-COST-P0_attempt0,0,0,0,0
2,0,60,1,Text,TEST,tr,0,8.22,8.22,0.9403002997860312,0.23381520994007587,True,2206979584,2243952640,3,0,19,41,IR-COST-P0_attempt0,0,0,0,0
2,0,60,1,Text+Global,TEST,tr,0,8.22,8.22,1.0115075334906578,0.01803481951355934,True,2206979584,2243952640,3,0,19,41,IR-COST-P0_attempt0,0,0,0,0
2,0,60,1,B5,TEST,tr,0,8.22,8.22,0.47307969722896814,0.9672995507717133,True,873433600,926941184,1,0,19,0,IR-COST-P0_attempt0,0,0,0,0
2,0,60,2,Global,TEST,tr,0,8.22,8.22,0.9861159268766642,0.018171819858253002,True,872952832,926941184,3,0,19,0,IR-COST-P0_attempt0,0,0,0,0
2,0,60,2,Text,TEST,tr,0,8.22,8.22,0.9395023547112942,0.23193870950490236,True,2206979584,2243952640,3,0,19,41,IR-COST-P0_attempt0,0,0,0,0
2,0,60,2,Text+Global,TEST,tr,0,8.22,8.22,1.0193256353959441,0.01778152585029602,True,2206979584,2243952640,3,0,19,41,IR-COST-P0_attempt0,0,0,0,0
2,0,60,2,B5,TEST,tr,0,8.22,8.22,0.4748953143134713,0.9484969209879637,True,873433600,926941184,1,0,19,0,IR-COST-P0_attempt0,0,0,0,0
2,0,60,2,Conf,TEST,tr,0,8.22,8.22,0.9047721344977617,0.01819545216858387,True,872952832,926941184,3,0,19,0,IR-COST-P0_attempt0,0,0,0,0
2,0,62,0,Global,TEST,tr,0,5.46,5.46,1.198276799172163,0.01806250400841236,True,872952832,929038336,4,1,24,0,IR-COST-P0_attempt0,0,0,0,0
2,0,62,0,Text,TEST,tr,0,5.46,5.46,1.1568021643906832,0.2505919449031353,True,2206979584,2246049792,4,1,24,64,IR-COST-P0_attempt0,0,0,0,0
2,0,62,0,Text+Global,TEST,tr,0,5.46,5.46,1.26689357124269,0.0178990438580513,True,2206979584,2246049792,4,0,24,64,IR-COST-P0_attempt0,0,0,0,0
2,0,62,0,B5,TEST,tr,0,5.46,5.46,0.5700908116996288,0.9308637408539653,True,873433600,929038336,1,0,24,0,IR-COST-P0_attempt0,0,0,0,0
2,0,62,0,Conf,TEST,tr,0,5.46,5.46,1.1038356106728315,0.018365485593676567,True,872952832,929038336,4,1,24,0,IR-COST-P0_attempt0,0,0,0,0
2,0,62,1,Text,TEST,tr,0,5.46,5.46,1.16643650457263,0.2295927358791232,True,2206979584,2246049792,4,1,24,64,IR-COST-P0_attempt0,0,0,0,0
2,0,62,1,Text+Global,TEST,tr,0,5.46,5.46,1.2410212233662605,0.017610417678952217,True,2206979584,2246049792,4,0,24,64,IR-COST-P0_attempt0,0,0,0,0
2,0,62,1,B5,TEST,tr,0,5.46,5.46,0.5647304402664304,0.949131716042757,True,873433600,929038336,1,0,24,0,IR-COST-P0_attempt0,0,0,0,0
2,0,62,1,Conf,TEST,tr,0,5.46,5.46,1.1290938379243016,0.055213913321495056,True,872952832,929038336,4,1,24,0,IR-COST-P0_attempt0,0,0,0,0
2,0,62,1,Global,TEST,tr,0,5.46,5.46,1.2063252553343773,0.054307809099555016,True,872952832,929038336,4,1,24,0,IR-COST-P0_attempt0,0,0,0,0
2,0,62,2,Text+Global,TEST,tr,0,5.46,5.46,1.2479019537568092,0.23038654029369354,True,2206979584,2246049792,4,0,24,64,IR-COST-P0_attempt0,0,0,0,0
2,0,62,2,B5,TEST,tr,0,5.46,5.46,0.566986002959311,0.9500661669299006,True,873433600,929038336,1,0,24,0,IR-COST-P0_attempt0,0,0,0,0
2,0,62,2,Conf,TEST,tr,0,5.46,5.46,1.1189757576212287,0.018343059346079826,True,872952832,929038336,4,1,24,0,IR-COST-P0_attempt0,0,0,0,0
2,0,62,2,Global,TEST,tr,0,5.46,5.46,1.2046759510412812,0.01810848619788885,True,872952832,929038336,4,1,24,0,IR-COST-P0_attempt0,0,0,0,0
2,0,62,2,Text,TEST,tr,0,5.46,5.46,1.154610289260745,0.22901924513280392,True,2206979584,2246049792,4,1,24,64,IR-COST-P0_attempt0,0,0,0,0
2,0,64,0,Text+Global,TEST,tr,1,11.04,11.04,2.0432127751410007,0.03369148448109627,True,2206979584,2319450112,4,0,45,139,IR-COST-P0_attempt0,0,0,0,0
2,0,64,0,B5,TEST,tr,1,11.04,11.04,0.9653630303218961,0.8885044334456325,True,873433600,935329792,1,0,45,0,IR-COST-P0_attempt0,0,0,0,0
2,0,64,0,Conf,TEST,tr,1,11.04,11.04,1.8825765401124954,0.01877675112336874,True,872952832,933232640,4,0,45,0,IR-COST-P0_attempt0,0,0,0,0
2,0,64,0,Global,TEST,tr,1,11.04,11.04,1.9811784103512764,0.019306684844195843,True,872952832,933232640,4,0,45,0,IR-COST-P0_attempt0,0,0,0,0
2,0,64,0,Text,TEST,tr,1,11.04,11.04,1.9775199964642525,0.2406075783073902,True,2206979584,2319450112,4,0,45,139,IR-COST-P0_attempt0,0,0,0,0
2,0,64,1,B5,TEST,tr,1,11.04,11.04,0.9779550917446613,0.9643829558044672,True,873433600,935329792,1,0,45,0,IR-COST-P0_attempt0,0,0,0,0
2,0,64,1,Conf,TEST,tr,1,11.04,11.04,1.9050958817824721,0.018730693496763706,True,872952832,933232640,4,0,45,0,IR-COST-P0_attempt0,0,0,0,0
2,0,64,1,Global,TEST,tr,1,11.04,11.04,1.9976457692682743,0.01958471816033125,True,872952832,933232640,4,0,45,0,IR-COST-P0_attempt0,0,0,0,0
2,0,64,1,Text,TEST,tr,1,11.04,11.04,1.9688687240704894,0.25711075495928526,True,2206979584,2319450112,4,0,45,139,IR-COST-P0_attempt0,0,0,0,0
2,0,64,1,Text+Global,TEST,tr,1,11.04,11.04,2.066270863637328,0.019820925779640675,True,2206979584,2319450112,4,0,45,139,IR-COST-P0_attempt0,0,0,0,0
2,0,64,2,Conf,TEST,tr,1,11.04,11.04,1.88916792627424,0.960689808242023,True,872952832,933232640,4,0,45,0,IR-COST-P0_attempt0,0,0,0,0
2,0,64,2,Global,TEST,tr,1,11.04,11.04,1.9742684932425618,0.047730952501297,True,872952832,933232640,4,0,45,0,IR-COST-P0_attempt0,0,0,0,0
2,0,64,2,Text,TEST,tr,1,11.04,11.04,1.9665343323722482,0.2364396322518587,True,2206979584,2319450112,4,0,45,139,IR-COST-P0_attempt0,0,0,0,0
2,0,64,2,Text+Global,TEST,tr,1,11.04,11.04,2.0737232817336917,0.05135295446962118,True,2206979584,2319450112,4,0,45,139,IR-COST-P0_attempt0,0,0,0,0
2,0,64,2,B5,TEST,tr,1,11.04,11.04,0.995645216666162,0.9725795146077871,True,873433600,935329792,1,0,45,0,IR-COST-P0_attempt0,0,0,0,0
2,0,66,0,Conf,TEST,tr,1,10.2,10.2,1.3466702131554484,0.0530883464962244,True,872952832,929038336,5,0,29,0,IR-COST-P0_attempt0,0,0,0,0
2,0,66,0,Global,TEST,tr,1,10.2,10.2,1.4710425846278667,0.01849203370511532,True,872952832,929038336,5,2,30,0,IR-COST-P0_attempt0,0,0,0,0
2,0,66,0,Text,TEST,tr,1,10.2,10.2,1.3840453866869211,0.26276854053139687,True,2206979584,2350907392,5,0,29,127,IR-COST-P0_attempt0,0,0,0,0
2,0,66,0,Text+Global,TEST,tr,1,10.2,10.2,1.4944810755550861,0.020574971102178097,True,2206979584,2350907392,5,0,29,127,IR-COST-P0_attempt0,0,0,0,0
2,0,66,0,B5,TEST,tr,1,10.2,10.2,0.6665327548980713,0.7810672726482153,True,873433600,929038336,1,0,29,0,IR-COST-P0_attempt0,0,0,0,0
2,0,66,1,Global,TEST,tr,1,10.2,10.2,1.4487724117934704,0.018394699320197105,True,872952832,929038336,5,2,30,0,IR-COST-P0_attempt0,0,0,0,0
2,0,66,1,Text,TEST,tr,1,10.2,10.2,1.4051293330267072,0.22945314645767212,True,2206979584,2350907392,5,0,29,127,IR-COST-P0_attempt0,0,0,0,0
2,0,66,1,Text+Global,TEST,tr,1,10.2,10.2,1.5072549562901258,0.02048383466899395,True,2206979584,2350907392,5,0,29,127,IR-COST-P0_attempt0,0,0,0,0
2,0,66,1,B5,TEST,tr,1,10.2,10.2,0.6615901924669743,0.7692608376964927,True,873433600,929038336,1,0,29,0,IR-COST-P0_attempt0,0,0,0,0
2,0,66,1,Conf,TEST,tr,1,10.2,10.2,1.3271879805251956,0.01832746248692274,True,872952832,929038336,5,0,29,0,IR-COST-P0_attempt0,0,0,0,0
2,0,66,2,Text,TEST,tr,1,10.2,10.2,1.385329918935895,0.23159760516136885,True,2206979584,2350907392,5,0,29,127,IR-COST-P0_attempt0,0,0,0,0
2,0,66,2,Text+Global,TEST,tr,1,10.2,10.2,1.4998207297176123,0.052842751145362854,True,2206979584,2350907392,5,0,29,127,IR-COST-P0_attempt0,0,0,0,0
2,0,66,2,B5,TEST,tr,1,10.2,10.2,0.6664306493476033,0.7725289994850755,True,873433600,929038336,1,0,29,0,IR-COST-P0_attempt0,0,0,0,0
2,0,66,2,Conf,TEST,tr,1,10.2,10.2,1.3370058927685022,0.018230910412967205,True,872952832,929038336,5,0,29,0,IR-COST-P0_attempt0,0,0,0,0
2,0,66,2,Global,TEST,tr,1,10.2,10.2,1.4485329845920205,0.021454226225614548,True,872952832,929038336,5,2,30,0,IR-COST-P0_attempt0,0,0,0,0
2,0,68,0,Text,TEST,tr,2,12.9,12.9,1.8205978479236364,0.23104334343224764,True,2206979584,2311061504,5,0,37,152,IR-COST-P0_attempt0,0,0,0,0
2,0,68,0,Text+Global,TEST,tr,2,12.9,12.9,1.9578657085075974,0.019491665065288544,True,2206979584,2311061504,5,0,37,152,IR-COST-P0_attempt0,0,0,0,0
2,0,68,0,B5,TEST,tr,2,12.9,12.9,0.8702683569863439,0.9582046680152416,True,873433600,933232640,1,0,37,0,IR-COST-P0_attempt0,0,0,0,0
2,0,68,0,Conf,TEST,tr,2,12.9,12.9,1.7075941720977426,0.018469635397195816,True,872952832,933232640,5,0,37,0,IR-COST-P0_attempt0,0,0,0,0
2,0,68,0,Global,TEST,tr,2,12.9,12.9,1.8322261488065124,0.01839970424771309,True,872952832,933232640,5,0,37,0,IR-COST-P0_attempt0,0,0,0,0
2,0,68,1,Text+Global,TEST,tr,2,12.9,12.9,1.883672215975821,0.23382352013140917,True,2206979584,2311061504,5,0,37,152,IR-COST-P0_attempt0,0,0,0,0
2,0,68,1,B5,TEST,tr,2,12.9,12.9,0.8600811138749123,0.9388615163043141,True,873433600,933232640,1,0,37,0,IR-COST-P0_attempt0,0,0,0,0
2,0,68,1,Conf,TEST,tr,2,12.9,12.9,1.698623321019113,0.018834607675671577,True,872952832,933232640,5,0,37,0,IR-COST-P0_attempt0,0,0,0,0
2,0,68,1,Global,TEST,tr,2,12.9,12.9,1.8202428435906768,0.04464530013501644,True,872952832,933232640,5,0,37,0,IR-COST-P0_attempt0,0,0,0,0
2,0,68,1,Text,TEST,tr,2,12.9,12.9,1.7581090303137898,0.25342827942222357,True,2206979584,2311061504,5,0,37,152,IR-COST-P0_attempt0,0,0,0,0
2,0,68,2,B5,TEST,tr,2,12.9,12.9,0.861459145322442,0.9221208225935698,True,873433600,933232640,1,0,37,0,IR-COST-P0_attempt0,0,0,0,0
2,0,68,2,Conf,TEST,tr,2,12.9,12.9,1.7096878699958324,0.01851643156260252,True,872952832,933232640,5,0,37,0,IR-COST-P0_attempt0,0,0,0,0
2,0,68,2,Global,TEST,tr,2,12.9,12.9,1.8297197772189975,0.018775369971990585,True,872952832,933232640,5,0,37,0,IR-COST-P0_attempt0,0,0,0,0
2,0,68,2,Text,TEST,tr,2,12.9,12.9,1.7718937527388334,0.24355583731085062,True,2206979584,2311061504,5,0,37,152,IR-COST-P0_attempt0,0,0,0,0
2,0,68,2,Text+Global,TEST,tr,2,12.9,12.9,1.9256277736276388,0.04685383103787899,True,2206979584,2311061504,5,0,37,152,IR-COST-P0_attempt0,0,0,0,0
2,0,70,0,B5,TEST,tr,2,12.84,12.84,1.143396251834929,0.9646038888022304,True,873433600,937426944,1,0,52,0,IR-COST-P0_attempt0,0,0,0,0
2,0,70,0,Conf,TEST,tr,2,12.84,12.84,2.168487811461091,0.018758428283035755,True,872952832,935329792,3,1,53,0,IR-COST-P0_attempt0,0,0,0,0
2,0,70,0,Global,TEST,tr,2,12.84,12.84,2.2368248319253325,0.01864147186279297,True,872952832,935329792,3,1,53,0,IR-COST-P0_attempt0,0,0,0,0
2,0,70,0,Text,TEST,tr,2,12.84,12.84,2.217049866914749,0.2334272675216198,True,2206979584,2319450112,3,1,53,106,IR-COST-P0_attempt0,0,0,0,0
2,0,70,0,Text+Global,TEST,tr,2,12.84,12.84,2.304956339299679,0.02010059729218483,True,2206979584,2319450112,3,1,53,106,IR-COST-P0_attempt0,0,0,0,0
2,0,70,1,Conf,TEST,tr,2,12.84,12.84,2.1584072150290012,0.9596893573179841,True,872952832,935329792,3,1,53,0,IR-COST-P0_attempt0,0,0,0,0
2,0,70,1,Global,TEST,tr,2,12.84,12.84,2.248249873518944,0.018854460678994656,True,872952832,935329792,3,1,53,0,IR-COST-P0_attempt0,0,0,0,0
2,0,70,1,Text,TEST,tr,2,12.84,12.84,2.249338353984058,0.2576307784765959,True,2206979584,2319450112,3,1,53,106,IR-COST-P0_attempt0,0,0,0,0
2,0,70,1,Text+Global,TEST,tr,2,12.84,12.84,2.313871605321765,0.020024052821099758,True,2206979584,2319450112,3,1,53,106,IR-COST-P0_attempt0,0,0,0,0
2,0,70,1,B5,TEST,tr,2,12.84,12.84,1.1368942251428962,1.000018653459847,True,873433600,937426944,1,0,52,0,IR-COST-P0_attempt0,0,0,0,0
2,0,70,2,Global,TEST,tr,2,12.84,12.84,2.2366075050085783,0.018972355872392654,True,872952832,935329792,3,1,53,0,IR-COST-P0_attempt0,0,0,0,0
2,0,70,2,Text,TEST,tr,2,12.84,12.84,2.225224446505308,0.23472521547228098,True,2206979584,2319450112,3,1,53,106,IR-COST-P0_attempt0,0,0,0,0
2,0,70,2,Text+Global,TEST,tr,2,12.84,12.84,2.2994265845045447,0.01990016456693411,True,2206979584,2319450112,3,1,53,106,IR-COST-P0_attempt0,0,0,0,0
2,0,70,2,B5,TEST,tr,2,12.84,12.84,1.1394282104447484,0.9818732710555196,True,873433600,937426944,1,0,52,0,IR-COST-P0_attempt0,0,0,0,0
2,0,70,2,Conf,TEST,tr,2,12.84,12.84,2.154700193554163,0.0186739694327116,True,872952832,935329792,3,1,53,0,IR-COST-P0_attempt0,0,0,0,0
2,0,72,0,Global,TEST,tr,3,13.26,13.26,1.5066090943291783,0.018488925881683826,True,872952832,933232640,1,0,37,0,IR-COST-P0_attempt0,0,0,0,0
2,0,72,0,Text,TEST,tr,3,13.26,13.26,1.4955971213057637,0.2362194899469614,True,2206979584,2248146944,1,0,37,0,IR-COST-P0_attempt0,0,0,0,0
2,0,72,0,Text+Global,TEST,tr,3,13.26,13.26,1.5000315504148602,0.017740022391080856,True,2206979584,2248146944,1,0,37,0,IR-COST-P0_attempt0,0,0,0,0
2,0,72,0,B5,TEST,tr,3,13.26,13.26,0.8186415201053023,0.9535470930859447,True,873433600,933232640,1,0,37,0,IR-COST-P0_attempt0,0,0,0,0
2,0,72,0,Conf,TEST,tr,3,13.26,13.26,1.4934853855520487,0.018483771942555904,True,872952832,933232640,1,0,37,0,IR-COST-P0_attempt0,0,0,0,0
2,0,72,1,Text,TEST,tr,3,13.26,13.26,1.5075610037893057,0.2492561610415578,True,2206979584,2248146944,1,0,37,0,IR-COST-P0_attempt0,0,0,0,0
2,0,72,1,Text+Global,TEST,tr,3,13.26,13.26,1.4953916855156422,0.017827780917286873,True,2206979584,2248146944,1,0,37,0,IR-COST-P0_attempt0,0,0,0,0
2,0,72,1,B5,TEST,tr,3,13.26,13.26,0.8308683475479484,0.9626839952543378,True,873433600,933232640,1,0,37,0,IR-COST-P0_attempt0,0,0,0,0
2,0,72,1,Conf,TEST,tr,3,13.26,13.26,1.491436761803925,0.018763573840260506,True,872952832,933232640,1,0,37,0,IR-COST-P0_attempt0,0,0,0,0
2,0,72,1,Global,TEST,tr,3,13.26,13.26,1.4897393584251404,0.018516452983021736,True,872952832,933232640,1,0,37,0,IR-COST-P0_attempt0,0,0,0,0
2,0,72,2,Text+Global,TEST,tr,3,13.26,13.26,1.504825516603887,0.24478641711175442,True,2206979584,2248146944,1,0,37,0,IR-COST-P0_attempt0,0,0,0,0
2,0,72,2,B5,TEST,tr,3,13.26,13.26,0.8168401075527072,0.9887945773079991,True,873433600,933232640,1,0,37,0,IR-COST-P0_attempt0,0,0,0,0
2,0,72,2,Conf,TEST,tr,3,13.26,13.26,1.497161808423698,0.0185484541580081,True,872952832,933232640,1,0,37,0,IR-COST-P0_attempt0,0,0,0,0
2,0,72,2,Global,TEST,tr,3,13.26,13.26,1.4857003530487418,0.018689258955419064,True,872952832,933232640,1,0,37,0,IR-COST-P0_attempt0,0,0,0,0
2,0,72,2,Text,TEST,tr,3,13.26,13.26,1.5026881331577897,0.23696936201304197,True,2206979584,2248146944,1,0,37,0,IR-COST-P0_attempt0,0,0,0,0
2,0,74,0,Text+Global,TEST,tr,3,13.26,13.26,1.5658367732539773,0.017919358797371387,True,2206979584,2298478592,2,0,34,49,IR-COST-P0_attempt0,0,0,0,0
2,0,74,0,B5,TEST,tr,3,13.26,13.26,0.7664810223504901,0.9941871063783765,True,873433600,931135488,1,0,34,0,IR-COST-P0_attempt0,0,0,0,0
2,0,74,0,Conf,TEST,tr,3,13.26,13.26,1.439708810299635,0.018482846207916737,True,872952832,931135488,2,0,34,0,IR-COST-P0_attempt0,0,0,0,0
2,0,74,0,Global,TEST,tr,3,13.26,13.26,1.4935512896627188,0.01843415852636099,True,872952832,931135488,2,0,34,0,IR-COST-P0_attempt0,0,0,0,0
2,0,74,0,Text,TEST,tr,3,13.26,13.26,1.464086483232677,0.2394638927653432,True,2206979584,2298478592,2,0,34,49,IR-COST-P0_attempt0,0,0,0,0
2,0,74,1,B5,TEST,tr,3,13.26,13.26,0.7754902876913548,0.9784489227458835,True,873433600,931135488,1,0,34,0,IR-COST-P0_attempt0,0,0,0,0
2,0,74,1,Conf,TEST,tr,3,13.26,13.26,1.4362010937184095,0.01863601990044117,True,872952832,931135488,2,0,34,0,IR-COST-P0_attempt0,0,0,0,0
2,0,74,1,Global,TEST,tr,3,13.26,13.26,1.4967410685494542,0.018251769244670868,True,872952832,931135488,2,0,34,0,IR-COST-P0_attempt0,0,0,0,0
2,0,74,1,Text,TEST,tr,3,13.26,13.26,1.4608369478955865,0.2416807860136032,True,2206979584,2298478592,2,0,34,49,IR-COST-P0_attempt0,0,0,0,0
2,0,74,1,Text+Global,TEST,tr,3,13.26,13.26,1.5160843161866069,0.020017812959849834,True,2206979584,2298478592,2,0,34,49,IR-COST-P0_attempt0,0,0,0,0
2,0,74,2,Conf,TEST,tr,3,13.26,13.26,1.4508533151820302,0.9801043085753918,True,872952832,931135488,2,0,34,0,IR-COST-P0_attempt0,0,0,0,0
2,0,74,2,Global,TEST,tr,3,13.26,13.26,1.4984799828380346,0.018294877372682095,True,872952832,931135488,2,0,34,0,IR-COST-P0_attempt0,0,0,0,0
2,0,74,2,Text,TEST,tr,3,13.26,13.26,1.4689959874376655,0.2403260925784707,True,2206979584,2298478592,2,0,34,49,IR-COST-P0_attempt0,0,0,0,0
2,0,74,2,Text+Global,TEST,tr,3,13.26,13.26,1.5259076654911041,0.019439582712948322,True,2206979584,2298478592,2,0,34,49,IR-COST-P0_attempt0,0,0,0,0
2,0,74,2,B5,TEST,tr,3,13.26,13.26,0.7626185566186905,0.9910186296328902,True,873433600,931135488,1,0,34,0,IR-COST-P0_attempt0,0,0,0,0
2,0,76,0,Conf,TEST,tr,4,19.62,19.62,3.0839958330616355,0.018427304923534393,True,872952832,939524096,2,0,79,0,IR-COST-P0_attempt0,0,0,0,0
2,0,76,0,Global,TEST,tr,4,19.62,19.62,3.1488595474511385,0.031391691416502,True,872952832,939524096,2,0,79,0,IR-COST-P0_attempt0,0,0,0,0
2,0,76,0,Text,TEST,tr,4,19.62,19.62,3.1561321411281824,0.2396728815510869,True,2206979584,2325741568,2,0,79,98,IR-COST-P0_attempt0,0,0,0,0
2,0,76,0,Text+Global,TEST,tr,4,19.62,19.62,3.206235082820058,0.02191245835274458,True,2206979584,2325741568,2,0,79,98,IR-COST-P0_attempt0,0,0,0,0
2,0,76,0,B5,TEST,tr,4,19.62,19.62,1.6716017285361886,1.002868626266718,True,873433600,941621248,1,0,79,0,IR-COST-P0_attempt0,0,0,0,0
2,0,76,1,Global,TEST,tr,4,19.62,19.62,3.1741925980895758,0.05987464915961027,True,872952832,939524096,2,0,79,0,IR-COST-P0_attempt0,0,0,0,0
2,0,76,1,Text,TEST,tr,4,19.62,19.62,3.187464396469295,0.2360539548099041,True,2206979584,2325741568,2,0,79,98,IR-COST-P0_attempt0,0,0,0,0
2,0,76,1,Text+Global,TEST,tr,4,19.62,19.62,3.2373832501471043,0.02047928236424923,True,2206979584,2325741568,2,0,79,98,IR-COST-P0_attempt0,0,0,0,0
2,0,76,1,B5,TEST,tr,4,19.62,19.62,1.6724098781123757,1.000050132162869,True,873433600,941621248,1,0,79,0,IR-COST-P0_attempt0,0,0,0,0
2,0,76,1,Conf,TEST,tr,4,19.62,19.62,3.1164673985913396,0.01956310123205185,True,872952832,939524096,2,0,79,0,IR-COST-P0_attempt0,0,0,0,0
2,0,76,2,Text,TEST,tr,4,19.62,19.62,3.158419949002564,0.24471370596438646,True,2206979584,2325741568,2,0,79,98,IR-COST-P0_attempt0,0,0,0,0
2,0,76,2,Text+Global,TEST,tr,4,19.62,19.62,3.2196738673374057,0.020529204979538918,True,2206979584,2325741568,2,0,79,98,IR-COST-P0_attempt0,0,0,0,0
2,0,76,2,B5,TEST,tr,4,19.62,19.62,1.67301941011101,0.9898052681237459,True,873433600,941621248,1,0,79,0,IR-COST-P0_attempt0,0,0,0,0
2,0,76,2,Conf,TEST,tr,4,19.62,19.62,3.118980150669813,0.019092155620455742,True,872952832,939524096,2,0,79,0,IR-COST-P0_attempt0,0,0,0,0
2,0,76,2,Global,TEST,tr,4,19.62,19.62,3.187688776291907,0.039841813035309315,True,872952832,939524096,2,0,79,0,IR-COST-P0_attempt0,0,0,0,0
2,0,78,0,Text,TEST,tr,4,16.2,16.2,2.2311440324410796,0.24290141463279724,True,2206979584,2319450112,3,0,53,133,IR-COST-P0_attempt0,0,0,0,0
2,0,78,0,Text+Global,TEST,tr,4,16.2,16.2,2.2916685212403536,0.02010234072804451,True,2206979584,2319450112,3,0,53,133,IR-COST-P0_attempt0,0,0,0,0
2,0,78,0,B5,TEST,tr,4,16.2,16.2,1.1332151470705867,1.0043572019785643,True,873433600,937426944,1,0,53,0,IR-COST-P0_attempt0,0,0,0,0
2,0,78,0,Conf,TEST,tr,4,16.2,16.2,2.1634268071502447,0.01909814029932022,True,872952832,935329792,3,0,53,0,IR-COST-P0_attempt0,0,0,0,0
2,0,78,0,Global,TEST,tr,4,16.2,16.2,2.2318964367732406,0.018926438875496387,True,872952832,935329792,3,0,53,0,IR-COST-P0_attempt0,0,0,0,0
2,0,78,1,Text+Global,TEST,tr,4,16.2,16.2,2.316937394440174,0.24281538557261229,True,2206979584,2319450112,3,0,53,133,IR-COST-P0_attempt0,0,0,0,0
2,0,78,1,B5,TEST,tr,4,16.2,16.2,1.1334425918757915,1.032423789612949,True,873433600,937426944,1,0,53,0,IR-COST-P0_attempt0,0,0,0,0
2,0,78,1,Conf,TEST,tr,4,16.2,16.2,2.157247234135866,0.01887638494372368,True,872952832,935329792,3,0,53,0,IR-COST-P0_attempt0,0,0,0,0
2,0,78,1,Global,TEST,tr,4,16.2,16.2,2.2361950017511845,0.018710633739829063,True,872952832,935329792,3,0,53,0,IR-COST-P0_attempt0,0,0,0,0
2,0,78,1,Text,TEST,tr,4,16.2,16.2,2.2222188292071223,0.24649654887616634,True,2206979584,2319450112,3,0,53,133,IR-COST-P0_attempt0,0,0,0,0
2,0,78,2,B5,TEST,tr,4,16.2,16.2,1.144453588873148,0.9847705066204071,True,873433600,937426944,1,0,53,0,IR-COST-P0_attempt0,0,0,0,0
2,0,78,2,Conf,TEST,tr,4,16.2,16.2,2.1577249485999346,0.018807505257427692,True,872952832,935329792,3,0,53,0,IR-COST-P0_attempt0,0,0,0,0
2,0,78,2,Global,TEST,tr,4,16.2,16.2,2.2452162262052298,0.01866630930453539,True,872952832,935329792,3,0,53,0,IR-COST-P0_attempt0,0,0,0,0
2,0,78,2,Text,TEST,tr,4,16.2,16.2,2.2372037563472986,0.24670226220041513,True,2206979584,2319450112,3,0,53,133,IR-COST-P0_attempt0,0,0,0,0
2,0,78,2,Text+Global,TEST,tr,4,16.2,16.2,2.302310585975647,0.02000505104660988,True,2206979584,2319450112,3,0,53,133,IR-COST-P0_attempt0,0,0,0,0
2,0,80,0,B5,TEST,it,0,8.58,8.58,0.7865132046863437,0.9940902441740036,True,873433600,931135488,1,0,34,0,IR-COST-P0_attempt0,0,0,0,0
2,0,80,0,Conf,TEST,it,0,8.58,8.58,1.4597232080996037,0.01864494290202856,True,872952832,931135488,2,0,34,0,IR-COST-P0_attempt0,0,0,0,0
2,0,80,0,Global,TEST,it,0,8.58,8.58,1.499866783618927,0.018575109541416168,True,872952832,931135488,2,0,34,0,IR-COST-P0_attempt0,0,0,0,0
2,0,80,0,Text,TEST,it,0,8.58,8.58,1.4633054062724113,0.23570830840617418,True,2206979584,2353004544,2,0,34,51,IR-COST-P0_attempt0,0,0,0,0
2,0,80,0,Text+Global,TEST,it,0,8.58,8.58,1.532148233614862,0.021156187169253826,True,2206979584,2353004544,2,0,34,51,IR-COST-P0_attempt0,0,0,0,0
2,0,80,1,Conf,TEST,it,0,8.58,8.58,1.4401905508711934,0.9876699717715383,True,872952832,931135488,2,0,34,0,IR-COST-P0_attempt0,0,0,0,0
2,0,80,1,Global,TEST,it,0,8.58,8.58,1.4903203705325723,0.01874085422605276,True,872952832,931135488,2,0,34,0,IR-COST-P0_attempt0,0,0,0,0
2,0,80,1,Text,TEST,it,0,8.58,8.58,1.4683605330064893,0.23887200001627207,True,2206979584,2353004544,2,0,34,51,IR-COST-P0_attempt0,0,0,0,0
2,0,80,1,Text+Global,TEST,it,0,8.58,8.58,1.527846141718328,0.020909623242914677,True,2206979584,2353004544,2,0,34,51,IR-COST-P0_attempt0,0,0,0,0
2,0,80,1,B5,TEST,it,0,8.58,8.58,0.7658144300803542,0.981165200471878,True,873433600,931135488,1,0,34,0,IR-COST-P0_attempt0,0,0,0,0
2,0,80,2,Global,TEST,it,0,8.58,8.58,1.4981037806719542,0.04112859722226858,True,872952832,931135488,2,0,34,0,IR-COST-P0_attempt0,0,0,0,0
2,0,80,2,Text,TEST,it,0,8.58,8.58,1.4701379127800465,0.23408031556755304,True,2206979584,2353004544,2,0,34,51,IR-COST-P0_attempt0,0,0,0,0
2,0,80,2,Text+Global,TEST,it,0,8.58,8.58,1.5216462295502424,0.020895956084132195,True,2206979584,2353004544,2,0,34,51,IR-COST-P0_attempt0,0,0,0,0
2,0,80,2,B5,TEST,it,0,8.58,8.58,0.7657682243734598,0.9873485332354903,True,873433600,931135488,1,0,34,0,IR-COST-P0_attempt0,0,0,0,0
2,0,80,2,Conf,TEST,it,0,8.58,8.58,1.4382007410749793,0.018891447223722935,True,872952832,931135488,2,0,34,0,IR-COST-P0_attempt0,0,0,0,0
2,0,82,0,Global,TEST,it,0,7.02,7.02,1.3943567117676139,0.01848433632403612,True,872952832,929038336,3,0,30,0,IR-COST-P0_attempt0,0,0,0,0
2,0,82,0,Text,TEST,it,0,7.02,7.02,1.3525224337354302,0.2412393195554614,True,2206979584,2248146944,3,0,30,67,IR-COST-P0_attempt0,0,0,0,0
2,0,82,0,Text+Global,TEST,it,0,7.02,7.02,1.4575475649908185,0.018174665048718452,True,2206979584,2248146944,3,0,30,67,IR-COST-P0_attempt0,0,0,0,0
2,0,82,0,B5,TEST,it,0,7.02,7.02,0.6786844655871391,1.0094808051362634,True,873433600,931135488,1,0,30,0,IR-COST-P0_attempt0,0,0,0,0
2,0,82,0,Conf,TEST,it,0,7.02,7.02,1.3073331089690328,0.018266281113028526,True,872952832,929038336,3,0,30,0,IR-COST-P0_attempt0,0,0,0,0
2,0,82,1,Text,TEST,it,0,7.02,7.02,1.3485768241807818,0.2456353474408388,True,2206979584,2248146944,3,0,30,67,IR-COST-P0_attempt0,0,0,0,0
2,0,82,1,Text+Global,TEST,it,0,7.02,7.02,1.4190594339743257,0.017938590608537197,True,2206979584,2248146944,3,0,30,67,IR-COST-P0_attempt0,0,0,0,0
2,0,82,1,B5,TEST,it,0,7.02,7.02,0.7069255644455552,0.9999281568452716,True,873433600,931135488,1,0,30,0,IR-COST-P0_attempt0,0,0,0,0
2,0,82,1,Conf,TEST,it,0,7.02,7.02,1.315430387854576,0.018448456190526485,True,872952832,929038336,3,0,30,0,IR-COST-P0_attempt0,0,0,0,0
2,0,82,1,Global,TEST,it,0,7.02,7.02,1.3811067044734955,0.03882486652582884,True,872952832,929038336,3,0,30,0,IR-COST-P0_attempt0,0,0,0,0
2,0,82,2,Text+Global,TEST,it,0,7.02,7.02,1.4262053770944476,0.24379005562514067,True,2206979584,2248146944,3,0,30,67,IR-COST-P0_attempt0,0,0,0,0
2,0,82,2,B5,TEST,it,0,7.02,7.02,0.7055827071890235,1.0063253985717893,True,873433600,931135488,1,0,30,0,IR-COST-P0_attempt0,0,0,0,0
2,0,82,2,Conf,TEST,it,0,7.02,7.02,1.314712230116129,0.018561281263828278,True,872952832,929038336,3,0,30,0,IR-COST-P0_attempt0,0,0,0,0
2,0,82,2,Global,TEST,it,0,7.02,7.02,1.3860795050859451,0.028965715318918228,True,872952832,929038336,3,0,30,0,IR-COST-P0_attempt0,0,0,0,0
2,0,82,2,Text,TEST,it,0,7.02,7.02,1.3495134469121695,0.2682717824354768,True,2206979584,2248146944,3,0,30,67,IR-COST-P0_attempt0,0,0,0,0
2,0,84,0,Text+Global,TEST,it,1,11.7,11.7,1.774061513133347,0.018667064607143402,True,2206979584,2308964352,2,0,41,57,IR-COST-P0_attempt0,0,0,0,0
2,0,84,0,B5,TEST,it,1,11.7,11.7,0.9026011107489467,0.9938007686287165,True,873433600,933232640,1,0,41,0,IR-COST-P0_attempt0,0,0,0,0
2,0,84,0,Conf,TEST,it,1,11.7,11.7,1.7071818159893155,0.018739003688097,True,872952832,933232640,2,0,41,0,IR-COST-P0_attempt0,0,0,0,0
2,0,84,0,Global,TEST,it,1,11.7,11.7,1.75525183044374,0.01864874828606844,True,872952832,933232640,2,0,41,0,IR-COST-P0_attempt0,0,0,0,0
2,0,84,0,Text,TEST,it,1,11.7,11.7,1.7326489882543683,0.23655126616358757,True,2206979584,2308964352,2,0,41,57,IR-COST-P0_attempt0,0,0,0,0
2,0,84,1,B5,TEST,it,1,11.7,11.7,0.8996400246396661,1.013038200326264,True,873433600,933232640,1,0,41,0,IR-COST-P0_attempt0,0,0,0,0
2,0,84,1,Conf,TEST,it,1,11.7,11.7,1.6959373382851481,0.01868764404207468,True,872952832,933232640,2,0,41,0,IR-COST-P0_attempt0,0,0,0,0
2,0,84,1,Global,TEST,it,1,11.7,11.7,1.7435327544808388,0.01878086756914854,True,872952832,933232640,2,0,41,0,IR-COST-P0_attempt0,0,0,0,0
2,0,84,1,Text,TEST,it,1,11.7,11.7,1.7308082962408662,0.2602704372256994,True,2206979584,2308964352,2,0,41,57,IR-COST-P0_attempt0,0,0,0,0
2,0,84,1,Text+Global,TEST,it,1,11.7,11.7,1.8033725386485457,0.019698291085660458,True,2206979584,2308964352,2,0,41,57,IR-COST-P0_attempt0,0,0,0,0
2,0,84,2,Conf,TEST,it,1,11.7,11.7,1.693044064566493,1.0065304739400744,True,872952832,933232640,2,0,41,0,IR-COST-P0_attempt0,0,0,0,0
2,0,84,2,Global,TEST,it,1,11.7,11.7,1.7374657234176993,0.01858304813504219,True,872952832,933232640,2,0,41,0,IR-COST-P0_attempt0,0,0,0,0
2,0,84,2,Text,TEST,it,1,11.7,11.7,1.70971021335572,0.26570483297109604,True,2206979584,2308964352,2,0,41,57,IR-COST-P0_attempt0,0,0,0,0
2,0,84,2,Text+Global,TEST,it,1,11.7,11.7,1.7649910133332014,0.01971451286226511,True,2206979584,2308964352,2,0,41,57,IR-COST-P0_attempt0,0,0,0,0
2,0,84,2,B5,TEST,it,1,11.7,11.7,0.8946700477972627,0.9856070373207331,True,873433600,933232640,1,0,41,0,IR-COST-P0_attempt0,0,0,0,0
2,0,86,0,Conf,TEST,it,1,11.16,11.16,1.6960332784801722,0.018491395749151707,True,872952832,933232640,3,0,40,0,IR-COST-P0_attempt0,0,0,0,0
2,0,86,0,Global,TEST,it,1,11.16,11.16,1.7843514494597912,0.01960689015686512,True,872952832,933232640,3,0,40,0,IR-COST-P0_attempt0,0,0,0,0
2,0,86,0,Text,TEST,it,1,11.16,11.16,1.7692474341019988,0.2357736835256219,True,2206979584,2371878912,3,0,40,88,IR-COST-P0_attempt0,0,0,0,0
2,0,86,0,Text+Global,TEST,it,1,11.16,11.16,1.8119911244139075,0.021288109943270683,True,2206979584,2371878912,3,0,40,88,IR-COST-P0_attempt0,0,0,0,0
2,0,86,0,B5,TEST,it,1,11.16,11.16,0.9087252486497164,1.0009019514545798,True,873433600,933232640,1,0,40,0,IR-COST-P0_attempt0,0,0,0,0
2,0,86,1,Global,TEST,it,1,11.16,11.16,1.7752570798620582,0.019321201369166374,True,872952832,933232640,3,0,40,0,IR-COST-P0_attempt0,0,0,0,0
2,0,86,1,Text,TEST,it,1,11.16,11.16,1.7367012882605195,0.2606341550126672,True,2206979584,2371878912,3,0,40,88,IR-COST-P0_attempt0,0,0,0,0
2,0,86,1,Text+Global,TEST,it,1,11.16,11.16,1.8042056951671839,0.026278728619217873,True,2206979584,2371878912,3,0,40,88,IR-COST-P0_attempt0,0,0,0,0
2,0,86,1,B5,TEST,it,1,11.16,11.16,0.9053768599405885,1.016430027782917,True,873433600,933232640,1,0,40,0,IR-COST-P0_attempt0,0,0,0,0
2,0,86,1,Conf,TEST,it,1,11.16,11.16,1.7140939719974995,0.018599200062453747,True,872952832,933232640,3,0,40,0,IR-COST-P0_attempt0,0,0,0,0
2,0,86,2,Text,TEST,it,1,11.16,11.16,1.7396109933033586,0.26496812514960766,True,2206979584,2371878912,3,0,40,88,IR-COST-P0_attempt0,0,0,0,0
2,0,86,2,Text+Global,TEST,it,1,11.16,11.16,1.8135629408061504,0.02425198070704937,True,2206979584,2371878912,3,0,40,88,IR-COST-P0_attempt0,0,0,0,0
2,0,86,2,B5,TEST,it,1,11.16,11.16,0.9026378383859992,0.9894658038392663,True,873433600,933232640,1,0,40,0,IR-COST-P0_attempt0,0,0,0,0
2,0,86,2,Conf,TEST,it,1,11.16,11.16,1.7053708471357822,0.018824782222509384,True,872952832,933232640,3,0,40,0,IR-COST-P0_attempt0,0,0,0,0
2,0,86,2,Global,TEST,it,1,11.16,11.16,1.7782274894416332,0.01877223141491413,True,872952832,933232640,3,0,40,0,IR-COST-P0_attempt0,0,0,0,0
2,0,88,0,Text,TEST,it,2,14.16,14.16,1.3481194758787751,0.23950686398893595,True,2206979584,2302672896,3,0,30,73,IR-COST-P0_attempt0,0,0,0,0
2,0,88,0,Text+Global,TEST,it,2,14.16,14.16,1.4253525482490659,0.019514434970915318,True,2206979584,2302672896,3,0,30,73,IR-COST-P0_attempt0,0,0,0,0
2,0,88,0,B5,TEST,it,2,14.16,14.16,0.68691729567945,1.01259486656636,True,873433600,931135488,1,0,30,0,IR-COST-P0_attempt0,0,0,0,0
2,0,88,0,Conf,TEST,it,2,14.16,14.16,1.3169330414384604,0.018356838263571262,True,872952832,929038336,3,0,30,0,IR-COST-P0_attempt0,0,0,0,0
2,0,88,0,Global,TEST,it,2,14.16,14.16,1.4129136428236961,0.01857578009366989,True,872952832,929038336,3,0,30,0,IR-COST-P0_attempt0,0,0,0,0
2,0,88,1,Text+Global,TEST,it,2,14.16,14.16,1.4282989036291838,0.2598135592415929,True,2206979584,2302672896,3,0,30,73,IR-COST-P0_attempt0,0,0,0,0
2,0,88,1,B5,TEST,it,2,14.16,14.16,0.6837747329846025,0.98726352956146,True,873433600,931135488,1,0,30,0,IR-COST-P0_attempt0,0,0,0,0
2,0,88,1,Conf,TEST,it,2,14.16,14.16,1.3163781818002462,0.018600194714963436,True,872952832,929038336,3,0,30,0,IR-COST-P0_attempt0,0,0,0,0
2,0,88,1,Global,TEST,it,2,14.16,14.16,1.3905284218490124,0.018269740045070648,True,872952832,929038336,3,0,30,0,IR-COST-P0_attempt0,0,0,0,0
2,0,88,1,Text,TEST,it,2,14.16,14.16,1.3491018898785114,0.26316713262349367,True,2206979584,2302672896,3,0,30,73,IR-COST-P0_attempt0,0,0,0,0
2,0,88,2,B5,TEST,it,2,14.16,14.16,0.700701953843236,0.9894414972513914,True,873433600,931135488,1,0,30,0,IR-COST-P0_attempt0,0,0,0,0
2,0,88,2,Conf,TEST,it,2,14.16,14.16,1.3136118799448013,0.018494036979973316,True,872952832,929038336,3,0,30,0,IR-COST-P0_attempt0,0,0,0,0
2,0,88,2,Global,TEST,it,2,14.16,14.16,1.39277926646173,0.01816035620868206,True,872952832,929038336,3,0,30,0,IR-COST-P0_attempt0,0,0,0,0
2,0,88,2,Text,TEST,it,2,14.16,14.16,1.35053885076195,0.2636435981839895,True,2206979584,2302672896,3,0,30,73,IR-COST-P0_attempt0,0,0,0,0
2,0,88,2,Text+Global,TEST,it,2,14.16,14.16,1.4341224133968353,0.019688772037625313,True,2206979584,2302672896,3,0,30,73,IR-COST-P0_attempt0,0,0,0,0
2,0,90,0,B5,TEST,it,2,13.56,13.56,0.9210490807890892,1.0034173456951976,True,873433600,933232640,1,0,41,0,IR-COST-P0_attempt0,0,0,0,0
2,0,90,0,Conf,TEST,it,2,13.56,13.56,1.7468296885490417,0.018639140762388706,True,872952832,933232640,4,0,41,0,IR-COST-P0_attempt0,0,0,0,0
2,0,90,0,Global,TEST,it,2,13.56,13.56,1.8300852496176958,0.01843905821442604,True,872952832,933232640,4,0,41,0,IR-COST-P0_attempt0,0,0,0,0
2,0,90,0,Text,TEST,it,2,13.56,13.56,1.7982300454750657,0.25926863588392735,True,2206979584,2380267520,4,0,41,127,IR-COST-P0_attempt0,0,0,0,0
2,0,90,0,Text+Global,TEST,it,2,13.56,13.56,1.8929824037477374,0.021664109081029892,True,2206979584,2380267520,4,0,41,127,IR-COST-P0_attempt0,0,0,0,0
2,0,90,1,Conf,TEST,it,2,13.56,13.56,1.7478420343250036,1.0256529999896884,True,872952832,933232640,4,0,41,0,IR-COST-P0_attempt0,0,0,0,0
2,0,90,1,Global,TEST,it,2,13.56,13.56,1.8367754984647036,0.018655753694474697,True,872952832,933232640,4,0,41,0,IR-COST-P0_attempt0,0,0,0,0
2,0,90,1,Text,TEST,it,2,13.56,13.56,1.803814803250134,0.26648207008838654,True,2206979584,2380267520,4,0,41,127,IR-COST-P0_attempt0,0,0,0,0
2,0,90,1,Text+Global,TEST,it,2,13.56,13.56,1.889386024326086,0.02176646515727043,True,2206979584,2380267520,4,0,41,127,IR-COST-P0_attempt0,0,0,0,0
2,0,90,1,B5,TEST,it,2,13.56,13.56,0.9007394602522254,1.0034529734402895,True,873433600,933232640,1,0,41,0,IR-COST-P0_attempt0,0,0,0,0
2,0,90,2,Global,TEST,it,2,13.56,13.56,1.851283747702837,0.016450967639684677,True,872952832,933232640,4,0,41,0,IR-COST-P0_attempt0,0,0,0,0
2,0,90,2,Text,TEST,it,2,13.56,13.56,1.807077824138105,0.25901423394680023,True,2206979584,2380267520,4,0,41,127,IR-COST-P0_attempt0,0,0,0,0
2,0,90,2,Text+Global,TEST,it,2,13.56,13.56,1.9006401151418686,0.022003510035574436,True,2206979584,2380267520,4,0,41,127,IR-COST-P0_attempt0,0,0,0,0
2,0,90,2,B5,TEST,it,2,13.56,13.56,0.9026309242472053,1.0033024521544576,True,873433600,933232640,1,0,41,0,IR-COST-P0_attempt0,0,0,0,0
2,0,90,2,Conf,TEST,it,2,13.56,13.56,1.7380475644022226,0.018430078402161598,True,872952832,933232640,4,0,41,0,IR-COST-P0_attempt0,0,0,0,0
2,0,92,0,Global,TEST,it,3,15.6,15.6,2.0909385476261377,0.018424680456519127,True,872952832,933232640,4,0,48,0,IR-COST-P0_attempt0,0,0,0,0
2,0,92,0,Text,TEST,it,3,15.6,15.6,2.0624856976792216,0.256682506762445,True,2206979584,2319450112,4,0,48,136,IR-COST-P0_attempt0,0,0,0,0
2,0,92,0,Text+Global,TEST,it,3,15.6,15.6,2.162753440439701,0.019995185546576977,True,2206979584,2319450112,4,0,48,136,IR-COST-P0_attempt0,0,0,0,0
2,0,92,0,B5,TEST,it,3,15.6,15.6,1.0236385315656662,0.9915931653231382,True,873433600,935329792,1,0,48,0,IR-COST-P0_attempt0,0,0,0,0
2,0,92,0,Conf,TEST,it,3,15.6,15.6,1.9829772552475333,0.018762487918138504,True,872952832,933232640,4,0,48,0,IR-COST-P0_attempt0,0,0,0,0
2,0,92,1,Text,TEST,it,3,15.6,15.6,2.0689931781962514,0.25933610275387764,True,2206979584,2319450112,4,0,48,136,IR-COST-P0_attempt0,0,0,0,0
2,0,92,1,Text+Global,TEST,it,3,15.6,15.6,2.1526448987424374,0.025314762257039547,True,2206979584,2319450112,4,0,48,136,IR-COST-P0_attempt0,0,0,0,0
2,0,92,1,B5,TEST,it,3,15.6,15.6,1.0198512803763151,0.9982952820137143,True,873433600,935329792,1,0,48,0,IR-COST-P0_attempt0,0,0,0,0
2,0,92,1,Conf,TEST,it,3,15.6,15.6,1.9938811706379056,0.018710752949118614,True,872952832,933232640,4,0,48,0,IR-COST-P0_attempt0,0,0,0,0
2,0,92,1,Global,TEST,it,3,15.6,15.6,2.0747130094096065,0.018644616939127445,True,872952832,933232640,4,0,48,0,IR-COST-P0_attempt0,0,0,0,0
2,0,92,2,Text+Global,TEST,it,3,15.6,15.6,2.1695996867492795,0.2535509681329131,True,2206979584,2319450112,4,0,48,136,IR-COST-P0_attempt0,0,0,0,0
2,0,92,2,B5,TEST,it,3,15.6,15.6,1.0213269339874387,0.99048803281039,True,873433600,935329792,1,0,48,0,IR-COST-P0_attempt0,0,0,0,0
2,0,92,2,Conf,TEST,it,3,15.6,15.6,1.9727014787495136,0.018787071108818054,True,872952832,933232640,4,0,48,0,IR-COST-P0_attempt0,0,0,0,0
2,0,92,2,Global,TEST,it,3,15.6,15.6,2.076459893025458,0.018606002442538738,True,872952832,933232640,4,0,48,0,IR-COST-P0_attempt0,0,0,0,0
2,0,92,2,Text,TEST,it,3,15.6,15.6,2.0833326373249292,0.25037346594035625,True,2206979584,2319450112,4,0,48,136,IR-COST-P0_attempt0,0,0,0,0
2,0,94,0,Text+Global,TEST,it,3,17.28,17.28,2.6643097288906574,0.01996648032218218,True,2206979584,2319450112,3,0,63,157,IR-COST-P0_attempt0,0,0,0,0
2,0,94,0,B5,TEST,it,3,17.28,17.28,1.3377180760726333,1.006426103413105,True,873433600,937426944,1,0,63,0,IR-COST-P0_attempt0,0,0,0,0
2,0,94,0,Conf,TEST,it,3,17.28,17.28,2.4924362478777766,0.0188915291801095,True,872952832,935329792,3,0,63,0,IR-COST-P0_attempt0,0,0,0,0
2,0,94,0,Global,TEST,it,3,17.28,17.28,2.593820762820542,0.01876981556415558,True,872952832,935329792,3,0,63,0,IR-COST-P0_attempt0,0,0,0,0
2,0,94,0,Text,TEST,it,3,17.28,17.28,2.5771519979462028,0.2531163478270173,True,2206979584,2319450112,3,0,63,157,IR-COST-P0_attempt0,0,0,0,0
2,0,94,1,B5,TEST,it,3,17.28,17.28,1.3374217888340354,0.9879207015037537,True,873433600,937426944,1,0,63,0,IR-COST-P0_attempt0,0,0,0,0
2,0,94,1,Conf,TEST,it,3,17.28,17.28,2.494115548208356,0.018899775110185146,True,872952832,935329792,3,0,63,0,IR-COST-P0_attempt0,0,0,0,0
2,0,94,1,Global,TEST,it,3,17.28,17.28,2.5673021571710706,0.018892296589910984,True,872952832,935329792,3,0,63,0,IR-COST-P0_attempt0,0,0,0,0
2,0,94,1,Text,TEST,it,3,17.28,17.28,2.5676155909895897,0.25121476221829653,True,2206979584,2319450112,3,0,63,157,IR-COST-P0_attempt0,0,0,0,0
2,0,94,1,Text+Global,TEST,it,3,17.28,17.28,2.628763822838664,0.020019715651869774,True,2206979584,2319450112,3,0,63,157,IR-COST-P0_attempt0,0,0,0,0
2,0,94,2,Conf,TEST,it,3,17.28,17.28,2.5032412000000477,0.9925681641325355,True,872952832,935329792,3,0,63,0,IR-COST-P0_attempt0,0,0,0,0
2,0,94,2,Global,TEST,it,3,17.28,17.28,2.5763780688866973,0.018786253407597542,True,872952832,935329792,3,0,63,0,IR-COST-P0_attempt0,0,0,0,0
2,0,94,2,Text,TEST,it,3,17.28,17.28,2.5474333064630628,0.2449401393532753,True,2206979584,2319450112,3,0,63,157,IR-COST-P0_attempt0,0,0,0,0
2,0,94,2,Text+Global,TEST,it,3,17.28,17.28,2.635920289903879,0.01987575739622116,True,2206979584,2319450112,3,0,63,157,IR-COST-P0_attempt0,0,0,0,0
2,0,94,2,B5,TEST,it,3,17.28,17.28,1.3249933058395982,1.0105067435652018,True,873433600,937426944,1,0,63,0,IR-COST-P0_attempt0,0,0,0,0
2,0,96,0,Conf,TEST,it,4,19.44,19.44,2.0607018237933517,0.018789642490446568,True,872952832,935329792,2,0,51,0,IR-COST-P0_attempt0,0,0,0,0
2,0,96,0,Global,TEST,it,4,19.44,19.44,2.093994411639869,0.0189523845911026,True,872952832,935329792,2,0,51,0,IR-COST-P0_attempt0,0,0,0,0
2,0,96,0,Text,TEST,it,4,19.44,19.44,2.0834755217656493,0.25488821417093277,True,2206979584,2319450112,2,1,50,89,IR-COST-P0_attempt0,0,0,0,0
2,0,96,0,Text+Global,TEST,it,4,19.44,19.44,2.1409690668806434,0.02927444502711296,True,2206979584,2319450112,2,1,50,89,IR-COST-P0_attempt0,0,0,0,0
2,0,96,0,B5,TEST,it,4,19.44,19.44,1.0797235434874892,1.0001293774694204,True,873433600,935329792,1,0,51,0,IR-COST-P0_attempt0,0,0,0,0
2,0,96,1,Global,TEST,it,4,19.44,19.44,2.105189248919487,0.018615818582475185,True,872952832,935329792,2,0,51,0,IR-COST-P0_attempt0,0,0,0,0
2,0,96,1,Text,TEST,it,4,19.44,19.44,2.0863816449418664,0.24991988949477673,True,2206979584,2319450112,2,1,50,89,IR-COST-P0_attempt0,0,0,0,0
2,0,96,1,Text+Global,TEST,it,4,19.44,19.44,2.136229402385652,0.019908606074750423,True,2206979584,2319450112,2,1,50,89,IR-COST-P0_attempt0,0,0,0,0
2,0,96,1,B5,TEST,it,4,19.44,19.44,1.0784709667786956,0.9946878021582961,True,873433600,935329792,1,0,51,0,IR-COST-P0_attempt0,0,0,0,0
2,0,96,1,Conf,TEST,it,4,19.44,19.44,2.039822071790695,0.018825446255505085,True,872952832,935329792,2,0,51,0,IR-COST-P0_attempt0,0,0,0,0
2,0,96,2,Text,TEST,it,4,19.44,19.44,2.0896382024511695,0.23474256414920092,True,2206979584,2319450112,2,1,50,89,IR-COST-P0_attempt0,0,0,0,0
2,0,96,2,Text+Global,TEST,it,4,19.44,19.44,2.1520715625956655,0.019902479834854603,True,2206979584,2319450112,2,1,50,89,IR-COST-P0_attempt0,0,0,0,0
2,0,96,2,B5,TEST,it,4,19.44,19.44,1.0739725939929485,0.986015360802412,True,873433600,935329792,1,0,51,0,IR-COST-P0_attempt0,0,0,0,0
2,0,96,2,Conf,TEST,it,4,19.44,19.44,2.043438040651381,0.018901272676885128,True,872952832,935329792,2,0,51,0,IR-COST-P0_attempt0,0,0,0,0
2,0,96,2,Global,TEST,it,4,19.44,19.44,2.104805614799261,0.01866704598069191,True,872952832,935329792,2,0,51,0,IR-COST-P0_attempt0,0,0,0,0
2,0,98,0,Text,TEST,it,4,19.2,19.2,2.1664707008749247,0.24757315404713154,True,2206979584,2319450112,2,0,52,87,IR-COST-P0_attempt0,0,0,0,0
2,0,98,0,Text+Global,TEST,it,4,19.2,19.2,2.2132498985156417,0.02008893247693777,True,2206979584,2319450112,2,0,52,87,IR-COST-P0_attempt0,0,0,0,0
2,0,98,0,B5,TEST,it,4,19.2,19.2,1.1141346469521523,0.9919005874544382,True,873433600,937426944,1,0,52,0,IR-COST-P0_attempt0,0,0,0,0
2,0,98,0,Conf,TEST,it,4,19.2,19.2,2.120675696991384,0.01921545248478651,True,872952832,935329792,2,0,52,0,IR-COST-P0_attempt0,0,0,0,0
2,0,98,0,Global,TEST,it,4,19.2,19.2,2.170607076957822,0.018936747685074806,True,872952832,935329792,2,0,52,0,IR-COST-P0_attempt0,0,0,0,0
2,0,98,1,Text+Global,TEST,it,4,19.2,19.2,2.223098690621555,0.2352130627259612,True,2206979584,2319450112,2,0,52,87,IR-COST-P0_attempt0,0,0,0,0
2,0,98,1,B5,TEST,it,4,19.2,19.2,1.124029885046184,1.0002858554944396,True,873433600,937426944,1,0,52,0,IR-COST-P0_attempt0,0,0,0,0
2,0,98,1,Conf,TEST,it,4,19.2,19.2,2.1177177214995027,0.018886798061430454,True,872952832,935329792,2,0,52,0,IR-COST-P0_attempt0,0,0,0,0
2,0,98,1,Global,TEST,it,4,19.2,19.2,2.1728957630693913,0.02027169056236744,True,872952832,935329792,2,0,52,0,IR-COST-P0_attempt0,0,0,0,0
2,0,98,1,Text,TEST,it,4,19.2,19.2,2.162034846842289,0.2675520842894912,True,2206979584,2319450112,2,0,52,87,IR-COST-P0_attempt0,0,0,0,0
2,0,98,2,B5,TEST,it,4,19.2,19.2,1.1152250431478024,1.0018704328686,True,873433600,937426944,1,0,52,0,IR-COST-P0_attempt0,0,0,0,0
2,0,98,2,Conf,TEST,it,4,19.2,19.2,2.112571507692337,0.019003218039870262,True,872952832,935329792,2,0,52,0,IR-COST-P0_attempt0,0,0,0,0
2,0,98,2,Global,TEST,it,4,19.2,19.2,2.1720093451440334,0.018696227110922337,True,872952832,935329792,2,0,52,0,IR-COST-P0_attempt0,0,0,0,0
2,0,98,2,Text,TEST,it,4,19.2,19.2,2.172666933387518,0.25312963128089905,True,2206979584,2319450112,2,0,52,87,IR-COST-P0_attempt0,0,0,0,0
2,0,98,2,Text+Global,TEST,it,4,19.2,19.2,2.2184339985251427,0.019859330728650093,True,2206979584,2319450112,2,0,52,87,IR-COST-P0_attempt0,0,0,0,0
2,0,100,0,B5,CV27,ar,0,2.736,2.736,0.3423617500811815,0.9983907416462898,True,873433600,926941184,1,0,10,0,IR-COST-P0_attempt0,0,0,0,0
2,0,100,0,Conf,CV27,ar,0,2.736,2.736,0.5985246179625392,0.041769408620893955,True,872952832,924844032,3,0,10,0,IR-COST-P0_attempt0,0,0,0,0
2,0,100,0,Global,CV27,ar,0,2.736,2.736,0.6717975940555334,0.018192466348409653,True,872952832,924844032,3,0,10,0,IR-COST-P0_attempt0,0,0,0,0
2,0,100,0,Text,CV27,ar,0,2.736,2.736,0.6362246396020055,0.24522371962666512,True,2206979584,2241855488,3,2,11,15,IR-COST-P0_attempt0,0,0,0,0
2,0,100,0,Text+Global,CV27,ar,0,2.736,2.736,0.6928933439776301,0.04354643262922764,True,2206979584,2241855488,3,2,11,15,IR-COST-P0_attempt0,0,0,0,0
2,0,100,1,Conf,CV27,ar,0,2.736,2.736,0.6029020976275206,0.99585335329175,True,872952832,924844032,3,0,10,0,IR-COST-P0_attempt0,0,0,0,0
2,0,100,1,Global,CV27,ar,0,2.736,2.736,0.6814800016582012,0.018756601959466934,True,872952832,924844032,3,0,10,0,IR-COST-P0_attempt0,0,0,0,0
2,0,100,1,Text,CV27,ar,0,2.736,2.736,0.6348778223618865,0.3250389266759157,True,2206979584,2241855488,3,2,11,15,IR-COST-P0_attempt0,0,0,0,0
2,0,100,1,Text+Global,CV27,ar,0,2.736,2.736,0.698884692043066,0.018596787936985493,True,2206979584,2241855488,3,2,11,15,IR-COST-P0_attempt0,0,0,0,0
2,0,100,1,B5,CV27,ar,0,2.736,2.736,0.3230361342430115,0.9875954836606979,True,873433600,926941184,1,0,10,0,IR-COST-P0_attempt0,0,0,0,0
2,0,100,2,Global,CV27,ar,0,2.736,2.736,0.6726933941245079,0.018028054386377335,True,872952832,924844032,3,0,10,0,IR-COST-P0_attempt0,0,0,0,0
2,0,100,2,Text,CV27,ar,0,2.736,2.736,0.6252353973686695,0.2551386309787631,True,2206979584,2241855488,3,2,11,15,IR-COST-P0_attempt0,0,0,0,0
2,0,100,2,Text+Global,CV27,ar,0,2.736,2.736,0.6979699619114399,0.017412017099559307,True,2206979584,2241855488,3,2,11,15,IR-COST-P0_attempt0,0,0,0,0
2,0,100,2,B5,CV27,ar,0,2.736,2.736,0.3134449766948819,0.9868140686303377,True,873433600,926941184,1,0,10,0,IR-COST-P0_attempt0,0,0,0,0
2,0,100,2,Conf,CV27,ar,0,2.736,2.736,0.5990687599405646,0.018314078450202942,True,872952832,924844032,3,0,10,0,IR-COST-P0_attempt0,0,0,0,0
2,0,102,0,Global,CV27,ar,0,2.952,2.952,0.5624568937346339,0.018029167316854,True,872952832,924844032,4,0,7,0,IR-COST-P0_attempt0,0,0,0,0
2,0,102,0,Text,CV27,ar,0,2.952,2.952,0.5077029252424836,0.254120041616261,True,2206979584,2241855488,4,0,7,19,IR-COST-P0_attempt0,0,0,0,0
2,0,102,0,Text+Global,CV27,ar,0,2.952,2.952,0.604058968834579,0.017645553685724735,True,2206979584,2241855488,4,0,7,19,IR-COST-P0_attempt0,0,0,0,0
2,0,102,0,B5,CV27,ar,0,2.952,2.952,0.21844318509101868,0.9984340537339449,True,873433600,924844032,1,0,7,0,IR-COST-P0_attempt0,0,0,0,0
2,0,102,0,Conf,CV27,ar,0,2.952,2.952,0.4696277854964137,0.018076596781611443,True,872952832,924844032,4,0,7,0,IR-COST-P0_attempt0,0,0,0,0
2,0,102,1,Text,CV27,ar,0,2.952,2.952,0.516491886228323,0.25431612506508827,True,2206979584,2241855488,4,0,7,19,IR-COST-P0_attempt0,0,0,0,0
2,0,102,1,Text+Global,CV27,ar,0,2.952,2.952,0.6109362775459886,0.017337298952043056,True,2206979584,2241855488,4,0,7,19,IR-COST-P0_attempt0,0,0,0,0
2,0,102,1,B5,CV27,ar,0,2.952,2.952,0.21700368262827396,0.9969957340508699,True,873433600,924844032,1,0,7,0,IR-COST-P0_attempt0,0,0,0,0
2,0,102,1,Conf,CV27,ar,0,2.952,2.952,0.4681842001155019,0.018304905854165554,True,872952832,924844032,4,0,7,0,IR-COST-P0_attempt0,0,0,0,0
2,0,102,1,Global,CV27,ar,0,2.952,2.952,0.5626390567049384,0.018450391478836536,True,872952832,924844032,4,0,7,0,IR-COST-P0_attempt0,0,0,0,0
2,0,102,2,Text+Global,CV27,ar,0,2.952,2.952,0.6221553506329656,0.2641132269054651,True,2206979584,2241855488,4,0,7,19,IR-COST-P0_attempt0,0,0,0,0
2,0,102,2,B5,CV27,ar,0,2.952,2.952,0.2165890522301197,0.9770831102505326,True,873433600,924844032,1,0,7,0,IR-COST-P0_attempt0,0,0,0,0
2,0,102,2,Conf,CV27,ar,0,2.952,2.952,0.5021778978407383,0.017954429611563683,True,872952832,924844032,4,0,7,0,IR-COST-P0_attempt0,0,0,0,0
2,0,102,2,Global,CV27,ar,0,2.952,2.952,0.5639311987906694,0.019124623388051987,True,872952832,924844032,4,0,7,0,IR-COST-P0_attempt0,0,0,0,0
2,0,102,2,Text,CV27,ar,0,2.952,2.952,0.5277955960482359,0.23866968136280775,True,2206979584,2241855488,4,0,7,19,IR-COST-P0_attempt0,0,0,0,0
2,0,104,0,Text+Global,CV27,ar,1,3.672,3.672,0.8602287722751498,0.033604759722948074,True,2206979584,2241855488,5,1,12,46,IR-COST-P0_attempt0,0,0,0,0
2,0,104,0,B5,CV27,ar,1,3.672,3.672,0.3357857121154666,0.9889089604839683,True,873433600,926941184,1,0,13,0,IR-COST-P0_attempt0,0,0,0,0
2,0,104,0,Conf,CV27,ar,1,3.672,3.672,0.6920717358589172,0.01800796203315258,True,872952832,924844032,5,3,12,0,IR-COST-P0_attempt0,0,0,0,0
2,0,104,0,Global,CV27,ar,1,3.672,3.672,0.8201875565573573,0.0182475782930851,True,872952832,924844032,5,3,12,0,IR-COST-P0_attempt0,0,0,0,0
2,0,104,0,Text,CV27,ar,1,3.672,3.672,0.7483132742345333,0.26524541806429625,True,2206979584,2241855488,5,0,13,46,IR-COST-P0_attempt0,0,0,0,0
2,0,104,1,B5,CV27,ar,1,3.672,3.672,0.3515508435666561,0.9853404359892011,True,873433600,926941184,1,0,13,0,IR-COST-P0_attempt0,0,0,0,0
2,0,104,1,Conf,CV27,ar,1,3.672,3.672,0.6964237280189991,0.018086103722453117,True,872952832,924844032,5,3,12,0,IR-COST-P0_attempt0,0,0,0,0
2,0,104,1,Global,CV27,ar,1,3.672,3.672,0.8235965268686414,0.01824354287236929,True,872952832,924844032,5,3,12,0,IR-COST-P0_attempt0,0,0,0,0
2,0,104,1,Text,CV27,ar,1,3.672,3.672,0.7714981334283948,0.26851179357618093,True,2206979584,2241855488,5,0,13,46,IR-COST-P0_attempt0,0,0,0,0
2,0,104,1,Text+Global,CV27,ar,1,3.672,3.672,0.8615037323907018,0.024351571686565876,True,2206979584,2241855488,5,1,12,46,IR-COST-P0_attempt0,0,0,0,0
2,0,104,2,Conf,CV27,ar,1,3.672,3.672,0.7059864988550544,0.980761774815619,True,872952832,924844032,5,3,12,0,IR-COST-P0_attempt0,0,0,0,0
2,0,104,2,Global,CV27,ar,1,3.672,3.672,0.8133766865357757,0.01817082241177559,True,872952832,924844032,5,3,12,0,IR-COST-P0_attempt0,0,0,0,0
2,0,104,2,Text,CV27,ar,1,3.672,3.672,0.7527095610275865,0.25391966942697763,True,2206979584,2241855488,5,0,13,46,IR-COST-P0_attempt0,0,0,0,0
2,0,104,2,Text+Global,CV27,ar,1,3.672,3.672,0.8622944373637438,0.017444347962737083,True,2206979584,2241855488,5,1,12,46,IR-COST-P0_attempt0,0,0,0,0
2,0,104,2,B5,CV27,ar,1,3.672,3.672,0.3386611072346568,0.9915742231532931,True,873433600,926941184,1,0,13,0,IR-COST-P0_attempt0,0,0,0,0
2,0,106,0,Conf,CV27,ar,1,3.744,3.744,0.7531304256990552,0.018678237684071064,True,872952832,924844032,6,1,13,0,IR-COST-P0_attempt0,0,0,0,0
2,0,106,0,Global,CV27,ar,1,3.744,3.744,0.9245926328003407,0.018008259125053883,True,872952832,924844032,6,1,13,0,IR-COST-P0_attempt0,0,0,0,0
2,0,106,0,Text,CV27,ar,1,3.744,3.744,0.8233973169699311,0.3333054091781378,True,2206979584,2241855488,6,1,13,53,IR-COST-P0_attempt0,0,0,0,0
2,0,106,0,Text+Global,CV27,ar,1,3.744,3.744,0.9435386108234525,0.031469724141061306,True,2206979584,2241855488,6,1,13,53,IR-COST-P0_attempt0,0,0,0,0
2,0,106,0,B5,CV27,ar,1,3.744,3.744,0.37104764860123396,0.9841947900131345,True,873433600,926941184,1,0,14,0,IR-COST-P0_attempt0,0,0,0,0
2,0,106,1,Global,CV27,ar,1,3.744,3.744,0.8959219921380281,0.0182096092030406,True,872952832,924844032,6,1,13,0,IR-COST-P0_attempt0,0,0,0,0
2,0,106,1,Text,CV27,ar,1,3.744,3.744,0.8106907559558749,0.3302248874679208,True,2206979584,2241855488,6,1,13,53,IR-COST-P0_attempt0,0,0,0,0
2,0,106,1,Text+Global,CV27,ar,1,3.744,3.744,0.9553215000778437,0.018090249970555305,True,2206979584,2241855488,6,1,13,53,IR-COST-P0_attempt0,0,0,0,0
2,0,106,1,B5,CV27,ar,1,3.744,3.744,0.3544441759586334,0.9857800044119358,True,873433600,926941184,1,0,14,0,IR-COST-P0_attempt0,0,0,0,0
2,0,106,1,Conf,CV27,ar,1,3.744,3.744,0.7615085290744901,0.018053452484309673,True,872952832,924844032,6,1,13,0,IR-COST-P0_attempt0,0,0,0,0
2,0,106,2,Text,CV27,ar,1,3.744,3.744,0.806473171338439,0.2635062402114272,True,2206979584,2241855488,6,1,13,53,IR-COST-P0_attempt0,0,0,0,0
2,0,106,2,Text+Global,CV27,ar,1,3.744,3.744,0.9465047772973776,0.017413023859262466,True,2206979584,2241855488,6,1,13,53,IR-COST-P0_attempt0,0,0,0,0
2,0,106,2,B5,CV27,ar,1,3.744,3.744,0.38951623998582363,0.9821842815726995,True,873433600,926941184,1,0,14,0,IR-COST-P0_attempt0,0,0,0,0
2,0,106,2,Conf,CV27,ar,1,3.744,3.744,0.7508700834587216,0.01870133727788925,True,872952832,924844032,6,1,13,0,IR-COST-P0_attempt0,0,0,0,0
2,0,106,2,Global,CV27,ar,1,3.744,3.744,0.9101281743496656,0.018139531835913658,True,872952832,924844032,6,1,13,0,IR-COST-P0_attempt0,0,0,0,0
2,0,108,0,Text,CV27,ar,2,4.212,4.212,0.8659800672903657,0.26139145623892546,True,2206979584,2243952640,5,0,14,58,IR-COST-P0_attempt0,0,0,0,0
2,0,108,0,Text+Global,CV27,ar,2,4.212,4.212,0.9703436559066176,0.01868405006825924,True,2206979584,2243952640,5,0,14,58,IR-COST-P0_attempt0,0,0,0,0
2,0,108,0,B5,CV27,ar,2,4.212,4.212,0.4166371338069439,0.9907218795269728,True,873433600,926941184,1,0,14,0,IR-COST-P0_attempt0,0,0,0,0
2,0,108,0,Conf,CV27,ar,2,4.212,4.212,0.8052962236106396,0.02001561876386404,True,872952832,926941184,5,0,14,0,IR-COST-P0_attempt0,0,0,0,0
2,0,108,0,Global,CV27,ar,2,4.212,4.212,0.9200689755380154,0.02365343924611807,True,872952832,926941184,5,0,14,0,IR-COST-P0_attempt0,0,0,0,0
2,0,108,1,Text+Global,CV27,ar,2,4.212,4.212,0.9762808764353395,0.25674502830952406,True,2206979584,2243952640,5,0,14,58,IR-COST-P0_attempt0,0,0,0,0
2,0,108,1,B5,CV27,ar,2,4.212,4.212,0.4151467178016901,0.9990832190960646,True,873433600,926941184,1,0,14,0,IR-COST-P0_attempt0,0,0,0,0
2,0,108,1,Conf,CV27,ar,2,4.212,4.212,0.8117950540035963,0.018293393775820732,True,872952832,926941184,5,0,14,0,IR-COST-P0_attempt0,0,0,0,0
2,0,108,1,Global,CV27,ar,2,4.212,4.212,0.9226257670670748,0.018144825473427773,True,872952832,926941184,5,0,14,0,IR-COST-P0_attempt0,0,0,0,0
2,0,108,1,Text,CV27,ar,2,4.212,4.212,0.8770409384742379,0.2677202569320798,True,2206979584,2243952640,5,0,14,58,IR-COST-P0_attempt0,0,0,0,0
2,0,108,2,B5,CV27,ar,2,4.212,4.212,0.4133657831698656,0.9843584205955267,True,873433600,926941184,1,0,14,0,IR-COST-P0_attempt0,0,0,0,0
2,0,108,2,Conf,CV27,ar,2,4.212,4.212,0.8036835016682744,0.01821809820830822,True,872952832,926941184,5,0,14,0,IR-COST-P0_attempt0,0,0,0,0
2,0,108,2,Global,CV27,ar,2,4.212,4.212,0.9287817571312189,0.018126418814063072,True,872952832,926941184,5,0,14,0,IR-COST-P0_attempt0,0,0,0,0
2,0,108,2,Text,CV27,ar,2,4.212,4.212,0.8574226452037692,0.2437530281022191,True,2206979584,2243952640,5,0,14,58,IR-COST-P0_attempt0,0,0,0,0
2,0,108,2,Text+Global,CV27,ar,2,4.212,4.212,0.972261113114655,0.017841204069554806,True,2206979584,2243952640,5,0,14,58,IR-COST-P0_attempt0,0,0,0,0
2,0,110,0,B5,CV27,ar,2,3.96,3.96,0.48753374349325895,0.9608237100765109,True,873433600,926941184,1,0,20,0,IR-COST-P0_attempt0,0,0,0,0
2,0,110,0,Conf,CV27,ar,2,3.96,3.96,0.9674703786149621,0.02774274256080389,True,872952832,926941184,5,0,20,0,IR-COST-P0_attempt0,0,0,0,0
2,0,110,0,Global,CV27,ar,2,3.96,3.96,1.098075826652348,0.043393357656896114,True,872952832,926941184,5,0,20,0,IR-COST-P0_attempt0,0,0,0,0
2,0,110,0,Text,CV27,ar,2,3.96,3.96,1.0304854484274983,0.24768768064677715,True,2206979584,2243952640,5,0,20,65,IR-COST-P0_attempt0,0,0,0,0
2,0,110,0,Text+Global,CV27,ar,2,3.96,3.96,1.1291414443403482,0.019266527146100998,True,2206979584,2243952640,5,0,20,65,IR-COST-P0_attempt0,0,0,0,0
2,0,110,1,Conf,CV27,ar,2,3.96,3.96,0.9874526606872678,0.7856486532837152,True,872952832,926941184,5,0,20,0,IR-COST-P0_attempt0,0,0,0,0
2,0,110,1,Global,CV27,ar,2,3.96,3.96,1.1089923446998,0.018107427284121513,True,872952832,926941184,5,0,20,0,IR-COST-P0_attempt0,0,0,0,0
2,0,110,1,Text,CV27,ar,2,3.96,3.96,1.029094503261149,0.24069686979055405,True,2206979584,2243952640,5,0,20,65,IR-COST-P0_attempt0,0,0,0,0
2,0,110,1,Text+Global,CV27,ar,2,3.96,3.96,1.1900644106790423,0.01755903009325266,True,2206979584,2243952640,5,0,20,65,IR-COST-P0_attempt0,0,0,0,0
2,0,110,1,B5,CV27,ar,2,3.96,3.96,0.47423232067376375,0.7812388595193624,True,873433600,926941184,1,0,20,0,IR-COST-P0_attempt0,0,0,0,0
2,0,110,2,Global,CV27,ar,2,3.96,3.96,1.160237810574472,0.14025210496038198,True,872952832,926941184,5,0,20,0,IR-COST-P0_attempt0,0,0,0,0
2,0,110,2,Text,CV27,ar,2,3.96,3.96,1.0376925710588694,0.24777266010642052,True,2206979584,2243952640,5,0,20,65,IR-COST-P0_attempt0,0,0,0,0
2,0,110,2,Text+Global,CV27,ar,2,3.96,3.96,1.1378002408891916,0.017714258283376694,True,2206979584,2243952640,5,0,20,65,IR-COST-P0_attempt0,0,0,0,0
2,0,110,2,B5,CV27,ar,2,3.96,3.96,0.4802223276346922,0.964612452313304,True,873433600,926941184,1,0,20,0,IR-COST-P0_attempt0,0,0,0,0
2,0,110,2,Conf,CV27,ar,2,3.96,3.96,0.9823838425800204,0.03178706485778093,True,872952832,926941184,5,0,20,0,IR-COST-P0_attempt0,0,0,0,0
2,0,112,0,Global,CV27,ar,3,4.608,4.608,0.8382442612200975,0.018238145858049393,True,872952832,926941184,3,0,15,0,IR-COST-P0_attempt0,0,0,0,0
2,0,112,0,Text,CV27,ar,3,4.608,4.608,0.7967903511598706,0.2619548598304391,True,2206979584,2243952640,3,1,14,30,IR-COST-P0_attempt0,0,0,0,0
2,0,112,0,Text+Global,CV27,ar,3,4.608,4.608,0.8750050170347095,0.03301018010824919,True,2206979584,2243952640,3,1,14,30,IR-COST-P0_attempt0,0,0,0,0
2,0,112,0,B5,CV27,ar,3,4.608,4.608,0.39561028871685266,0.9467480285093188,True,873433600,926941184,1,0,15,0,IR-COST-P0_attempt0,0,0,0,0
2,0,112,0,Conf,CV27,ar,3,4.608,4.608,0.7690570848062634,0.021243617869913578,True,872952832,926941184,3,0,15,0,IR-COST-P0_attempt0,0,0,0,0
2,0,112,1,Text,CV27,ar,3,4.608,4.608,0.7952891364693642,0.23820116557180882,True,2206979584,2243952640,3,1,14,30,IR-COST-P0_attempt0,0,0,0,0
2,0,112,1,Text+Global,CV27,ar,3,4.608,4.608,0.8681642943993211,0.01759551279246807,True,2206979584,2243952640,3,1,14,30,IR-COST-P0_attempt0,0,0,0,0
2,0,112,1,B5,CV27,ar,3,4.608,4.608,0.4130579009652138,0.9507017526775599,True,873433600,926941184,1,0,15,0,IR-COST-P0_attempt0,0,0,0,0
2,0,112,1,Conf,CV27,ar,3,4.608,4.608,0.7644766569137573,0.01805531233549118,True,872952832,926941184,3,0,15,0,IR-COST-P0_attempt0,0,0,0,0
2,0,112,1,Global,CV27,ar,3,4.608,4.608,0.8400293625891209,0.018166744150221348,True,872952832,926941184,3,0,15,0,IR-COST-P0_attempt0,0,0,0,0
2,0,112,2,Text+Global,CV27,ar,3,4.608,4.608,0.8706530639901757,0.2398256417363882,True,2206979584,2243952640,3,1,14,30,IR-COST-P0_attempt0,0,0,0,0
2,0,112,2,B5,CV27,ar,3,4.608,4.608,0.39538133423775434,0.9494721479713917,True,873433600,926941184,1,0,15,0,IR-COST-P0_attempt0,0,0,0,0
2,0,112,2,Conf,CV27,ar,3,4.608,4.608,0.762562564574182,0.019300921820104122,True,872952832,926941184,3,0,15,0,IR-COST-P0_attempt0,0,0,0,0
2,0,112,2,Global,CV27,ar,3,4.608,4.608,0.8391214404255152,0.017996485345065594,True,872952832,926941184,3,0,15,0,IR-COST-P0_attempt0,0,0,0,0
2,0,112,2,Text,CV27,ar,3,4.608,4.608,0.8107095407322049,0.24826037511229515,True,2206979584,2243952640,3,1,14,30,IR-COST-P0_attempt0,0,0,0,0
2,0,114,0,Text+Global,CV27,ar,3,4.5,4.5,1.0019664177671075,0.017704122699797153,True,2206979584,2243952640,5,1,15,47,IR-COST-P0_attempt0,0,0,0,0
2,0,114,0,B5,CV27,ar,3,4.5,4.5,0.41386342141777277,0.9739767564460635,True,873433600,926941184,1,0,16,0,IR-COST-P0_attempt0,0,0,0,0
2,0,114,0,Conf,CV27,ar,3,4.5,4.5,0.8245894070714712,0.018183776177465916,True,872952832,926941184,5,0,16,0,IR-COST-P0_attempt0,0,0,0,0
2,0,114,0,Global,CV27,ar,3,4.5,4.5,0.9424212370067835,0.01822772528976202,True,872952832,926941184,5,0,16,0,IR-COST-P0_attempt0,0,0,0,0
2,0,114,0,Text,CV27,ar,3,4.5,4.5,0.886950814165175,0.2439470048993826,True,2206979584,2243952640,5,1,15,47,IR-COST-P0_attempt0,0,0,0,0
2,0,114,1,B5,CV27,ar,3,4.5,4.5,0.43459137342870235,0.999279947951436,True,873433600,926941184,1,0,16,0,IR-COST-P0_attempt0,0,0,0,0
2,0,114,1,Conf,CV27,ar,3,4.5,4.5,0.8273523403331637,0.018226726911962032,True,872952832,926941184,5,0,16,0,IR-COST-P0_attempt0,0,0,0,0
2,0,114,1,Global,CV27,ar,3,4.5,4.5,0.9445856558158994,0.018439789302647114,True,872952832,926941184,5,0,16,0,IR-COST-P0_attempt0,0,0,0,0
2,0,114,1,Text,CV27,ar,3,4.5,4.5,0.882335601374507,0.2626450750976801,True,2206979584,2243952640,5,1,15,47,IR-COST-P0_attempt0,0,0,0,0
2,0,114,1,Text+Global,CV27,ar,3,4.5,4.5,0.9966877428814769,0.017652499489486217,True,2206979584,2243952640,5,1,15,47,IR-COST-P0_attempt0,0,0,0,0
2,0,114,2,Conf,CV27,ar,3,4.5,4.5,0.8385187638923526,0.9799810145050287,True,872952832,926941184,5,0,16,0,IR-COST-P0_attempt0,0,0,0,0
2,0,114,2,Global,CV27,ar,3,4.5,4.5,0.9464843310415745,0.041062637232244015,True,872952832,926941184,5,0,16,0,IR-COST-P0_attempt0,0,0,0,0
2,0,114,2,Text,CV27,ar,3,4.5,4.5,0.8817381067201495,0.24753841757774353,True,2206979584,2243952640,5,1,15,47,IR-COST-P0_attempt0,0,0,0,0
2,0,114,2,Text+Global,CV27,ar,3,4.5,4.5,0.9927343474701047,0.01781662367284298,True,2206979584,2243952640,5,1,15,47,IR-COST-P0_attempt0,0,0,0,0
2,0,114,2,B5,CV27,ar,3,4.5,4.5,0.41385415848344564,0.9945503082126379,True,873433600,926941184,1,0,16,0,IR-COST-P0_attempt0,0,0,0,0
2,0,116,0,Conf,CV27,ar,4,6.156,6.156,0.6783118918538094,0.018093669787049294,True,872952832,924844032,5,1,12,0,IR-COST-P0_attempt0,0,0,0,0
2,0,116,0,Global,CV27,ar,4,6.156,6.156,0.7892654230818152,0.01797664538025856,True,872952832,924844032,5,1,12,0,IR-COST-P0_attempt0,0,0,0,0
2,0,116,0,Text,CV27,ar,4,6.156,6.156,0.731224917806685,0.26523679960519075,True,2206979584,2241855488,5,2,12,42,IR-COST-P0_attempt0,0,0,0,0
2,0,116,0,Text+Global,CV27,ar,4,6.156,6.156,0.8352291407063603,0.01773006748408079,True,2206979584,2241855488,5,2,12,42,IR-COST-P0_attempt0,0,0,0,0
2,0,116,0,B5,CV27,ar,4,6.156,6.156,0.33205487951636314,0.9756895517930388,True,873433600,926941184,1,0,12,0,IR-COST-P0_attempt0,0,0,0,0
2,0,116,1,Global,CV27,ar,4,6.156,6.156,0.7911837613210082,0.01805828232318163,True,872952832,924844032,5,1,12,0,IR-COST-P0_attempt0,0,0,0,0
2,0,116,1,Text,CV27,ar,4,6.156,6.156,0.7238105162978172,0.2383549902588129,True,2206979584,2241855488,5,2,12,42,IR-COST-P0_attempt0,0,0,0,0
2,0,116,1,Text+Global,CV27,ar,4,6.156,6.156,0.8355421312153339,0.017281025648117065,True,2206979584,2241855488,5,2,12,42,IR-COST-P0_attempt0,0,0,0,0
2,0,116,1,B5,CV27,ar,4,6.156,6.156,0.31782752461731434,0.9800459332764149,True,873433600,926941184,1,0,12,0,IR-COST-P0_attempt0,0,0,0,0
2,0,116,1,Conf,CV27,ar,4,6.156,6.156,0.6751638576388359,0.018202300183475018,True,872952832,924844032,5,1,12,0,IR-COST-P0_attempt0,0,0,0,0
2,0,116,2,Text,CV27,ar,4,6.156,6.156,0.7405455019325018,0.24369975551962852,True,2206979584,2241855488,5,2,12,42,IR-COST-P0_attempt0,0,0,0,0
2,0,116,2,Text+Global,CV27,ar,4,6.156,6.156,0.8414042601361871,0.017537984065711498,True,2206979584,2241855488,5,2,12,42,IR-COST-P0_attempt0,0,0,0,0
2,0,116,2,B5,CV27,ar,4,6.156,6.156,0.33284184988588095,0.9865353712812066,True,873433600,926941184,1,0,12,0,IR-COST-P0_attempt0,0,0,0,0
2,0,116,2,Conf,CV27,ar,4,6.156,6.156,0.6824470348656178,0.018109955824911594,True,872952832,924844032,5,1,12,0,IR-COST-P0_attempt0,0,0,0,0
2,0,116,2,Global,CV27,ar,4,6.156,6.156,0.7981454906985164,0.01803895365446806,True,872952832,924844032,5,1,12,0,IR-COST-P0_attempt0,0,0,0,0
2,0,118,0,Text,CV27,ar,4,5.22,5.22,0.8157417038455606,0.2641471354290843,True,2206979584,2243952640,5,1,15,50,IR-COST-P0_attempt0,0,0,0,0
2,0,118,0,Text+Global,CV27,ar,4,5.22,5.22,0.9326413804665208,0.042147072963416576,True,2206979584,2243952640,5,1,15,50,IR-COST-P0_attempt0,0,0,0,0
2,0,118,0,B5,CV27,ar,4,5.22,5.22,0.3906344212591648,0.9810019116848707,True,873433600,926941184,1,0,14,0,IR-COST-P0_attempt0,0,0,0,0
2,0,118,0,Conf,CV27,ar,4,5.22,5.22,0.7660630717873573,0.018242621794342995,True,872952832,926941184,5,1,15,0,IR-COST-P0_attempt0,0,0,0,0
2,0,118,0,Global,CV27,ar,4,5.22,5.22,0.8826290499418974,0.0182872349396348,True,872952832,926941184,5,1,15,0,IR-COST-P0_attempt0,0,0,0,0
2,0,118,1,Text+Global,CV27,ar,4,5.22,5.22,0.9346181023865938,0.2397741237655282,True,2206979584,2243952640,5,1,15,50,IR-COST-P0_attempt0,0,0,0,0
2,0,118,1,B5,CV27,ar,4,5.22,5.22,0.3769490784034133,0.9693588539958,True,873433600,926941184,1,0,14,0,IR-COST-P0_attempt0,0,0,0,0
2,0,118,1,Conf,CV27,ar,4,5.22,5.22,0.7730680387467146,0.018399049527943134,True,872952832,926941184,5,1,15,0,IR-COST-P0_attempt0,0,0,0,0
2,0,118,1,Global,CV27,ar,4,5.22,5.22,0.9018610212951899,0.01830088347196579,True,872952832,926941184,5,1,15,0,IR-COST-P0_attempt0,0,0,0,0
2,0,118,1,Text,CV27,ar,4,5.22,5.22,0.8237539818510413,0.2411827351897955,True,2206979584,2243952640,5,1,15,50,IR-COST-P0_attempt0,0,0,0,0
2,0,118,2,B5,CV27,ar,4,5.22,5.22,0.3807537043467164,0.9856638312339783,True,873433600,926941184,1,0,14,0,IR-COST-P0_attempt0,0,0,0,0
2,0,118,2,Conf,CV27,ar,4,5.22,5.22,0.7920431457459927,0.018123905174434185,True,872952832,926941184,5,1,15,0,IR-COST-P0_attempt0,0,0,0,0
2,0,118,2,Global,CV27,ar,4,5.22,5.22,0.8958596894517541,0.018162112683057785,True,872952832,926941184,5,1,15,0,IR-COST-P0_attempt0,0,0,0,0
2,0,118,2,Text,CV27,ar,4,5.22,5.22,0.8432517815381289,0.2536067785695195,True,2206979584,2243952640,5,1,15,50,IR-COST-P0_attempt0,0,0,0,0
2,0,118,2,Text+Global,CV27,ar,4,5.22,5.22,0.9408520832657814,0.01765757706016302,True,2206979584,2243952640,5,1,15,50,IR-COST-P0_attempt0,0,0,0,0
2,0,120,0,B5,CV27,fa,0,2.88,2.88,0.21510356850922108,0.999029316008091,True,873433600,924844032,1,0,6,0,IR-COST-P0_attempt0,0,0,0,0
2,0,120,0,Conf,CV27,fa,0,2.88,2.88,0.46965155750513077,0.018421838991343975,True,872952832,924844032,5,0,6,0,IR-COST-P0_attempt0,0,0,0,0
2,0,120,0,Global,CV27,fa,0,2.88,2.88,0.5874300310388207,0.017983517609536648,True,872952832,924844032,5,0,6,0,IR-COST-P0_attempt0,0,0,0,0
2,0,120,0,Text,CV27,fa,0,2.88,2.88,0.5194920739158988,0.25230893678963184,True,2206979584,2241855488,5,0,6,14,IR-COST-P0_attempt0,0,0,0,0
2,0,120,0,Text+Global,CV27,fa,0,2.88,2.88,0.6391099318861961,0.03628940973430872,True,2206979584,2241855488,5,0,6,14,IR-COST-P0_attempt0,0,0,0,0
2,0,120,1,Conf,CV27,fa,0,2.88,2.88,0.47203713189810514,0.9809365812689066,True,872952832,924844032,5,0,6,0,IR-COST-P0_attempt0,0,0,0,0
2,0,120,1,Global,CV27,fa,0,2.88,2.88,0.5828269133344293,0.018595821224153042,True,872952832,924844032,5,0,6,0,IR-COST-P0_attempt0,0,0,0,0
2,0,120,1,Text,CV27,fa,0,2.88,2.88,0.5144769102334976,0.24387840647250414,True,2206979584,2241855488,5,0,6,14,IR-COST-P0_attempt0,0,0,0,0
2,0,120,1,Text+Global,CV27,fa,0,2.88,2.88,0.6258876482024789,0.01742512360215187,True,2206979584,2241855488,5,0,6,14,IR-COST-P0_attempt0,0,0,0,0
2,0,120,1,B5,CV27,fa,0,2.88,2.88,0.21338032744824886,0.9732952220365405,True,873433600,924844032,1,0,6,0,IR-COST-P0_attempt0,0,0,0,0
2,0,120,2,Global,CV27,fa,0,2.88,2.88,0.5847034147009254,0.01908799260854721,True,872952832,924844032,5,0,6,0,IR-COST-P0_attempt0,0,0,0,0
2,0,120,2,Text,CV27,fa,0,2.88,2.88,0.5226454939693213,0.24514202866703272,True,2206979584,2241855488,5,0,6,14,IR-COST-P0_attempt0,0,0,0,0
2,0,120,2,Text+Global,CV27,fa,0,2.88,2.88,0.6252800924703479,0.017476645298302174,True,2206979584,2241855488,5,0,6,14,IR-COST-P0_attempt0,0,0,0,0
2,0,120,2,B5,CV27,fa,0,2.88,2.88,0.21686379052698612,0.996951412409544,True,873433600,924844032,1,0,6,0,IR-COST-P0_attempt0,0,0,0,0
2,0,120,2,Conf,CV27,fa,0,2.88,2.88,0.4736357256770134,0.018882415257394314,True,872952832,924844032,5,0,6,0,IR-COST-P0_attempt0,0,0,0,0
2,0,122,0,Global,CV27,fa,0,2.736,2.736,0.8430805439129472,0.0195489339530468,True,872952832,924844032,5,0,13,0,IR-COST-P0_attempt0,0,0,0,0
2,0,122,0,Text,CV27,fa,0,2.736,2.736,0.7769732140004635,0.27014904376119375,True,2206979584,2241855488,5,0,13,32,IR-COST-P0_attempt0,0,0,0,0
2,0,122,0,Text+Global,CV27,fa,0,2.736,2.736,0.8975604074075818,0.01790909841656685,True,2206979584,2241855488,5,0,13,32,IR-COST-P0_attempt0,0,0,0,0
2,0,122,0,B5,CV27,fa,0,2.736,2.736,0.3572625098749995,0.9803287135437131,True,873433600,926941184,1,0,13,0,IR-COST-P0_attempt0,0,0,0,0
2,0,122,0,Conf,CV27,fa,0,2.736,2.736,0.7299442449584603,0.01877877116203308,True,872952832,924844032,5,0,13,0,IR-COST-P0_attempt0,0,0,0,0
2,0,122,1,Text,CV27,fa,0,2.736,2.736,0.7865714402869344,0.24313498754054308,True,2206979584,2241855488,5,0,13,32,IR-COST-P0_attempt0,0,0,0,0
2,0,122,1,Text+Global,CV27,fa,0,2.736,2.736,0.9270769637078047,0.01775233168154955,True,2206979584,2241855488,5,0,13,32,IR-COST-P0_attempt0,0,0,0,0
2,0,122,1,B5,CV27,fa,0,2.736,2.736,0.3863560641184449,0.9843426328152418,True,873433600,926941184,1,0,13,0,IR-COST-P0_attempt0,0,0,0,0
2,0,122,1,Conf,CV27,fa,0,2.736,2.736,0.7271540882065892,0.01865372806787491,True,872952832,924844032,5,0,13,0,IR-COST-P0_attempt0,0,0,0,0
2,0,122,1,Global,CV27,fa,0,2.736,2.736,0.8385924091562629,0.017961755394935608,True,872952832,924844032,5,0,13,0,IR-COST-P0_attempt0,0,0,0,0
2,0,122,2,Text+Global,CV27,fa,0,2.736,2.736,0.901301421225071,0.23916948027908802,True,2206979584,2241855488,5,0,13,32,IR-COST-P0_attempt0,0,0,0,0
2,0,122,2,B5,CV27,fa,0,2.736,2.736,0.35084541141986847,0.9956743428483605,True,873433600,926941184,1,0,13,0,IR-COST-P0_attempt0,0,0,0,0
2,0,122,2,Conf,CV27,fa,0,2.736,2.736,0.7203673236072063,0.018144510686397552,True,872952832,924844032,5,0,13,0,IR-COST-P0_attempt0,0,0,0,0
2,0,122,2,Global,CV27,fa,0,2.736,2.736,0.8407242968678474,0.01856907829642296,True,872952832,924844032,5,0,13,0,IR-COST-P0_attempt0,0,0,0,0
2,0,122,2,Text,CV27,fa,0,2.736,2.736,0.7773241521790624,0.2727497834712267,True,2206979584,2241855488,5,0,13,32,IR-COST-P0_attempt0,0,0,0,0
2,0,124,0,Text+Global,CV27,fa,1,3.984,3.984,0.7961569176986814,0.01744440197944641,True,2206979584,2241855488,3,1,13,18,IR-COST-P0_attempt0,0,0,0,0
2,0,124,0,B5,CV27,fa,1,3.984,3.984,0.3564058281481266,0.9889137782156467,True,873433600,926941184,1,0,14,0,IR-COST-P0_attempt0,0,0,0,0
2,0,124,0,Conf,CV27,fa,1,3.984,3.984,0.6920613721013069,0.01827949844300747,True,872952832,924844032,3,1,13,0,IR-COST-P0_attempt0,0,0,0,0
2,0,124,0,Global,CV27,fa,1,3.984,3.984,0.7809741133823991,0.01785182300955057,True,872952832,924844032,3,0,14,0,IR-COST-P0_attempt0,0,0,0,0
2,0,124,0,Text,CV27,fa,1,3.984,3.984,0.7373608183115721,0.2592719690874219,True,2206979584,2241855488,3,1,13,18,IR-COST-P0_attempt0,0,0,0,0
2,0,124,1,B5,CV27,fa,1,3.984,3.984,0.359204338863492,0.9673080621287227,True,873433600,926941184,1,0,14,0,IR-COST-P0_attempt0,0,0,0,0
2,0,124,1,Conf,CV27,fa,1,3.984,3.984,0.6961514465510845,0.018006838858127594,True,872952832,924844032,3,1,13,0,IR-COST-P0_attempt0,0,0,0,0
2,0,124,1,Global,CV27,fa,1,3.984,3.984,0.7694655433297157,0.0179552985355258,True,872952832,924844032,3,0,14,0,IR-COST-P0_attempt0,0,0,0,0
2,0,124,1,Text,CV27,fa,1,3.984,3.984,0.7620161566883326,0.23977013118565083,True,2206979584,2241855488,3,1,13,18,IR-COST-P0_attempt0,0,0,0,0
2,0,124,1,Text+Global,CV27,fa,1,3.984,3.984,0.7950767744332552,0.017565435729920864,True,2206979584,2241855488,3,1,13,18,IR-COST-P0_attempt0,0,0,0,0
2,0,124,2,Conf,CV27,fa,1,3.984,3.984,0.6995509173721075,0.9831694951280951,True,872952832,924844032,3,1,13,0,IR-COST-P0_attempt0,0,0,0,0
2,0,124,2,Global,CV27,fa,1,3.984,3.984,0.7694972334429622,0.03264373727142811,True,872952832,924844032,3,0,14,0,IR-COST-P0_attempt0,0,0,0,0
2,0,124,2,Text,CV27,fa,1,3.984,3.984,0.7231709603220224,0.24360124580562115,True,2206979584,2241855488,3,1,13,18,IR-COST-P0_attempt0,0,0,0,0
2,0,124,2,Text+Global,CV27,fa,1,3.984,3.984,0.8284857850521803,0.017922040075063705,True,2206979584,2241855488,3,1,13,18,IR-COST-P0_attempt0,0,0,0,0
2,0,124,2,B5,CV27,fa,1,3.984,3.984,0.36621351540088654,0.99640894215554,True,873433600,926941184,1,0,14,0,IR-COST-P0_attempt0,0,0,0,0
2,0,126,0,Conf,CV27,fa,1,3.696,3.696,0.8186943838372827,0.01823548786342144,True,872952832,926941184,5,0,15,0,IR-COST-P0_attempt0,0,0,0,0
2,0,126,0,Global,CV27,fa,1,3.696,3.696,0.9247285956516862,0.01859178300946951,True,872952832,926941184,5,0,15,0,IR-COST-P0_attempt0,0,0,0,0
2,0,126,0,Text,CV27,fa,1,3.696,3.696,0.8594498056918383,0.2558754747733474,True,2206979584,2243952640,5,0,15,41,IR-COST-P0_attempt0,0,0,0,0
2,0,126,0,Text+Global,CV27,fa,1,3.696,3.696,0.9744962966069579,0.03915178123861551,True,2206979584,2243952640,5,2,15,41,IR-COST-P0_attempt0,0,0,0,0
2,0,126,0,B5,CV27,fa,1,3.696,3.696,0.3997831726446748,0.9879272263497114,True,873433600,926941184,1,0,15,0,IR-COST-P0_attempt0,0,0,0,0
2,0,126,1,Global,CV27,fa,1,3.696,3.696,0.9306632187217474,0.018153549171984196,True,872952832,926941184,5,0,15,0,IR-COST-P0_attempt0,0,0,0,0
2,0,126,1,Text,CV27,fa,1,3.696,3.696,0.8653610358014703,0.2647339953109622,True,2206979584,2243952640,5,0,15,41,IR-COST-P0_attempt0,0,0,0,0
2,0,126,1,Text+Global,CV27,fa,1,3.696,3.696,0.9698974406346679,0.01942701544612646,True,2206979584,2243952640,5,2,15,41,IR-COST-P0_attempt0,0,0,0,0
2,0,126,1,B5,CV27,fa,1,3.696,3.696,0.39766627829521894,0.9856907250359654,True,873433600,926941184,1,0,15,0,IR-COST-P0_attempt0,0,0,0,0
2,0,126,1,Conf,CV27,fa,1,3.696,3.696,0.8053326513618231,0.01802950445562601,True,872952832,926941184,5,0,15,0,IR-COST-P0_attempt0,0,0,0,0
2,0,126,2,Text,CV27,fa,1,3.696,3.696,0.8554725758731365,0.24554996099323034,True,2206979584,2243952640,5,0,15,41,IR-COST-P0_attempt0,0,0,0,0
2,0,126,2,Text+Global,CV27,fa,1,3.696,3.696,0.9845088645815849,0.01748732477426529,True,2206979584,2243952640,5,2,15,41,IR-COST-P0_attempt0,0,0,0,0
2,0,126,2,B5,CV27,fa,1,3.696,3.696,0.40049631614238024,0.9860691232606769,True,873433600,926941184,1,0,15,0,IR-COST-P0_attempt0,0,0,0,0
2,0,126,2,Conf,CV27,fa,1,3.696,3.696,0.81699273083359,0.01826018188148737,True,872952832,926941184,5,0,15,0,IR-COST-P0_attempt0,0,0,0,0
2,0,126,2,Global,CV27,fa,1,3.696,3.696,0.9249453032389283,0.018175850622355938,True,872952832,926941184,5,0,15,0,IR-COST-P0_attempt0,0,0,0,0
2,0,128,0,Text,CV27,fa,2,4.716,4.716,1.2165458062663674,0.23979495372623205,True,2206979584,2246049792,4,0,25,61,IR-COST-P0_attempt0,0,0,0,0
2,0,128,0,Text+Global,CV27,fa,2,4.716,4.716,1.313197709619999,0.017565344460308552,True,2206979584,2246049792,4,0,25,61,IR-COST-P0_attempt0,0,0,0,0
2,0,128,0,B5,CV27,fa,2,4.716,4.716,0.5891927145421505,0.9952966095879674,True,873433600,929038336,1,0,25,0,IR-COST-P0_attempt0,0,0,0,0
2,0,128,0,Conf,CV27,fa,2,4.716,4.716,1.1663563316687942,0.018665295094251633,True,872952832,929038336,4,0,25,0,IR-COST-P0_attempt0,0,0,0,0
2,0,128,0,Global,CV27,fa,2,4.716,4.716,1.265164589509368,0.018414465710520744,True,872952832,929038336,4,0,25,0,IR-COST-P0_attempt0,0,0,0,0
2,0,128,1,Text+Global,CV27,fa,2,4.716,4.716,1.3087413907051086,0.2596287401393056,True,2206979584,2246049792,4,0,25,61,IR-COST-P0_attempt0,0,0,0,0
2,0,128,1,B5,CV27,fa,2,4.716,4.716,0.6042114617303014,0.9991539362818003,True,873433600,929038336,1,0,25,0,IR-COST-P0_attempt0,0,0,0,0
2,0,128,1,Conf,CV27,fa,2,4.716,4.716,1.1663484247401357,0.040864103473722935,True,872952832,929038336,4,0,25,0,IR-COST-P0_attempt0,0,0,0,0
2,0,128,1,Global,CV27,fa,2,4.716,4.716,1.2678807694464922,0.018469704315066338,True,872952832,929038336,4,0,25,0,IR-COST-P0_attempt0,0,0,0,0
2,0,128,1,Text,CV27,fa,2,4.716,4.716,1.2138949185609818,0.26203454937785864,True,2206979584,2246049792,4,0,25,61,IR-COST-P0_attempt0,0,0,0,0
2,0,128,2,B5,CV27,fa,2,4.716,4.716,0.5904182577505708,0.9946748577058315,True,873433600,929038336,1,0,25,0,IR-COST-P0_attempt0,0,0,0,0
2,0,128,2,Conf,CV27,fa,2,4.716,4.716,1.1711009908467531,0.01817512232810259,True,872952832,929038336,4,0,25,0,IR-COST-P0_attempt0,0,0,0,0
2,0,128,2,Global,CV27,fa,2,4.716,4.716,1.2706906395033002,0.01837532501667738,True,872952832,929038336,4,0,25,0,IR-COST-P0_attempt0,0,0,0,0
2,0,128,2,Text,CV27,fa,2,4.716,4.716,1.2084377044811845,0.25722235068678856,True,2206979584,2246049792,4,0,25,61,IR-COST-P0_attempt0,0,0,0,0
2,0,128,2,Text+Global,CV27,fa,2,4.716,4.716,1.3079268261790276,0.028745015151798725,True,2206979584,2246049792,4,0,25,61,IR-COST-P0_attempt0,0,0,0,0
2,0,130,0,B5,CV27,fa,2,4.944,4.944,0.6720696119591594,1.0167600149288774,True,873433600,929038336,1,0,29,0,IR-COST-P0_attempt0,0,0,0,0
2,0,130,0,Conf,CV27,fa,2,4.944,4.944,1.2975417152047157,0.01821859646588564,True,872952832,929038336,3,0,29,0,IR-COST-P0_attempt0,0,0,0,0
2,0,130,0,Global,CV27,fa,2,4.944,4.944,1.3781299507245421,0.018284162506461143,True,872952832,929038336,3,0,29,0,IR-COST-P0_attempt0,0,0,0,0
2,0,130,0,Text,CV27,fa,2,4.944,4.944,1.3368632327765226,0.25290295481681824,True,2206979584,2246049792,3,0,29,57,IR-COST-P0_attempt0,0,0,0,0
2,0,130,0,Text+Global,CV27,fa,2,4.944,4.944,1.4255739748477936,0.017660100013017654,True,2206979584,2246049792,3,0,29,57,IR-COST-P0_attempt0,0,0,0,0
2,0,130,1,Conf,CV27,fa,2,4.944,4.944,1.315133647993207,0.9856742592528462,True,872952832,929038336,3,0,29,0,IR-COST-P0_attempt0,0,0,0,0
2,0,130,1,Global,CV27,fa,2,4.944,4.944,1.374600736424327,0.01814831979572773,True,872952832,929038336,3,0,29,0,IR-COST-P0_attempt0,0,0,0,0
2,0,130,1,Text,CV27,fa,2,4.944,4.944,1.3326662285253406,0.24999266117811203,True,2206979584,2246049792,3,0,29,57,IR-COST-P0_attempt0,0,0,0,0
2,0,130,1,Text+Global,CV27,fa,2,4.944,4.944,1.4076447058469057,0.01771009899675846,True,2206979584,2246049792,3,0,29,57,IR-COST-P0_attempt0,0,0,0,0
2,0,130,1,B5,CV27,fa,2,4.944,4.944,0.6715323571115732,1.0036314129829407,True,873433600,929038336,1,0,29,0,IR-COST-P0_attempt0,0,0,0,0
2,0,130,2,Global,CV27,fa,2,4.944,4.944,1.3920380305498838,0.01831978280097246,True,872952832,929038336,3,0,29,0,IR-COST-P0_attempt0,0,0,0,0
2,0,130,2,Text,CV27,fa,2,4.944,4.944,1.3406018894165754,0.25422143563628197,True,2206979584,2246049792,3,0,29,57,IR-COST-P0_attempt0,0,0,0,0
2,0,130,2,Text+Global,CV27,fa,2,4.944,4.944,1.408853193745017,0.01798686943948269,True,2206979584,2246049792,3,0,29,57,IR-COST-P0_attempt0,0,0,0,0
2,0,130,2,B5,CV27,fa,2,4.944,4.944,0.6840786524116993,0.9998991824686527,True,873433600,929038336,1,0,29,0,IR-COST-P0_attempt0,0,0,0,0
2,0,130,2,Conf,CV27,fa,2,4.944,4.944,1.3032562676817179,0.018426764756441116,True,872952832,929038336,3,0,29,0,IR-COST-P0_attempt0,0,0,0,0
2,0,132,0,Global,CV27,fa,3,5.424,5.424,1.8305828627198935,0.02921567764133215,True,872952832,933232640,5,0,39,0,IR-COST-P0_attempt0,0,0,0,0
2,0,132,0,Text,CV27,fa,3,5.424,5.424,2.237658360041678,0.263596692122519,True,2206979584,2248146944,5,0,39,107,IR-COST-P0_attempt0,0,0,0,0
2,0,132,0,Text+Global,CV27,fa,3,5.424,5.424,2.113489605486393,0.018200727179646492,True,2206979584,2248146944,5,0,39,107,IR-COST-P0_attempt0,0,0,0,0
2,0,132,0,B5,CV27,fa,3,5.424,5.424,0.8808670686557889,1.0291256001219153,True,873433600,933232640,1,0,39,0,IR-COST-P0_attempt0,0,0,0,0
2,0,132,0,Conf,CV27,fa,3,5.424,5.424,1.7324161073192954,0.01854204200208187,True,872952832,933232640,5,0,39,0,IR-COST-P0_attempt0,0,0,0,0
2,0,132,1,Text,CV27,fa,3,5.424,5.424,1.7780001778155565,0.3288535540923476,True,2206979584,2248146944,5,0,39,107,IR-COST-P0_attempt0,0,0,0,0
2,0,132,1,Text+Global,CV27,fa,3,5.424,5.424,1.883086010813713,0.017849278636276722,True,2206979584,2248146944,5,0,39,107,IR-COST-P0_attempt0,0,0,0,0
2,0,132,1,B5,CV27,fa,3,5.424,5.424,0.8842340754345059,0.84734330419451,True,873433600,933232640,1,0,39,0,IR-COST-P0_attempt0,0,0,0,0
2,0,132,1,Conf,CV27,fa,3,5.424,5.424,1.738719679415226,0.020148849114775658,True,872952832,933232640,5,0,39,0,IR-COST-P0_attempt0,0,0,0,0
2,0,132,1,Global,CV27,fa,3,5.424,5.424,1.8465773239731789,0.04968890640884638,True,872952832,933232640,5,0,39,0,IR-COST-P0_attempt0,0,0,0,0
2,0,132,2,Text+Global,CV27,fa,3,5.424,5.424,1.9370323037728667,0.40752318035811186,True,2206979584,2248146944,5,0,39,107,IR-COST-P0_attempt0,0,0,0,0
2,0,132,2,B5,CV27,fa,3,5.424,5.424,0.9225369235500693,0.7708307169377804,True,873433600,933232640,1,0,39,0,IR-COST-P0_attempt0,0,0,0,0
2,0,132,2,Conf,CV27,fa,3,5.424,5.424,1.8211657600477338,0.019359152764081955,True,872952832,933232640,5,0,39,0,IR-COST-P0_attempt0,0,0,0,0
2,0,132,2,Global,CV27,fa,3,5.424,5.424,1.9632197180762887,0.01905159931629896,True,872952832,933232640,5,0,39,0,IR-COST-P0_attempt0,0,0,0,0
2,0,132,2,Text,CV27,fa,3,5.424,5.424,1.8777383007109165,0.23802017327398062,True,2206979584,2248146944,5,0,39,107,IR-COST-P0_attempt0,0,0,0,0
2,0,134,0,Text+Global,CV27,fa,3,5.064,5.064,0.9384650150313973,0.017850268632173538,True,2206979584,2243952640,4,0,15,29,IR-COST-P0_attempt0,0,0,0,0
2,0,134,0,B5,CV27,fa,3,5.064,5.064,0.38991155475378036,0.7874045297503471,True,873433600,926941184,1,0,15,0,IR-COST-P0_attempt0,0,0,0,0
2,0,134,0,Conf,CV27,fa,3,5.064,5.064,0.7964117182418704,0.031140953302383423,True,872952832,926941184,4,0,15,0,IR-COST-P0_attempt0,0,0,0,0
2,0,134,0,Global,CV27,fa,3,5.064,5.064,0.9103131871670485,0.018280137330293655,True,872952832,926941184,4,0,15,0,IR-COST-P0_attempt0,0,0,0,0
2,0,134,0,Text,CV27,fa,3,5.064,5.064,0.8365024542436004,0.22532206866890192,True,2206979584,2243952640,4,0,15,29,IR-COST-P0_attempt0,0,0,0,0
2,0,134,1,B5,CV27,fa,3,5.064,5.064,0.38715686555951834,0.7612259155139327,True,873433600,926941184,1,0,15,0,IR-COST-P0_attempt0,0,0,0,0
2,0,134,1,Conf,CV27,fa,3,5.064,5.064,0.7958792271092534,0.018213358707726002,True,872952832,926941184,4,0,15,0,IR-COST-P0_attempt0,0,0,0,0
2,0,134,1,Global,CV27,fa,3,5.064,5.064,0.9134411048144102,0.018097417429089546,True,872952832,926941184,4,0,15,0,IR-COST-P0_attempt0,0,0,0,0
2,0,134,1,Text,CV27,fa,3,5.064,5.064,0.8541145790368319,0.2217546757310629,True,2206979584,2243952640,4,0,15,29,IR-COST-P0_attempt0,0,0,0,0
2,0,134,1,Text+Global,CV27,fa,3,5.064,5.064,0.9394773561507463,0.01750290486961603,True,2206979584,2243952640,4,0,15,29,IR-COST-P0_attempt0,0,0,0,0
2,0,134,2,Conf,CV27,fa,3,5.064,5.064,0.792801957577467,0.7558250846341252,True,872952832,926941184,4,0,15,0,IR-COST-P0_attempt0,0,0,0,0
2,0,134,2,Global,CV27,fa,3,5.064,5.064,0.8995698122307658,0.04365081526339054,True,872952832,926941184,4,0,15,0,IR-COST-P0_attempt0,0,0,0,0
2,0,134,2,Text,CV27,fa,3,5.064,5.064,0.8401122102513909,0.21231312956660986,True,2206979584,2243952640,4,0,15,29,IR-COST-P0_attempt0,0,0,0,0
2,0,134,2,Text+Global,CV27,fa,3,5.064,5.064,0.9445080980658531,0.04226288851350546,True,2206979584,2243952640,4,0,15,29,IR-COST-P0_attempt0,0,0,0,0
2,0,134,2,B5,CV27,fa,3,5.064,5.064,0.40025684610009193,0.7566784536466002,True,873433600,926941184,1,0,15,0,IR-COST-P0_attempt0,0,0,0,0
2,0,136,0,Conf,CV27,fa,4,7.344,7.344,1.3574486523866653,0.018040421418845654,True,872952832,929038336,3,1,30,0,IR-COST-P0_attempt0,0,0,0,0
2,0,136,0,Global,CV27,fa,4,7.344,7.344,1.4156112363561988,0.01821714360266924,True,872952832,929038336,3,1,30,0,IR-COST-P0_attempt0,0,0,0,0
2,0,136,0,Text,CV27,fa,4,7.344,7.344,1.3875680370256305,0.2078365497291088,True,2206979584,2246049792,3,1,30,48,IR-COST-P0_attempt0,0,0,0,0
2,0,136,0,Text+Global,CV27,fa,4,7.344,7.344,1.4492465630173683,0.046382248401641846,True,2206979584,2246049792,3,1,30,48,IR-COST-P0_attempt0,0,0,0,0
2,0,136,0,B5,CV27,fa,4,7.344,7.344,0.698654169216752,0.7572078630328178,True,873433600,929038336,1,0,30,0,IR-COST-P0_attempt0,0,0,0,0
2,0,136,1,Global,CV27,fa,4,7.344,7.344,1.4293823847547174,0.018236184492707253,True,872952832,929038336,3,1,30,0,IR-COST-P0_attempt0,0,0,0,0
2,0,136,1,Text,CV27,fa,4,7.344,7.344,1.4050308130681515,0.21832192782312632,True,2206979584,2246049792,3,1,30,48,IR-COST-P0_attempt0,0,0,0,0
2,0,136,1,Text+Global,CV27,fa,4,7.344,7.344,1.477302897721529,0.017664789222180843,True,2206979584,2246049792,3,1,30,48,IR-COST-P0_attempt0,0,0,0,0
2,0,136,1,B5,CV27,fa,4,7.344,7.344,0.6985691664740443,0.7655263189226389,True,873433600,929038336,1,0,30,0,IR-COST-P0_attempt0,0,0,0,0
2,0,136,1,Conf,CV27,fa,4,7.344,7.344,1.3352024713531137,0.018370160833001137,True,872952832,929038336,3,1,30,0,IR-COST-P0_attempt0,0,0,0,0
2,0,136,2,Text,CV27,fa,4,7.344,7.344,1.3758518006652594,0.22085628379136324,True,2206979584,2246049792,3,1,30,48,IR-COST-P0_attempt0,0,0,0,0
2,0,136,2,Text+Global,CV27,fa,4,7.344,7.344,1.4465973135083914,0.017942840233445168,True,2206979584,2246049792,3,1,30,48,IR-COST-P0_attempt0,0,0,0,0
2,0,136,2,B5,CV27,fa,4,7.344,7.344,0.6959382928907871,0.7617884147912264,True,873433600,929038336,1,0,30,0,IR-COST-P0_attempt0,0,0,0,0
2,0,136,2,Conf,CV27,fa,4,7.344,7.344,1.3459263751283288,0.018265267834067345,True,872952832,929038336,3,1,30,0,IR-COST-P0_attempt0,0,0,0,0
2,0,136,2,Global,CV27,fa,4,7.344,7.344,1.436321577988565,0.023448354564607143,True,872952832,929038336,3,1,30,0,IR-COST-P0_attempt0,0,0,0,0
2,0,138,0,Text,CV27,fa,4,6.624,6.624,2.1697164149954915,0.2269842578098178,True,2206979584,2315255808,6,1,53,179,IR-COST-P0_attempt0,0,0,0,0
2,0,138,0,Text+Global,CV27,fa,4,6.624,6.624,2.3607012731954455,0.02026877272874117,True,2206979584,2315255808,6,1,53,179,IR-COST-P0_attempt0,0,0,0,0
2,0,138,0,B5,CV27,fa,4,6.624,6.624,1.182594426907599,0.7920224638655782,True,873433600,937426944,1,0,53,0,IR-COST-P0_attempt0,0,0,0,0
2,0,138,0,Conf,CV27,fa,4,6.624,6.624,2.1012398321181536,0.01866339612752199,True,872952832,935329792,6,0,53,0,IR-COST-P0_attempt0,0,0,0,0
2,0,138,0,Global,CV27,fa,4,6.624,6.624,2.256798558868468,0.018701558001339436,True,872952832,935329792,6,5,42,0,IR-COST-P0_attempt0,0,0,0,0
2,0,138,1,Text+Global,CV27,fa,4,6.624,6.624,2.3375695114955306,0.22320492658764124,True,2206979584,2315255808,6,1,53,179,IR-COST-P0_attempt0,0,0,0,0
2,0,138,1,B5,CV27,fa,4,6.624,6.624,1.1814905060455203,0.7960770251229405,True,873433600,937426944,1,0,53,0,IR-COST-P0_attempt0,0,0,0,0
2,0,138,1,Conf,CV27,fa,4,6.624,6.624,2.1390733178704977,0.019228585064411163,True,872952832,935329792,6,0,53,0,IR-COST-P0_attempt0,0,0,0,0
2,0,138,1,Global,CV27,fa,4,6.624,6.624,2.260301279835403,0.018772589974105358,True,872952832,935329792,6,5,42,0,IR-COST-P0_attempt0,0,0,0,0
2,0,138,1,Text,CV27,fa,4,6.624,6.624,2.18639137968421,0.22214548010379076,True,2206979584,2315255808,6,1,53,179,IR-COST-P0_attempt0,0,0,0,0
2,0,138,2,B5,CV27,fa,4,6.624,6.624,1.1944170985370874,0.7664326569065452,True,873433600,937426944,1,0,53,0,IR-COST-P0_attempt0,0,0,0,0
2,0,138,2,Conf,CV27,fa,4,6.624,6.624,2.0878092367202044,0.01871514692902565,True,872952832,935329792,6,0,53,0,IR-COST-P0_attempt0,0,0,0,0
2,0,138,2,Global,CV27,fa,4,6.624,6.624,2.2367040561512113,0.018515977077186108,True,872952832,935329792,6,5,42,0,IR-COST-P0_attempt0,0,0,0,0
2,0,138,2,Text,CV27,fa,4,6.624,6.624,2.1802317751571536,0.2154137995094061,True,2206979584,2315255808,6,1,53,179,IR-COST-P0_attempt0,0,0,0,0
2,0,138,2,Text+Global,CV27,fa,4,6.624,6.624,2.3085478954017162,0.026147290132939816,True,2206979584,2315255808,6,1,53,179,IR-COST-P0_attempt0,0,0,0,0
2,0,140,0,B5,CV27,pl,0,3.528,3.528,0.41214277781546116,0.7619200125336647,True,873433600,926941184,1,0,16,0,IR-COST-P0_attempt0,0,0,0,0
2,0,140,0,Conf,CV27,pl,0,3.528,3.528,0.8040554923936725,0.01829510275274515,True,872952832,926941184,3,0,16,0,IR-COST-P0_attempt0,0,0,0,0
2,0,140,0,Global,CV27,pl,0,3.528,3.528,0.887213840149343,0.02124050073325634,True,872952832,926941184,3,1,16,0,IR-COST-P0_attempt0,0,0,0,0
2,0,140,0,Text,CV27,pl,0,3.528,3.528,0.8560377843677998,0.20671855006366968,True,2206979584,2243952640,3,0,16,38,IR-COST-P0_attempt0,0,0,0,0
2,0,140,0,Text+Global,CV27,pl,0,3.528,3.528,0.9144513476639986,0.017472333274781704,True,2206979584,2243952640,3,0,16,38,IR-COST-P0_attempt0,0,0,0,0
2,0,140,1,Conf,CV27,pl,0,3.528,3.528,0.8237525783479214,0.7608186025172472,True,872952832,926941184,3,0,16,0,IR-COST-P0_attempt0,0,0,0,0
2,0,140,1,Global,CV27,pl,0,3.528,3.528,0.876666659489274,0.018315373919904232,True,872952832,926941184,3,1,16,0,IR-COST-P0_attempt0,0,0,0,0
2,0,140,1,Text,CV27,pl,0,3.528,3.528,0.8394526392221451,0.2194347381591797,True,2206979584,2243952640,3,0,16,38,IR-COST-P0_attempt0,0,0,0,0
2,0,140,1,Text+Global,CV27,pl,0,3.528,3.528,0.919127375818789,0.01750724110752344,True,2206979584,2243952640,3,0,16,38,IR-COST-P0_attempt0,0,0,0,0
2,0,140,1,B5,CV27,pl,0,3.528,3.528,0.41149065271019936,0.7549097603186965,True,873433600,926941184,1,0,16,0,IR-COST-P0_attempt0,0,0,0,0
2,0,140,2,Global,CV27,pl,0,3.528,3.528,0.8957406394183636,0.018137529492378235,True,872952832,926941184,3,1,16,0,IR-COST-P0_attempt0,0,0,0,0
2,0,140,2,Text,CV27,pl,0,3.528,3.528,0.8341907327994704,0.21212331764400005,True,2206979584,2243952640,3,0,16,38,IR-COST-P0_attempt0,0,0,0,0
2,0,140,2,Text+Global,CV27,pl,0,3.528,3.528,0.9146536011248827,0.017734109424054623,True,2206979584,2243952640,3,0,16,38,IR-COST-P0_attempt0,0,0,0,0
2,0,140,2,B5,CV27,pl,0,3.528,3.528,0.41097193118184805,0.7586687710136175,True,873433600,926941184,1,0,16,0,IR-COST-P0_attempt0,0,0,0,0
2,0,140,2,Conf,CV27,pl,0,3.528,3.528,0.7993957987055182,0.04381505213677883,True,872952832,926941184,3,0,16,0,IR-COST-P0_attempt0,0,0,0,0
2,0,142,0,Global,CV27,pl,0,3.576,3.576,0.7448884835466743,0.018197443336248398,True,872952832,924844032,2,0,12,0,IR-COST-P0_attempt0,0,0,0,0
2,0,142,0,Text,CV27,pl,0,3.576,3.576,0.7057520318776369,0.2072438756003976,True,2206979584,2241855488,2,0,12,18,IR-COST-P0_attempt0,0,0,0,0
2,0,142,0,Text+Global,CV27,pl,0,3.576,3.576,0.7500121723860502,0.01774702314287424,True,2206979584,2241855488,2,0,12,18,IR-COST-P0_attempt0,0,0,0,0
2,0,142,0,B5,CV27,pl,0,3.576,3.576,0.3721487205475569,0.7654963824898005,True,873433600,926941184,1,0,12,0,IR-COST-P0_attempt0,0,0,0,0
2,0,142,0,Conf,CV27,pl,0,3.576,3.576,0.669067183509469,0.0183267779648304,True,872952832,924844032,2,0,12,0,IR-COST-P0_attempt0,0,0,0,0
2,0,142,1,Text,CV27,pl,0,3.576,3.576,0.691994421184063,0.21880023926496506,True,2206979584,2241855488,2,0,12,18,IR-COST-P0_attempt0,0,0,0,0
2,0,142,1,Text+Global,CV27,pl,0,3.576,3.576,0.7487895330414176,0.017315375618636608,True,2206979584,2241855488,2,0,12,18,IR-COST-P0_attempt0,0,0,0,0
2,0,142,1,B5,CV27,pl,0,3.576,3.576,0.3442732160910964,0.7676636129617691,True,873433600,926941184,1,0,12,0,IR-COST-P0_attempt0,0,0,0,0
2,0,142,1,Conf,CV27,pl,0,3.576,3.576,0.6815765360370278,0.01799742318689823,True,872952832,924844032,2,0,12,0,IR-COST-P0_attempt0,0,0,0,0
2,0,142,1,Global,CV27,pl,0,3.576,3.576,0.7245287140831351,0.01881083194166422,True,872952832,924844032,2,0,12,0,IR-COST-P0_attempt0,0,0,0,0
2,0,142,2,Text+Global,CV27,pl,0,3.576,3.576,0.747510677203536,0.21685022301971912,True,2206979584,2241855488,2,0,12,18,IR-COST-P0_attempt0,0,0,0,0
2,0,142,2,B5,CV27,pl,0,3.576,3.576,0.34506219159811735,0.7711829775944352,True,873433600,926941184,1,0,12,0,IR-COST-P0_attempt0,0,0,0,0
2,0,142,2,Conf,CV27,pl,0,3.576,3.576,0.6767377397045493,0.01811883132904768,True,872952832,924844032,2,0,12,0,IR-COST-P0_attempt0,0,0,0,0
2,0,142,2,Global,CV27,pl,0,3.576,3.576,0.7206017579883337,0.018041549250483513,True,872952832,924844032,2,0,12,0,IR-COST-P0_attempt0,0,0,0,0
2,0,142,2,Text,CV27,pl,0,3.576,3.576,0.6888482645153999,0.21714906953275204,True,2206979584,2241855488,2,0,12,18,IR-COST-P0_attempt0,0,0,0,0
2,0,144,0,Text+Global,CV27,pl,1,3.672,3.672,0.6663095746189356,0.017316242679953575,True,2206979584,2241855488,3,0,9,19,IR-COST-P0_attempt0,0,0,0,0
2,0,144,0,B5,CV27,pl,1,3.672,3.672,0.29055155999958515,0.7650329284369946,True,873433600,924844032,1,0,9,0,IR-COST-P0_attempt0,0,0,0,0
2,0,144,0,Conf,CV27,pl,1,3.672,3.672,0.5575883509591222,0.017871380783617496,True,872952832,924844032,3,0,9,0,IR-COST-P0_attempt0,0,0,0,0
2,0,144,0,Global,CV27,pl,1,3.672,3.672,0.6362039539963007,0.01809708494693041,True,872952832,924844032,3,0,9,0,IR-COST-P0_attempt0,0,0,0,0
2,0,144,0,Text,CV27,pl,1,3.672,3.672,0.5905869277194142,0.21679535508155823,True,2206979584,2241855488,3,0,9,19,IR-COST-P0_attempt0,0,0,0,0
2,0,144,1,B5,CV27,pl,1,3.672,3.672,0.299542143009603,0.7859353981912136,True,873433600,924844032,1,0,9,0,IR-COST-P0_attempt0,0,0,0,0
2,0,144,1,Conf,CV27,pl,1,3.672,3.672,0.5674403645098209,0.018184801563620567,True,872952832,924844032,3,0,9,0,IR-COST-P0_attempt0,0,0,0,0
2,0,144,1,Global,CV27,pl,1,3.672,3.672,0.6313178427517414,0.01810522098094225,True,872952832,924844032,3,0,9,0,IR-COST-P0_attempt0,0,0,0,0
2,0,144,1,Text,CV27,pl,1,3.672,3.672,0.5891421604901552,0.22242317255586386,True,2206979584,2241855488,3,0,9,19,IR-COST-P0_attempt0,0,0,0,0
2,0,144,1,Text+Global,CV27,pl,1,3.672,3.672,0.666382197290659,0.017372196540236473,True,2206979584,2241855488,3,0,9,19,IR-COST-P0_attempt0,0,0,0,0
2,0,144,2,Conf,CV27,pl,1,3.672,3.672,0.5609483253210783,0.7646278878673911,True,872952832,924844032,3,0,9,0,IR-COST-P0_attempt0,0,0,0,0
2,0,144,2,Global,CV27,pl,1,3.672,3.672,0.625692249275744,0.018066424876451492,True,872952832,924844032,3,0,9,0,IR-COST-P0_attempt0,0,0,0,0
2,0,144,2,Text,CV27,pl,1,3.672,3.672,0.5963688949123025,0.20650798454880714,True,2206979584,2241855488,3,0,9,19,IR-COST-P0_attempt0,0,0,0,0
2,0,144,2,Text+Global,CV27,pl,1,3.672,3.672,0.67115150205791,0.017551016062498093,True,2206979584,2241855488,3,0,9,19,IR-COST-P0_attempt0,0,0,0,0
2,0,144,2,B5,CV27,pl,1,3.672,3.672,0.2859112983569503,0.7497494108974934,True,873433600,924844032,1,0,9,0,IR-COST-P0_attempt0,0,0,0,0
2,0,146,0,Conf,CV27,pl,1,4.416,4.416,0.6171299358829856,0.034835103899240494,True,872952832,924844032,4,0,9,0,IR-COST-P0_attempt0,0,0,0,0
2,0,146,0,Global,CV27,pl,1,4.416,4.416,0.7211106671020389,0.01813674997538328,True,872952832,924844032,4,0,9,0,IR-COST-P0_attempt0,0,0,0,0
2,0,146,0,Text,CV27,pl,1,4.416,4.416,0.6609376072883606,0.20222816057503223,True,2206979584,2241855488,4,1,9,22,IR-COST-P0_attempt0,0,0,0,0
2,0,146,0,Text+Global,CV27,pl,1,4.416,4.416,0.7598141860216856,0.017649787478148937,True,2206979584,2241855488,4,1,9,22,IR-COST-P0_attempt0,0,0,0,0
2,0,146,0,B5,CV27,pl,1,4.416,4.416,0.32901415787637234,0.7428167760372162,True,873433600,926941184,1,0,9,0,IR-COST-P0_attempt0,0,0,0,0
2,0,146,1,Global,CV27,pl,1,4.416,4.416,0.7333028484135866,0.030828743241727352,True,872952832,924844032,4,0,9,0,IR-COST-P0_attempt0,0,0,0,0
2,0,146,1,Text,CV27,pl,1,4.416,4.416,0.6567835472524166,0.1996088670566678,True,2206979584,2241855488,4,1,9,22,IR-COST-P0_attempt0,0,0,0,0
2,0,146,1,Text+Global,CV27,pl,1,4.416,4.416,0.7556581106036901,0.017594597302377224,True,2206979584,2241855488,4,1,9,22,IR-COST-P0_attempt0,0,0,0,0
2,0,146,1,B5,CV27,pl,1,4.416,4.416,0.34014882892370224,0.7623556843027472,True,873433600,926941184,1,0,9,0,IR-COST-P0_attempt0,0,0,0,0
2,0,146,1,Conf,CV27,pl,1,4.416,4.416,0.628540450707078,0.019090421497821808,True,872952832,924844032,4,0,9,0,IR-COST-P0_attempt0,0,0,0,0
2,0,146,2,Text,CV27,pl,1,4.416,4.416,0.6710099028423429,0.21313776075839996,True,2206979584,2241855488,4,1,9,22,IR-COST-P0_attempt0,0,0,0,0
2,0,146,2,Text+Global,CV27,pl,1,4.416,4.416,0.7601301167160273,0.017483885399997234,True,2206979584,2241855488,4,1,9,22,IR-COST-P0_attempt0,0,0,0,0
2,0,146,2,B5,CV27,pl,1,4.416,4.416,0.32745400350540876,0.7556855259463191,True,873433600,926941184,1,0,9,0,IR-COST-P0_attempt0,0,0,0,0
2,0,146,2,Conf,CV27,pl,1,4.416,4.416,0.6310447165742517,0.017954849638044834,True,872952832,924844032,4,0,9,0,IR-COST-P0_attempt0,0,0,0,0
2,0,146,2,Global,CV27,pl,1,4.416,4.416,0.7223885599523783,0.018145357258617878,True,872952832,924844032,4,0,9,0,IR-COST-P0_attempt0,0,0,0,0
2,0,148,0,Text,CV27,pl,2,5.088,5.088,0.9063055394217372,0.21408747136592865,True,2206979584,2243952640,2,0,18,24,IR-COST-P0_attempt0,0,0,0,0
2,0,148,0,Text+Global,CV27,pl,2,5.088,5.088,0.961523356847465,0.018114454112946987,True,2206979584,2243952640,2,0,18,24,IR-COST-P0_attempt0,0,0,0,0
2,0,148,0,B5,CV27,pl,2,5.088,5.088,0.4721157383173704,0.7594069112092257,True,873433600,926941184,1,0,18,0,IR-COST-P0_attempt0,0,0,0,0
2,0,148,0,Conf,CV27,pl,2,5.088,5.088,0.8821569681167603,0.01952412910759449,True,872952832,926941184,2,0,18,0,IR-COST-P0_attempt0,0,0,0,0
2,0,148,0,Global,CV27,pl,2,5.088,5.088,0.9542203713208437,0.01873567048460245,True,872952832,926941184,2,0,18,0,IR-COST-P0_attempt0,0,0,0,0
2,0,148,1,Text+Global,CV27,pl,2,5.088,5.088,0.9703019252046943,0.23210307769477367,True,2206979584,2243952640,2,0,18,24,IR-COST-P0_attempt0,0,0,0,0
2,0,148,1,B5,CV27,pl,2,5.088,5.088,0.4694385090842843,0.852008568122983,True,873433600,926941184,1,0,18,0,IR-COST-P0_attempt0,0,0,0,0
2,0,148,1,Conf,CV27,pl,2,5.088,5.088,0.864783002063632,0.018267477862536907,True,872952832,926941184,2,0,18,0,IR-COST-P0_attempt0,0,0,0,0
2,0,148,1,Global,CV27,pl,2,5.088,5.088,0.916516488417983,0.018181562423706055,True,872952832,926941184,2,0,18,0,IR-COST-P0_attempt0,0,0,0,0
2,0,148,1,Text,CV27,pl,2,5.088,5.088,0.8947083642706275,0.3333824807778001,True,2206979584,2243952640,2,0,18,24,IR-COST-P0_attempt0,0,0,0,0
2,0,148,2,B5,CV27,pl,2,5.088,5.088,0.5656717699021101,0.9711159178987145,True,873433600,926941184,1,0,18,0,IR-COST-P0_attempt0,0,0,0,0
2,0,148,2,Conf,CV27,pl,2,5.088,5.088,0.8706586109474301,0.020441235974431038,True,872952832,926941184,2,0,18,0,IR-COST-P0_attempt0,0,0,0,0
2,0,148,2,Global,CV27,pl,2,5.088,5.088,0.9377070246264338,0.03113334160298109,True,872952832,926941184,2,0,18,0,IR-COST-P0_attempt0,0,0,0,0
2,0,148,2,Text,CV27,pl,2,5.088,5.088,0.9024905636906624,0.21178061980754137,True,2206979584,2243952640,2,0,18,24,IR-COST-P0_attempt0,0,0,0,0
2,0,148,2,Text+Global,CV27,pl,2,5.088,5.088,0.9667353527620435,0.04652897082269192,True,2206979584,2243952640,2,0,18,24,IR-COST-P0_attempt0,0,0,0,0
2,0,150,0,B5,CV27,pl,2,4.728,4.728,0.47205171920359135,0.7608477333560586,True,873433600,926941184,1,0,18,0,IR-COST-P0_attempt0,0,0,0,0
2,0,150,0,Conf,CV27,pl,2,4.728,4.728,0.9358795424923301,0.018207691609859467,True,872952832,926941184,4,0,18,0,IR-COST-P0_attempt0,0,0,0,0
2,0,150,0,Global,CV27,pl,2,4.728,4.728,1.028123702853918,0.018079135566949844,True,872952832,926941184,4,0,18,0,IR-COST-P0_attempt0,0,0,0,0
2,0,150,0,Text,CV27,pl,2,4.728,4.728,0.9791022455319762,0.20636442117393017,True,2206979584,2243952640,4,0,18,68,IR-COST-P0_attempt0,0,0,0,0
2,0,150,0,Text+Global,CV27,pl,2,4.728,4.728,1.0776801034808159,0.017344936728477478,True,2206979584,2243952640,4,0,18,68,IR-COST-P0_attempt0,0,0,0,0
2,0,150,1,Conf,CV27,pl,2,4.728,4.728,0.93420953117311,0.7676605423912406,True,872952832,926941184,4,0,18,0,IR-COST-P0_attempt0,0,0,0,0
2,0,150,1,Global,CV27,pl,2,4.728,4.728,1.0267975712195039,0.01824009045958519,True,872952832,926941184,4,0,18,0,IR-COST-P0_attempt0,0,0,0,0
2,0,150,1,Text,CV27,pl,2,4.728,4.728,0.9930247673764825,0.2063078861683607,True,2206979584,2243952640,4,0,18,68,IR-COST-P0_attempt0,0,0,0,0
2,0,150,1,Text+Global,CV27,pl,2,4.728,4.728,1.0798432743176818,0.017563465982675552,True,2206979584,2243952640,4,0,18,68,IR-COST-P0_attempt0,0,0,0,0
2,0,150,1,B5,CV27,pl,2,4.728,4.728,0.47508745174854994,0.766359131783247,True,873433600,926941184,1,0,18,0,IR-COST-P0_attempt0,0,0,0,0
2,0,150,2,Global,CV27,pl,2,4.728,4.728,1.0450859479606152,0.0180946234613657,True,872952832,926941184,4,0,18,0,IR-COST-P0_attempt0,0,0,0,0
2,0,150,2,Text,CV27,pl,2,4.728,4.728,0.9735487103462219,0.22013462521135807,True,2206979584,2243952640,4,0,18,68,IR-COST-P0_attempt0,0,0,0,0
2,0,150,2,Text+Global,CV27,pl,2,4.728,4.728,1.0818824488669634,0.01787711586803198,True,2206979584,2243952640,4,0,18,68,IR-COST-P0_attempt0,0,0,0,0
2,0,150,2,B5,CV27,pl,2,4.728,4.728,0.47915611788630486,0.7654284704476595,True,873433600,926941184,1,0,18,0,IR-COST-P0_attempt0,0,0,0,0
2,0,150,2,Conf,CV27,pl,2,4.728,4.728,0.9382198816165328,0.01828231941908598,True,872952832,926941184,4,0,18,0,IR-COST-P0_attempt0,0,0,0,0
2,0,152,0,Global,CV27,pl,3,6.096,6.096,1.6635729279369116,0.0179227814078331,True,872952832,933232640,4,0,38,0,IR-COST-P0_attempt0,0,0,0,0
2,0,152,0,Text,CV27,pl,3,6.096,6.096,1.6081703808158636,0.22026833798736334,True,2206979584,2298478592,4,2,31,97,IR-COST-P0_attempt0,0,0,0,0
2,0,152,0,Text+Global,CV27,pl,3,6.096,6.096,1.6889981785789132,0.01939434837549925,True,2206979584,2298478592,4,2,31,97,IR-COST-P0_attempt0,0,0,0,0
2,0,152,0,B5,CV27,pl,3,6.096,6.096,0.8560337470844388,0.7701309081166983,True,873433600,933232640,1,0,38,0,IR-COST-P0_attempt0,0,0,0,0
2,0,152,0,Conf,CV27,pl,3,6.096,6.096,1.5479696411639452,0.019544552080333233,True,872952832,933232640,4,0,38,0,IR-COST-P0_attempt0,0,0,0,0
2,0,152,1,Text,CV27,pl,3,6.096,6.096,1.6161283552646637,0.21789434738457203,True,2206979584,2298478592,4,2,31,97,IR-COST-P0_attempt0,0,0,0,0
2,0,152,1,Text+Global,CV27,pl,3,6.096,6.096,1.7035030936822295,0.019408490508794785,True,2206979584,2298478592,4,2,31,97,IR-COST-P0_attempt0,0,0,0,0
2,0,152,1,B5,CV27,pl,3,6.096,6.096,0.862508237361908,0.7648285226896405,True,873433600,933232640,1,0,38,0,IR-COST-P0_attempt0,0,0,0,0
2,0,152,1,Conf,CV27,pl,3,6.096,6.096,1.5486176870763302,0.020632262341678143,True,872952832,933232640,4,0,38,0,IR-COST-P0_attempt0,0,0,0,0
2,0,152,1,Global,CV27,pl,3,6.096,6.096,1.6550030512735248,0.018718324601650238,True,872952832,933232640,4,0,38,0,IR-COST-P0_attempt0,0,0,0,0
2,0,152,2,Text+Global,CV27,pl,3,6.096,6.096,1.6930643394589424,0.21788486372679472,True,2206979584,2298478592,4,2,31,97,IR-COST-P0_attempt0,0,0,0,0
2,0,152,2,B5,CV27,pl,3,6.096,6.096,0.8639923809096217,0.7868122486397624,True,873433600,933232640,1,0,38,0,IR-COST-P0_attempt0,0,0,0,0
2,0,152,2,Conf,CV27,pl,3,6.096,6.096,1.5531169716268778,0.018413088284432888,True,872952832,933232640,4,0,38,0,IR-COST-P0_attempt0,0,0,0,0
2,0,152,2,Global,CV27,pl,3,6.096,6.096,1.6584576927125454,0.018778587691485882,True,872952832,933232640,4,0,38,0,IR-COST-P0_attempt0,0,0,0,0
2,0,152,2,Text,CV27,pl,3,6.096,6.096,1.6003785729408264,0.21403602603822947,True,2206979584,2298478592,4,2,31,97,IR-COST-P0_attempt0,0,0,0,0
2,0,154,0,Text+Global,CV27,pl,3,5.688,5.688,1.415912582539022,0.019053740426898003,True,2206979584,2248146944,2,1,30,40,IR-COST-P0_attempt0,0,0,0,0
2,0,154,0,B5,CV27,pl,3,5.688,5.688,0.713202927261591,0.7652970496565104,True,873433600,931135488,1,0,30,0,IR-COST-P0_attempt0,0,0,0,0
2,0,154,0,Conf,CV27,pl,3,5.688,5.688,1.363840683363378,0.01916336826980114,True,872952832,929038336,2,0,30,0,IR-COST-P0_attempt0,0,0,0,0
2,0,154,0,Global,CV27,pl,3,5.688,5.688,1.3938876865431666,0.018282766453921795,True,872952832,929038336,2,1,30,0,IR-COST-P0_attempt0,0,0,0,0
2,0,154,0,Text,CV27,pl,3,5.688,5.688,1.370765813626349,0.20837243646383286,True,2206979584,2248146944,2,1,30,40,IR-COST-P0_attempt0,0,0,0,0
2,0,154,1,B5,CV27,pl,3,5.688,5.688,0.725902690552175,0.7718678135424852,True,873433600,931135488,1,0,30,0,IR-COST-P0_attempt0,0,0,0,0
2,0,154,1,Conf,CV27,pl,3,5.688,5.688,1.340338822454214,0.018562708981335163,True,872952832,929038336,2,0,30,0,IR-COST-P0_attempt0,0,0,0,0
2,0,154,1,Global,CV27,pl,3,5.688,5.688,1.3940664175897837,0.043479123152792454,True,872952832,929038336,2,1,30,0,IR-COST-P0_attempt0,0,0,0,0
2,0,154,1,Text,CV27,pl,3,5.688,5.688,1.3707796083763242,0.22918199002742767,True,2206979584,2248146944,2,1,30,40,IR-COST-P0_attempt0,0,0,0,0
2,0,154,1,Text+Global,CV27,pl,3,5.688,5.688,1.422311500646174,0.01875772885978222,True,2206979584,2248146944,2,1,30,40,IR-COST-P0_attempt0,0,0,0,0
2,0,154,2,Conf,CV27,pl,3,5.688,5.688,1.336857806891203,0.769047518260777,True,872952832,929038336,2,0,30,0,IR-COST-P0_attempt0,0,0,0,0
2,0,154,2,Global,CV27,pl,3,5.688,5.688,1.393917134962976,0.021936673671007156,True,872952832,929038336,2,1,30,0,IR-COST-P0_attempt0,0,0,0,0
2,0,154,2,Text,CV27,pl,3,5.688,5.688,1.358536903746426,0.21683102566748857,True,2206979584,2248146944,2,1,30,40,IR-COST-P0_attempt0,0,0,0,0
2,0,154,2,Text+Global,CV27,pl,3,5.688,5.688,1.432982001453638,0.0181809077039361,True,2206979584,2248146944,2,1,30,40,IR-COST-P0_attempt0,0,0,0,0
2,0,154,2,B5,CV27,pl,3,5.688,5.688,0.7082784939557314,0.7684045862406492,True,873433600,931135488,1,0,30,0,IR-COST-P0_attempt0,0,0,0,0
2,0,156,0,Conf,CV27,pl,4,9.216,9.216,2.1053403206169605,0.018377073109149933,True,872952832,933232640,4,0,47,0,IR-COST-P0_attempt0,0,0,0,0
2,0,156,0,Global,CV27,pl,4,9.216,9.216,2.190146326087415,0.01851538848131895,True,872952832,933232640,4,0,47,0,IR-COST-P0_attempt0,0,0,0,0
2,0,156,0,Text,CV27,pl,4,9.216,9.216,2.145888853818178,0.21646521426737309,True,2206979584,2373976064,4,0,47,121,IR-COST-P0_attempt0,0,0,0,0
2,0,156,0,Text+Global,CV27,pl,4,9.216,9.216,2.2366001224145293,0.03431263752281666,True,2206979584,2373976064,4,0,47,121,IR-COST-P0_attempt0,0,0,0,0
2,0,156,0,B5,CV27,pl,4,9.216,9.216,1.0813557552173734,0.7781054908409715,True,873433600,935329792,1,0,47,0,IR-COST-P0_attempt0,0,0,0,0
2,0,156,1,Global,CV27,pl,4,9.216,9.216,2.2043224601075053,0.018542693927884102,True,872952832,933232640,4,0,47,0,IR-COST-P0_attempt0,0,0,0,0
2,0,156,1,Text,CV27,pl,4,9.216,9.216,2.1491593392565846,0.21830737125128508,True,2206979584,2373976064,4,0,47,121,IR-COST-P0_attempt0,0,0,0,0
2,0,156,1,Text+Global,CV27,pl,4,9.216,9.216,2.251255640760064,0.02140947338193655,True,2206979584,2373976064,4,0,47,121,IR-COST-P0_attempt0,0,0,0,0
2,0,156,1,B5,CV27,pl,4,9.216,9.216,1.0931819416582584,0.7665203921496868,True,873433600,935329792,1,0,47,0,IR-COST-P0_attempt0,0,0,0,0
2,0,156,1,Conf,CV27,pl,4,9.216,9.216,2.0895100757479668,0.018645429983735085,True,872952832,933232640,4,0,47,0,IR-COST-P0_attempt0,0,0,0,0
2,0,156,2,Text,CV27,pl,4,9.216,9.216,2.1175030199810863,0.22192449029535055,True,2206979584,2373976064,4,0,47,121,IR-COST-P0_attempt0,0,0,0,0
2,0,156,2,Text+Global,CV27,pl,4,9.216,9.216,2.224972380325198,0.02144801151007414,True,2206979584,2373976064,4,0,47,121,IR-COST-P0_attempt0,0,0,0,0
2,0,156,2,B5,CV27,pl,4,9.216,9.216,1.1027489118278027,0.7639369759708643,True,873433600,935329792,1,0,47,0,IR-COST-P0_attempt0,0,0,0,0
2,0,156,2,Conf,CV27,pl,4,9.216,9.216,2.067252865061164,0.04632193688303232,True,872952832,933232640,4,0,47,0,IR-COST-P0_attempt0,0,0,0,0
2,0,156,2,Global,CV27,pl,4,9.216,9.216,2.1741882655769587,0.04219428636133671,True,872952832,933232640,4,0,47,0,IR-COST-P0_attempt0,0,0,0,0
2,0,158,0,Text,CV27,pl,4,8.1,8.1,0.9604637017473578,0.20076502859592438,True,2206979584,2243952640,5,0,17,68,IR-COST-P0_attempt0,0,0,0,0
2,0,158,0,Text+Global,CV27,pl,4,8.1,8.1,1.0936198700219393,0.037587554194033146,True,2206979584,2243952640,5,0,17,68,IR-COST-P0_attempt0,0,0,0,0
2,0,158,0,B5,CV27,pl,4,8.1,8.1,0.45469831861555576,0.7541354987770319,True,873433600,926941184,1,0,17,0,IR-COST-P0_attempt0,0,0,0,0
2,0,158,0,Conf,CV27,pl,4,8.1,8.1,0.9108098400756717,0.0405407939106226,True,872952832,926941184,5,0,17,0,IR-COST-P0_attempt0,0,0,0,0
2,0,158,0,Global,CV27,pl,4,8.1,8.1,1.0266787428408861,0.02826403733342886,True,872952832,926941184,5,0,17,0,IR-COST-P0_attempt0,0,0,0,0
2,0,158,1,Text+Global,CV27,pl,4,8.1,8.1,1.092972625978291,0.21282861288636923,True,2206979584,2243952640,5,0,17,68,IR-COST-P0_attempt0,0,0,0,0
2,0,158,1,B5,CV27,pl,4,8.1,8.1,0.4551034355536103,0.7722866348922253,True,873433600,926941184,1,0,17,0,IR-COST-P0_attempt0,0,0,0,0
2,0,158,1,Conf,CV27,pl,4,8.1,8.1,0.9081515911966562,0.01795815210789442,True,872952832,926941184,5,0,17,0,IR-COST-P0_attempt0,0,0,0,0
2,0,158,1,Global,CV27,pl,4,8.1,8.1,1.0376199735328555,0.018023393116891384,True,872952832,926941184,5,0,17,0,IR-COST-P0_attempt0,0,0,0,0
2,0,158,1,Text,CV27,pl,4,8.1,8.1,0.9636059328913689,0.21220960188657045,True,2206979584,2243952640,5,0,17,68,IR-COST-P0_attempt0,0,0,0,0
2,0,158,2,B5,CV27,pl,4,8.1,8.1,0.44807266257703304,0.7548964256420732,True,873433600,926941184,1,0,17,0,IR-COST-P0_attempt0,0,0,0,0
2,0,158,2,Conf,CV27,pl,4,8.1,8.1,0.921613716520369,0.025167557410895824,True,872952832,926941184,5,0,17,0,IR-COST-P0_attempt0,0,0,0,0
2,0,158,2,Global,CV27,pl,4,8.1,8.1,1.0321598034352064,0.01809716410934925,True,872952832,926941184,5,0,17,0,IR-COST-P0_attempt0,0,0,0,0
2,0,158,2,Text,CV27,pl,4,8.1,8.1,0.9888930758461356,0.2088854881003499,True,2206979584,2243952640,5,0,17,68,IR-COST-P0_attempt0,0,0,0,0
2,0,158,2,Text+Global,CV27,pl,4,8.1,8.1,1.1207808768376708,0.023914523422718048,True,2206979584,2243952640,5,0,17,68,IR-COST-P0_attempt0,0,0,0,0
2,0,160,0,B5,CV27,tr,0,2.448,2.448,0.22164131328463554,0.7606179201975465,True,873433600,924844032,1,0,7,0,IR-COST-P0_attempt0,0,0,0,0
2,0,160,0,Conf,CV27,tr,0,2.448,2.448,0.5189814008772373,0.018202943727374077,True,872952832,924844032,5,0,7,0,IR-COST-P0_attempt0,0,0,0,0
2,0,160,0,Global,CV27,tr,0,2.448,2.448,0.622414605692029,0.019865225069224834,True,872952832,924844032,5,0,7,0,IR-COST-P0_attempt0,0,0,0,0
2,0,160,0,Text,CV27,tr,0,2.448,2.448,0.5707367407158017,0.21009766310453415,True,2206979584,2241855488,5,0,7,26,IR-COST-P0_attempt0,0,0,0,0
2,0,160,0,Text+Global,CV27,tr,0,2.448,2.448,0.6756056165322661,0.017369595356285572,True,2206979584,2241855488,5,0,7,26,IR-COST-P0_attempt0,0,0,0,0
2,0,160,1,Conf,CV27,tr,0,2.448,2.448,0.5211836406961083,0.7754794703796506,True,872952832,924844032,5,0,7,0,IR-COST-P0_attempt0,0,0,0,0
2,0,160,1,Global,CV27,tr,0,2.448,2.448,0.6185878217220306,0.01850815676152706,True,872952832,924844032,5,0,7,0,IR-COST-P0_attempt0,0,0,0,0
2,0,160,1,Text,CV27,tr,0,2.448,2.448,0.5523039055988193,0.21931772492825985,True,2206979584,2241855488,5,0,7,26,IR-COST-P0_attempt0,0,0,0,0
2,0,160,1,Text+Global,CV27,tr,0,2.448,2.448,0.668480234220624,0.017442867159843445,True,2206979584,2241855488,5,0,7,26,IR-COST-P0_attempt0,0,0,0,0
2,0,160,1,B5,CV27,tr,0,2.448,2.448,0.22011830657720566,0.7596987579017878,True,873433600,924844032,1,0,7,0,IR-COST-P0_attempt0,0,0,0,0
2,0,160,2,Global,CV27,tr,0,2.448,2.448,0.6291346335783601,0.01802895311266184,True,872952832,924844032,5,0,7,0,IR-COST-P0_attempt0,0,0,0,0
2,0,160,2,Text,CV27,tr,0,2.448,2.448,0.5639191223308444,0.21547960676252842,True,2206979584,2241855488,5,0,7,26,IR-COST-P0_attempt0,0,0,0,0
2,0,160,2,Text+Global,CV27,tr,0,2.448,2.448,0.6723032873123884,0.019359986297786236,True,2206979584,2241855488,5,0,7,26,IR-COST-P0_attempt0,0,0,0,0
2,0,160,2,B5,CV27,tr,0,2.448,2.448,0.2211990598589182,0.7662446368485689,True,873433600,924844032,1,0,7,0,IR-COST-P0_attempt0,0,0,0,0
2,0,160,2,Conf,CV27,tr,0,2.448,2.448,0.5030587706714869,0.01793915592133999,True,872952832,924844032,5,0,7,0,IR-COST-P0_attempt0,0,0,0,0
2,0,162,0,Global,CV27,tr,0,2.988,2.988,0.6212307726964355,0.01814049668610096,True,872952832,924844032,4,0,7,0,IR-COST-P0_attempt0,0,0,0,0
2,0,162,0,Text,CV27,tr,0,2.988,2.988,0.5668772701174021,0.22375247534364462,True,2206979584,2241855488,4,0,7,26,IR-COST-P0_attempt0,0,0,0,0
2,0,162,0,Text+Global,CV27,tr,0,2.988,2.988,0.6952280988916755,0.017409510910511017,True,2206979584,2241855488,4,0,7,26,IR-COST-P0_attempt0,0,0,0,0
2,0,162,0,B5,CV27,tr,0,2.988,2.988,0.2487226640805602,0.7550694448873401,True,873433600,924844032,1,0,7,0,IR-COST-P0_attempt0,0,0,0,0
2,0,162,0,Conf,CV27,tr,0,2.988,2.988,0.5262454953044653,0.044538998045027256,True,872952832,924844032,4,0,7,0,IR-COST-P0_attempt0,0,0,0,0
2,0,162,1,Text,CV27,tr,0,2.988,2.988,0.5656145149841905,0.21563023328781128,True,2206979584,2241855488,4,0,7,26,IR-COST-P0_attempt0,0,0,0,0
2,0,162,1,Text+Global,CV27,tr,0,2.988,2.988,0.6565174404531717,0.017467260360717773,True,2206979584,2241855488,4,0,7,26,IR-COST-P0_attempt0,0,0,0,0
2,0,162,1,B5,CV27,tr,0,2.988,2.988,0.24836659524589777,0.7662696773186326,True,873433600,924844032,1,0,7,0,IR-COST-P0_attempt0,0,0,0,0
2,0,162,1,Conf,CV27,tr,0,2.988,2.988,0.5353533076122403,0.017900636419653893,True,872952832,924844032,4,0,7,0,IR-COST-P0_attempt0,0,0,0,0
2,0,162,1,Global,CV27,tr,0,2.988,2.988,0.619248335249722,0.017878827638924122,True,872952832,924844032,4,0,7,0,IR-COST-P0_attempt0,0,0,0,0
2,0,162,2,Text+Global,CV27,tr,0,2.988,2.988,0.658966694958508,0.21920947451144457,True,2206979584,2241855488,4,0,7,26,IR-COST-P0_attempt0,0,0,0,0
2,0,162,2,B5,CV27,tr,0,2.988,2.988,0.24678133893758059,0.7601947262883186,True,873433600,924844032,1,0,7,0,IR-COST-P0_attempt0,0,0,0,0
2,0,162,2,Conf,CV27,tr,0,2.988,2.988,0.5223000859841704,0.018654952757060528,True,872952832,924844032,4,0,7,0,IR-COST-P0_attempt0,0,0,0,0
2,0,162,2,Global,CV27,tr,0,2.988,2.988,0.6375064784660935,0.017990073189139366,True,872952832,924844032,4,0,7,0,IR-COST-P0_attempt0,0,0,0,0
2,0,162,2,Text,CV27,tr,0,2.988,2.988,0.5747069818899035,0.2183590792119503,True,2206979584,2241855488,4,0,7,26,IR-COST-P0_attempt0,0,0,0,0
2,0,164,0,Text+Global,CV27,tr,1,3.624,3.624,0.9193860795348883,0.017536750063300133,True,2206979584,2243952640,4,3,15,46,IR-COST-P0_attempt0,0,0,0,0
2,0,164,0,B5,CV27,tr,1,3.624,3.624,0.3830971149727702,0.7658499227836728,True,873433600,926941184,1,0,15,0,IR-COST-P0_attempt0,0,0,0,0
2,0,164,0,Conf,CV27,tr,1,3.624,3.624,0.7704084301367402,0.024426531977951527,True,872952832,926941184,4,0,15,0,IR-COST-P0_attempt0,0,0,0,0
2,0,164,0,Global,CV27,tr,1,3.624,3.624,0.8716793609783053,0.01823432371020317,True,872952832,926941184,4,3,15,0,IR-COST-P0_attempt0,0,0,0,0
2,0,164,0,Text,CV27,tr,1,3.624,3.624,0.813270409591496,0.2145156553015113,True,2206979584,2243952640,4,3,15,46,IR-COST-P0_attempt0,0,0,0,0
2,0,164,1,B5,CV27,tr,1,3.624,3.624,0.39938272908329964,0.7666796669363976,True,873433600,926941184,1,0,15,0,IR-COST-P0_attempt0,0,0,0,0
2,0,164,1,Conf,CV27,tr,1,3.624,3.624,0.7680149544030428,0.018099051900207996,True,872952832,926941184,4,0,15,0,IR-COST-P0_attempt0,0,0,0,0
2,0,164,1,Global,CV27,tr,1,3.624,3.624,0.8678958443924785,0.034169234335422516,True,872952832,926941184,4,3,15,0,IR-COST-P0_attempt0,0,0,0,0
2,0,164,1,Text,CV27,tr,1,3.624,3.624,0.8168311100453138,0.2167914267629385,True,2206979584,2243952640,4,3,15,46,IR-COST-P0_attempt0,0,0,0,0
2,0,164,1,Text+Global,CV27,tr,1,3.624,3.624,0.943117723800242,0.017765967175364494,True,2206979584,2243952640,4,3,15,46,IR-COST-P0_attempt0,0,0,0,0
2,0,164,2,Conf,CV27,tr,1,3.624,3.624,0.8036712156608701,0.7599557815119624,True,872952832,926941184,4,0,15,0,IR-COST-P0_attempt0,0,0,0,0
2,0,164,2,Global,CV27,tr,1,3.624,3.624,0.881031695753336,0.018231762573122978,True,872952832,926941184,4,3,15,0,IR-COST-P0_attempt0,0,0,0,0
2,0,164,2,Text,CV27,tr,1,3.624,3.624,0.8153161481022835,0.20982379373162985,True,2206979584,2243952640,4,3,15,46,IR-COST-P0_attempt0,0,0,0,0
2,0,164,2,Text+Global,CV27,tr,1,3.624,3.624,0.9277490312233567,0.0175670450553298,True,2206979584,2243952640,4,3,15,46,IR-COST-P0_attempt0,0,0,0,0
2,0,164,2,B5,CV27,tr,1,3.624,3.624,0.3859969899058342,0.7660802062600851,True,873433600,926941184,1,0,15,0,IR-COST-P0_attempt0,0,0,0,0
2,0,166,0,Conf,CV27,tr,1,3.132,3.132,0.4924587206915021,0.018170125782489777,True,872952832,924844032,5,0,6,0,IR-COST-P0_attempt0,0,0,0,0
2,0,166,0,Global,CV27,tr,1,3.132,3.132,0.6038026325404644,0.02125479932874441,True,872952832,924844032,5,1,6,0,IR-COST-P0_attempt0,0,0,0,0
2,0,166,0,Text,CV27,tr,1,3.132,3.132,0.5451778117567301,0.20905000437051058,True,2206979584,2241855488,5,1,6,26,IR-COST-P0_attempt0,0,0,0,0
2,0,166,0,Text+Global,CV27,tr,1,3.132,3.132,0.6754069812595844,0.01735322456806898,True,2206979584,2241855488,5,1,6,26,IR-COST-P0_attempt0,0,0,0,0
2,0,166,0,B5,CV27,tr,1,3.132,3.132,0.22009535040706396,0.7627871492877603,True,873433600,924844032,1,0,6,0,IR-COST-P0_attempt0,0,0,0,0
2,0,166,1,Global,CV27,tr,1,3.132,3.132,0.6191293550655246,0.017868930473923683,True,872952832,924844032,5,1,6,0,IR-COST-P0_attempt0,0,0,0,0
2,0,166,1,Text,CV27,tr,1,3.132,3.132,0.5368226105347276,0.2223317977041006,True,2206979584,2241855488,5,1,6,26,IR-COST-P0_attempt0,0,0,0,0
2,0,166,1,Text+Global,CV27,tr,1,3.132,3.132,0.6548735499382019,0.017659039236605167,True,2206979584,2241855488,5,1,6,26,IR-COST-P0_attempt0,0,0,0,0
2,0,166,1,B5,CV27,tr,1,3.132,3.132,0.22057382483035326,0.7635111566632986,True,873433600,924844032,1,0,6,0,IR-COST-P0_attempt0,0,0,0,0
2,0,166,1,Conf,CV27,tr,1,3.132,3.132,0.48785572964698076,0.017791518941521645,True,872952832,924844032,5,0,6,0,IR-COST-P0_attempt0,0,0,0,0
2,0,166,2,Text,CV27,tr,1,3.132,3.132,0.5511740893125534,0.2138356901705265,True,2206979584,2241855488,5,1,6,26,IR-COST-P0_attempt0,0,0,0,0
2,0,166,2,Text+Global,CV27,tr,1,3.132,3.132,0.6580091388896108,0.017425800673663616,True,2206979584,2241855488,5,1,6,26,IR-COST-P0_attempt0,0,0,0,0
2,0,166,2,B5,CV27,tr,1,3.132,3.132,0.2268836935982108,0.7613618178293109,True,873433600,924844032,1,0,6,0,IR-COST-P0_attempt0,0,0,0,0
2,0,166,2,Conf,CV27,tr,1,3.132,3.132,0.48140138760209084,0.04545182455331087,True,872952832,924844032,5,0,6,0,IR-COST-P0_attempt0,0,0,0,0
2,0,166,2,Global,CV27,tr,1,3.132,3.132,0.6171788033097982,0.018027707003057003,True,872952832,924844032,5,1,6,0,IR-COST-P0_attempt0,0,0,0,0
2,0,168,0,Text,CV27,tr,2,4.176,4.176,0.7732901936396956,0.21301402524113655,True,2206979584,2241855488,5,1,13,50,IR-COST-P0_attempt0,0,0,0,0
2,0,168,0,Text+Global,CV27,tr,2,4.176,4.176,0.8879817677661777,0.017352769151329994,True,2206979584,2241855488,5,1,13,50,IR-COST-P0_attempt0,0,0,0,0
2,0,168,0,B5,CV27,tr,2,4.176,4.176,0.3479943750426173,0.754658842459321,True,873433600,926941184,1,0,12,0,IR-COST-P0_attempt0,0,0,0,0
2,0,168,0,Conf,CV27,tr,2,4.176,4.176,0.7229709215462208,0.018350050784647465,True,872952832,924844032,5,1,13,0,IR-COST-P0_attempt0,0,0,0,0
2,0,168,0,Global,CV27,tr,2,4.176,4.176,0.8524593906477094,0.018027376383543015,True,872952832,924844032,5,1,13,0,IR-COST-P0_attempt0,0,0,0,0
2,0,168,1,Text+Global,CV27,tr,2,4.176,4.176,0.8963810373097658,0.21479123272001743,True,2206979584,2241855488,5,1,13,50,IR-COST-P0_attempt0,0,0,0,0
2,0,168,1,B5,CV27,tr,2,4.176,4.176,0.3484448492527008,0.993184195831418,True,873433600,926941184,1,0,12,0,IR-COST-P0_attempt0,0,0,0,0
2,0,168,1,Conf,CV27,tr,2,4.176,4.176,0.7211882350966334,0.01806651707738638,True,872952832,924844032,5,1,13,0,IR-COST-P0_attempt0,0,0,0,0
2,0,168,1,Global,CV27,tr,2,4.176,4.176,0.8540007760748267,0.017999248579144478,True,872952832,924844032,5,1,13,0,IR-COST-P0_attempt0,0,0,0,0
2,0,168,1,Text,CV27,tr,2,4.176,4.176,0.7743001375347376,0.2283257134258747,True,2206979584,2241855488,5,1,13,50,IR-COST-P0_attempt0,0,0,0,0
2,0,168,2,B5,CV27,tr,2,4.176,4.176,0.35358218289911747,0.7756864074617624,True,873433600,926941184,1,0,12,0,IR-COST-P0_attempt0,0,0,0,0
2,0,168,2,Conf,CV27,tr,2,4.176,4.176,0.7212813207879663,0.018626300618052483,True,872952832,924844032,5,1,13,0,IR-COST-P0_attempt0,0,0,0,0
2,0,168,2,Global,CV27,tr,2,4.176,4.176,0.8427260555326939,0.026315223425626755,True,872952832,924844032,5,1,13,0,IR-COST-P0_attempt0,0,0,0,0
2,0,168,2,Text,CV27,tr,2,4.176,4.176,0.7842090399935842,0.32479559630155563,True,2206979584,2241855488,5,1,13,50,IR-COST-P0_attempt0,0,0,0,0
2,0,168,2,Text+Global,CV27,tr,2,4.176,4.176,0.8856844175606966,0.017254077829420567,True,2206979584,2241855488,5,1,13,50,IR-COST-P0_attempt0,0,0,0,0
2,0,170,0,B5,CV27,tr,2,3.744,3.744,0.2668272955343127,0.7599166817963123,True,873433600,924844032,1,0,8,0,IR-COST-P0_attempt0,0,0,0,0
2,0,170,0,Conf,CV27,tr,2,3.744,3.744,0.5062427446246147,0.018353518098592758,True,872952832,924844032,3,0,8,0,IR-COST-P0_attempt0,0,0,0,0
2,0,170,0,Global,CV27,tr,2,3.744,3.744,0.5918972278013825,0.01811827439814806,True,872952832,924844032,3,0,8,0,IR-COST-P0_attempt0,0,0,0,0
2,0,170,0,Text,CV27,tr,2,3.744,3.744,0.5276488037779927,0.21010124683380127,True,2206979584,2241855488,3,2,8,14,IR-COST-P0_attempt0,0,0,0,0
2,0,170,0,Text+Global,CV27,tr,2,3.744,3.744,0.6090775998309255,0.017383787781000137,True,2206979584,2241855488,3,2,8,14,IR-COST-P0_attempt0,0,0,0,0
2,0,170,1,Conf,CV27,tr,2,3.744,3.744,0.5155550837516785,0.7658513942733407,True,872952832,924844032,3,0,8,0,IR-COST-P0_attempt0,0,0,0,0
2,0,170,1,Global,CV27,tr,2,3.744,3.744,0.5859304741024971,0.018282199278473854,True,872952832,924844032,3,0,8,0,IR-COST-P0_attempt0,0,0,0,0
2,0,170,1,Text,CV27,tr,2,3.744,3.744,0.5358321713283658,0.21105195675045252,True,2206979584,2241855488,3,2,8,14,IR-COST-P0_attempt0,0,0,0,0
2,0,170,1,Text+Global,CV27,tr,2,3.744,3.744,0.6157632581889629,0.01741113606840372,True,2206979584,2241855488,3,2,8,14,IR-COST-P0_attempt0,0,0,0,0
2,0,170,1,B5,CV27,tr,2,3.744,3.744,0.2540533123537898,0.748105963692069,True,873433600,924844032,1,0,8,0,IR-COST-P0_attempt0,0,0,0,0
2,0,170,2,Global,CV27,tr,2,3.744,3.744,0.5883273556828499,0.017749947495758533,True,872952832,924844032,3,0,8,0,IR-COST-P0_attempt0,0,0,0,0
2,0,170,2,Text,CV27,tr,2,3.744,3.744,0.5308949714526534,0.21158776059746742,True,2206979584,2241855488,3,2,8,14,IR-COST-P0_attempt0,0,0,0,0
2,0,170,2,Text+Global,CV27,tr,2,3.744,3.744,0.613135146908462,0.017367839813232422,True,2206979584,2241855488,3,2,8,14,IR-COST-P0_attempt0,0,0,0,0
2,0,170,2,B5,CV27,tr,2,3.744,3.744,0.24066041130572557,0.7596690589562058,True,873433600,924844032,1,0,8,0,IR-COST-P0_attempt0,0,0,0,0
2,0,170,2,Conf,CV27,tr,2,3.744,3.744,0.49951878655701876,0.01807431597262621,True,872952832,924844032,3,0,8,0,IR-COST-P0_attempt0,0,0,0,0
2,0,172,0,Global,CV27,tr,3,5.4,5.4,1.0562201822176576,0.050092932768166065,True,872952832,926941184,4,0,18,0,IR-COST-P0_attempt0,0,0,0,0
2,0,172,0,Text,CV27,tr,3,5.4,5.4,1.0006543062627316,0.2106091408059001,True,2206979584,2243952640,4,0,18,58,IR-COST-P0_attempt0,0,0,0,0
2,0,172,0,Text+Global,CV27,tr,3,5.4,5.4,1.1030129492282867,0.017734428867697716,True,2206979584,2243952640,4,0,18,58,IR-COST-P0_attempt0,0,0,0,0
2,0,172,0,B5,CV27,tr,3,5.4,5.4,0.4824408385902643,0.749794851988554,True,873433600,926941184,1,0,18,0,IR-COST-P0_attempt0,0,0,0,0
2,0,172,0,Conf,CV27,tr,3,5.4,5.4,0.9599452633410692,0.01802872773259878,True,872952832,926941184,4,1,20,0,IR-COST-P0_attempt0,0,0,0,0
2,0,172,1,Text,CV27,tr,3,5.4,5.4,1.0112806567922235,0.21911477390676737,True,2206979584,2243952640,4,0,18,58,IR-COST-P0_attempt0,0,0,0,0
2,0,172,1,Text+Global,CV27,tr,3,5.4,5.4,1.110267431475222,0.01773787848651409,True,2206979584,2243952640,4,0,18,58,IR-COST-P0_attempt0,0,0,0,0
2,0,172,1,B5,CV27,tr,3,5.4,5.4,0.5026443749666214,0.7601302834227681,True,873433600,926941184,1,0,18,0,IR-COST-P0_attempt0,0,0,0,0
2,0,172,1,Conf,CV27,tr,3,5.4,5.4,0.9525285130366683,0.018108990974724293,True,872952832,926941184,4,1,20,0,IR-COST-P0_attempt0,0,0,0,0
2,0,172,1,Global,CV27,tr,3,5.4,5.4,1.0501571483910084,0.01813079323619604,True,872952832,926941184,4,0,18,0,IR-COST-P0_attempt0,0,0,0,0
2,0,172,2,Text+Global,CV27,tr,3,5.4,5.4,1.0993839604780078,0.22586413007229567,True,2206979584,2243952640,4,0,18,58,IR-COST-P0_attempt0,0,0,0,0
2,0,172,2,B5,CV27,tr,3,5.4,5.4,0.48021922912448645,0.7621407527476549,True,873433600,926941184,1,0,18,0,IR-COST-P0_attempt0,0,0,0,0
2,0,172,2,Conf,CV27,tr,3,5.4,5.4,0.9669358441606164,0.01811650302261114,True,872952832,926941184,4,1,20,0,IR-COST-P0_attempt0,0,0,0,0
2,0,172,2,Global,CV27,tr,3,5.4,5.4,1.0721583627164364,0.018028462305665016,True,872952832,926941184,4,0,18,0,IR-COST-P0_attempt0,0,0,0,0
2,0,172,2,Text,CV27,tr,3,5.4,5.4,1.0037715956568718,0.21848872397094965,True,2206979584,2243952640,4,0,18,58,IR-COST-P0_attempt0,0,0,0,0
2,0,174,0,Text+Global,CV27,tr,3,4.776,4.776,1.1851665982976556,0.01742388028651476,True,2206979584,2246049792,5,1,21,74,IR-COST-P0_attempt0,0,0,0,0
2,0,174,0,B5,CV27,tr,3,4.776,4.776,0.5064722560346127,0.7619638266041875,True,873433600,926941184,1,0,20,0,IR-COST-P0_attempt0,0,0,0,0
2,0,174,0,Conf,CV27,tr,3,4.776,4.776,1.0228719059377909,0.018110119737684727,True,872952832,926941184,5,0,20,0,IR-COST-P0_attempt0,0,0,0,0
2,0,174,0,Global,CV27,tr,3,4.776,4.776,1.1638197284191847,0.020254800096154213,True,872952832,926941184,5,0,20,0,IR-COST-P0_attempt0,0,0,0,0
2,0,174,0,Text,CV27,tr,3,4.776,4.776,1.0758960265666246,0.21988185588270426,True,2206979584,2246049792,5,1,21,74,IR-COST-P0_attempt0,0,0,0,0
2,0,174,1,B5,CV27,tr,3,4.776,4.776,0.5190474735572934,0.789348904043436,True,873433600,926941184,1,0,20,0,IR-COST-P0_attempt0,0,0,0,0
2,0,174,1,Conf,CV27,tr,3,4.776,4.776,1.0154191758483648,0.03483380377292633,True,872952832,926941184,5,0,20,0,IR-COST-P0_attempt0,0,0,0,0
2,0,174,1,Global,CV27,tr,3,4.776,4.776,1.1378528429195285,0.018043951131403446,True,872952832,926941184,5,0,20,0,IR-COST-P0_attempt0,0,0,0,0
2,0,174,1,Text,CV27,tr,3,4.776,4.776,1.0702910209074616,0.23181628249585629,True,2206979584,2246049792,5,1,21,74,IR-COST-P0_attempt0,0,0,0,0
2,0,174,1,Text+Global,CV27,tr,3,4.776,4.776,1.1967897582799196,0.03929000347852707,True,2206979584,2246049792,5,1,21,74,IR-COST-P0_attempt0,0,0,0,0
2,0,174,2,Conf,CV27,tr,3,4.776,4.776,1.0749079147353768,0.8283889703452587,True,872952832,926941184,5,0,20,0,IR-COST-P0_attempt0,0,0,0,0
2,0,174,2,Global,CV27,tr,3,4.776,4.776,1.140734625980258,0.022553985007107258,True,872952832,926941184,5,0,20,0,IR-COST-P0_attempt0,0,0,0,0
2,0,174,2,Text,CV27,tr,3,4.776,4.776,1.07082243822515,0.22546738851815462,True,2206979584,2246049792,5,1,21,74,IR-COST-P0_attempt0,0,0,0,0
2,0,174,2,Text+Global,CV27,tr,3,4.776,4.776,1.1905395584180951,0.017460299655795097,True,2206979584,2246049792,5,1,21,74,IR-COST-P0_attempt0,0,0,0,0
2,0,174,2,B5,CV27,tr,3,4.776,4.776,0.5109144253656268,0.744740235619247,True,873433600,926941184,1,0,20,0,IR-COST-P0_attempt0,0,0,0,0
2,0,176,0,Conf,CV27,tr,4,6.1275,6.1275,1.171600359492004,0.02215460781008005,True,872952832,929038336,1,0,28,0,IR-COST-P0_attempt0,0,0,0,0
2,0,176,0,Global,CV27,tr,4,6.1275,6.1275,1.179687055759132,0.018251433968544006,True,872952832,929038336,1,0,28,0,IR-COST-P0_attempt0,0,0,0,0
2,0,176,0,Text,CV27,tr,4,6.1275,6.1275,1.1773655517026782,0.19413320627063513,True,2206979584,2246049792,1,0,28,0,IR-COST-P0_attempt0,0,0,0,0
2,0,176,0,Text+Global,CV27,tr,4,6.1275,6.1275,1.185031964443624,0.021436295472085476,True,2206979584,2246049792,1,0,28,0,IR-COST-P0_attempt0,0,0,0,0
2,0,176,0,B5,CV27,tr,4,6.1275,6.1275,0.6467856112867594,0.7503912374377251,True,873433600,929038336,1,0,28,0,IR-COST-P0_attempt0,0,0,0,0
2,0,176,1,Global,CV27,tr,4,6.1275,6.1275,1.1731947343796492,0.01807992346584797,True,872952832,929038336,1,0,28,0,IR-COST-P0_attempt0,0,0,0,0
2,0,176,1,Text,CV27,tr,4,6.1275,6.1275,1.1709125703200698,0.19451286178082228,True,2206979584,2246049792,1,0,28,0,IR-COST-P0_attempt0,0,0,0,0
2,0,176,1,Text+Global,CV27,tr,4,6.1275,6.1275,1.1808811202645302,0.04275763873010874,True,2206979584,2246049792,1,0,28,0,IR-COST-P0_attempt0,0,0,0,0
2,0,176,1,B5,CV27,tr,4,6.1275,6.1275,0.6678601317107677,0.7530957814306021,True,873433600,929038336,1,0,28,0,IR-COST-P0_attempt0,0,0,0,0
2,0,176,1,Conf,CV27,tr,4,6.1275,6.1275,1.1724085826426744,0.018017126247286797,True,872952832,929038336,1,0,28,0,IR-COST-P0_attempt0,0,0,0,0
2,0,176,2,Text,CV27,tr,4,6.1275,6.1275,1.1870049545541406,0.22179676964879036,True,2206979584,2246049792,1,0,28,0,IR-COST-P0_attempt0,0,0,0,0
2,0,176,2,Text+Global,CV27,tr,4,6.1275,6.1275,1.1810699990019202,0.017572601325809956,True,2206979584,2246049792,1,0,28,0,IR-COST-P0_attempt0,0,0,0,0
2,0,176,2,B5,CV27,tr,4,6.1275,6.1275,0.7014710465446115,0.7585992282256484,True,873433600,929038336,1,0,28,0,IR-COST-P0_attempt0,0,0,0,0
2,0,176,2,Conf,CV27,tr,4,6.1275,6.1275,1.2033668467774987,0.018234621733427048,True,872952832,929038336,1,0,28,0,IR-COST-P0_attempt0,0,0,0,0
2,0,176,2,Global,CV27,tr,4,6.1275,6.1275,1.1791311306878924,0.03019426204264164,True,872952832,929038336,1,0,28,0,IR-COST-P0_attempt0,0,0,0,0
2,0,178,0,Text,CV27,tr,4,9.216,9.216,1.8113283654674888,0.21635561157017946,True,2206979584,2300575744,3,0,39,72,IR-COST-P0_attempt0,0,0,0,0
2,0,178,0,Text+Global,CV27,tr,4,9.216,9.216,1.885354096069932,0.03632007446140051,True,2206979584,2300575744,3,0,39,72,IR-COST-P0_attempt0,0,0,0,0
2,0,178,0,B5,CV27,tr,4,9.216,9.216,0.9386691618710756,0.7664316548034549,True,873433600,933232640,1,0,39,0,IR-COST-P0_attempt0,0,0,0,0
2,0,178,0,Conf,CV27,tr,4,9.216,9.216,1.7683520959690213,0.018466402776539326,True,872952832,933232640,3,0,39,0,IR-COST-P0_attempt0,0,0,0,0
2,0,178,0,Global,CV27,tr,4,9.216,9.216,1.856911899521947,0.018413754180073738,True,872952832,933232640,3,0,39,0,IR-COST-P0_attempt0,0,0,0,0
2,0,178,1,Text+Global,CV27,tr,4,9.216,9.216,1.8887174222618341,0.23444113973528147,True,2206979584,2300575744,3,0,39,72,IR-COST-P0_attempt0,0,0,0,0
2,0,178,1,B5,CV27,tr,4,9.216,9.216,0.9465178707614541,0.7706558164209127,True,873433600,933232640,1,0,39,0,IR-COST-P0_attempt0,0,0,0,0
2,0,178,1,Conf,CV27,tr,4,9.216,9.216,1.7831898080185056,0.018283477053046227,True,872952832,933232640,3,0,39,0,IR-COST-P0_attempt0,0,0,0,0
2,0,178,1,Global,CV27,tr,4,9.216,9.216,1.8474426679313183,0.018440467305481434,True,872952832,933232640,3,0,39,0,IR-COST-P0_attempt0,0,0,0,0
2,0,178,1,Text,CV27,tr,4,9.216,9.216,1.8140984326601028,0.22916688304394484,True,2206979584,2300575744,3,0,39,72,IR-COST-P0_attempt0,0,0,0,0
2,0,178,2,B5,CV27,tr,4,9.216,9.216,0.9350982969626784,0.7831433983519673,True,873433600,933232640,1,0,39,0,IR-COST-P0_attempt0,0,0,0,0
2,0,178,2,Conf,CV27,tr,4,9.216,9.216,1.7724256105720997,0.019426879473030567,True,872952832,933232640,3,0,39,0,IR-COST-P0_attempt0,0,0,0,0
2,0,178,2,Global,CV27,tr,4,9.216,9.216,1.9103943994268775,0.01923047099262476,True,872952832,933232640,3,0,39,0,IR-COST-P0_attempt0,0,0,0,0
2,0,178,2,Text,CV27,tr,4,9.216,9.216,1.8088218737393618,0.23291645012795925,True,2206979584,2300575744,3,0,39,72,IR-COST-P0_attempt0,0,0,0,0
2,0,178,2,Text+Global,CV27,tr,4,9.216,9.216,1.889811492525041,0.020929955877363682,True,2206979584,2300575744,3,0,39,72,IR-COST-P0_attempt0,0,0,0,0
2,0,180,0,B5,CV27,it,0,3.264,3.264,0.19980817288160324,0.7836700016632676,True,873433600,924844032,1,0,4,0,IR-COST-P0_attempt0,0,0,0,0
2,0,180,0,Conf,CV27,it,0,3.264,3.264,0.35266859736293554,0.01799256168305874,True,872952832,924844032,2,0,4,0,IR-COST-P0_attempt0,0,0,0,0
2,0,180,0,Global,CV27,it,0,3.264,3.264,0.40304780658334494,0.017913654446601868,True,872952832,924844032,2,0,4,0,IR-COST-P0_attempt0,0,0,0,0
2,0,180,0,Text,CV27,it,0,3.264,3.264,0.3708979170769453,0.22670206800103188,True,2206979584,2241855488,2,1,5,9,IR-COST-P0_attempt0,0,0,0,0
2,0,180,0,Text+Global,CV27,it,0,3.264,3.264,0.42358808778226376,0.019600086845457554,True,2206979584,2241855488,2,1,5,9,IR-COST-P0_attempt0,0,0,0,0
2,0,180,1,Conf,CV27,it,0,3.264,3.264,0.35032733529806137,0.7603914812207222,True,872952832,924844032,2,0,4,0,IR-COST-P0_attempt0,0,0,0,0
2,0,180,1,Global,CV27,it,0,3.264,3.264,0.4073749128729105,0.018034893088042736,True,872952832,924844032,2,0,4,0,IR-COST-P0_attempt0,0,0,0,0
2,0,180,1,Text,CV27,it,0,3.264,3.264,0.3797721890732646,0.227817814797163,True,2206979584,2241855488,2,1,5,9,IR-COST-P0_attempt0,0,0,0,0
2,0,180,1,Text+Global,CV27,it,0,3.264,3.264,0.42346704471856356,0.017674309201538563,True,2206979584,2241855488,2,1,5,9,IR-COST-P0_attempt0,0,0,0,0
2,0,180,1,B5,CV27,it,0,3.264,3.264,0.18981728609651327,0.7657183976843953,True,873433600,924844032,1,0,4,0,IR-COST-P0_attempt0,0,0,0,0
2,0,180,2,Global,CV27,it,0,3.264,3.264,0.4009951362386346,0.018093561753630638,True,872952832,924844032,2,0,4,0,IR-COST-P0_attempt0,0,0,0,0
2,0,180,2,Text,CV27,it,0,3.264,3.264,0.36998717579990625,0.22895426489412785,True,2206979584,2241855488,2,1,5,9,IR-COST-P0_attempt0,0,0,0,0
2,0,180,2,Text+Global,CV27,it,0,3.264,3.264,0.4242077087983489,0.02135277260094881,True,2206979584,2241855488,2,1,5,9,IR-COST-P0_attempt0,0,0,0,0
2,0,180,2,B5,CV27,it,0,3.264,3.264,0.18841991107910872,0.7695507472380996,True,873433600,924844032,1,0,4,0,IR-COST-P0_attempt0,0,0,0,0
2,0,180,2,Conf,CV27,it,0,3.264,3.264,0.3479869198054075,0.019113953225314617,True,872952832,924844032,2,0,4,0,IR-COST-P0_attempt0,0,0,0,0
2,0,182,0,Global,CV27,it,0,3.984,3.984,0.8494185665622354,0.01791184674948454,True,872952832,926941184,4,0,13,0,IR-COST-P0_attempt0,0,0,0,0
2,0,182,0,Text,CV27,it,0,3.984,3.984,0.7963423682376742,0.2243506396189332,True,2206979584,2243952640,4,0,13,50,IR-COST-P0_attempt0,0,0,0,0
2,0,182,0,Text+Global,CV27,it,0,3.984,3.984,0.8947183378040791,0.017303498461842537,True,2206979584,2243952640,4,0,13,50,IR-COST-P0_attempt0,0,0,0,0
2,0,182,0,B5,CV27,it,0,3.984,3.984,0.40006078220903873,0.7625505495816469,True,873433600,926941184,1,0,13,0,IR-COST-P0_attempt0,0,0,0,0
2,0,182,0,Conf,CV27,it,0,3.984,3.984,0.7577760554850101,0.018217098899185658,True,872952832,926941184,4,0,13,0,IR-COST-P0_attempt0,0,0,0,0
2,0,182,1,Text,CV27,it,0,3.984,3.984,0.7959182569757104,0.2216245885938406,True,2206979584,2243952640,4,0,13,50,IR-COST-P0_attempt0,0,0,0,0
2,0,182,1,Text+Global,CV27,it,0,3.984,3.984,0.9027958111837506,0.017484339885413647,True,2206979584,2243952640,4,0,13,50,IR-COST-P0_attempt0,0,0,0,0
2,0,182,1,B5,CV27,it,0,3.984,3.984,0.39788070134818554,0.7660520039498806,True,873433600,926941184,1,0,13,0,IR-COST-P0_attempt0,0,0,0,0
2,0,182,1,Conf,CV27,it,0,3.984,3.984,0.7509818123653531,0.02586758229881525,True,872952832,926941184,4,0,13,0,IR-COST-P0_attempt0,0,0,0,0
2,0,182,1,Global,CV27,it,0,3.984,3.984,0.8476717192679644,0.01832814048975706,True,872952832,926941184,4,0,13,0,IR-COST-P0_attempt0,0,0,0,0
2,0,182,2,Text+Global,CV27,it,0,3.984,3.984,0.9045795388519764,0.2106703668832779,True,2206979584,2243952640,4,0,13,50,IR-COST-P0_attempt0,0,0,0,0
2,0,182,2,B5,CV27,it,0,3.984,3.984,0.3917587110772729,0.7553087659180164,True,873433600,926941184,1,0,13,0,IR-COST-P0_attempt0,0,0,0,0
2,0,182,2,Conf,CV27,it,0,3.984,3.984,0.7567319702357054,0.018185146152973175,True,872952832,926941184,4,0,13,0,IR-COST-P0_attempt0,0,0,0,0
2,0,182,2,Global,CV27,it,0,3.984,3.984,0.8473516814410686,0.017954368144273758,True,872952832,926941184,4,0,13,0,IR-COST-P0_attempt0,0,0,0,0
2,0,182,2,Text,CV27,it,0,3.984,3.984,0.7968838345259428,0.20625270623713732,True,2206979584,2243952640,4,0,13,50,IR-COST-P0_attempt0,0,0,0,0
2,0,184,0,Text+Global,CV27,it,1,5.376,5.376,0.8621597168967128,0.03976455517113209,True,2206979584,2241855488,4,0,12,43,IR-COST-P0_attempt0,0,0,0,0
2,0,184,0,B5,CV27,it,1,5.376,5.376,0.3567714439705014,0.7640571845695376,True,873433600,926941184,1,0,12,0,IR-COST-P0_attempt0,0,0,0,0
2,0,184,0,Conf,CV27,it,1,5.376,5.376,0.7129009300842881,0.02183421328663826,True,872952832,924844032,4,1,13,0,IR-COST-P0_attempt0,0,0,0,0
2,0,184,0,Global,CV27,it,1,5.376,5.376,0.8131908383220434,0.017906653694808483,True,872952832,924844032,4,3,13,0,IR-COST-P0_attempt0,0,0,0,0
2,0,184,0,Text,CV27,it,1,5.376,5.376,0.7855941811576486,0.23778060264885426,True,2206979584,2241855488,4,0,12,43,IR-COST-P0_attempt0,0,0,0,0
2,0,184,1,B5,CV27,it,1,5.376,5.376,0.3586238259449601,0.7687697876244783,True,873433600,926941184,1,0,12,0,IR-COST-P0_attempt0,0,0,0,0
2,0,184,1,Conf,CV27,it,1,5.376,5.376,0.7275179522112012,0.018170871771872044,True,872952832,924844032,4,1,13,0,IR-COST-P0_attempt0,0,0,0,0
2,0,184,1,Global,CV27,it,1,5.376,5.376,0.8317876188084483,0.018149778246879578,True,872952832,924844032,4,3,13,0,IR-COST-P0_attempt0,0,0,0,0
2,0,184,1,Text,CV27,it,1,5.376,5.376,0.7624686881899834,0.23421090189367533,True,2206979584,2241855488,4,0,12,43,IR-COST-P0_attempt0,0,0,0,0
2,0,184,1,Text+Global,CV27,it,1,5.376,5.376,0.8545693289488554,0.017276456579566002,True,2206979584,2241855488,4,0,12,43,IR-COST-P0_attempt0,0,0,0,0
2,0,184,2,Conf,CV27,it,1,5.376,5.376,0.7159078372642398,0.7660853965207934,True,872952832,924844032,4,1,13,0,IR-COST-P0_attempt0,0,0,0,0
2,0,184,2,Global,CV27,it,1,5.376,5.376,0.8264211155474186,0.018548715859651566,True,872952832,924844032,4,3,13,0,IR-COST-P0_attempt0,0,0,0,0
2,0,184,2,Text,CV27,it,1,5.376,5.376,0.7559812488034368,0.2351060565561056,True,2206979584,2241855488,4,0,12,43,IR-COST-P0_attempt0,0,0,0,0
2,0,184,2,Text+Global,CV27,it,1,5.376,5.376,0.8529827790334821,0.033231631852686405,True,2206979584,2241855488,4,0,12,43,IR-COST-P0_attempt0,0,0,0,0
2,0,184,2,B5,CV27,it,1,5.376,5.376,0.35306635592132807,0.7650106325745583,True,873433600,926941184,1,0,12,0,IR-COST-P0_attempt0,0,0,0,0
2,0,186,0,Conf,CV27,it,1,5.28,5.28,1.0725990515202284,0.017910524271428585,True,872952832,929038336,2,0,22,0,IR-COST-P0_attempt0,0,0,0,0
2,0,186,0,Global,CV27,it,1,5.28,5.28,1.0975856753066182,0.018967696465551853,True,872952832,929038336,2,0,22,0,IR-COST-P0_attempt0,0,0,0,0
2,0,186,0,Text,CV27,it,1,5.28,5.28,1.0795298023149371,0.22883247397840023,True,2206979584,2246049792,2,0,22,41,IR-COST-P0_attempt0,0,0,0,0
2,0,186,0,Text+Global,CV27,it,1,5.28,5.28,1.1233767699450254,0.01752993743866682,True,2206979584,2246049792,2,0,22,41,IR-COST-P0_attempt0,0,0,0,0
2,0,186,0,B5,CV27,it,1,5.28,5.28,0.5542366886511445,0.7675816398113966,True,873433600,929038336,1,0,22,0,IR-COST-P0_attempt0,0,0,0,0
2,0,186,1,Global,CV27,it,1,5.28,5.28,1.103956083767116,0.01948006357997656,True,872952832,929038336,2,0,22,0,IR-COST-P0_attempt0,0,0,0,0
2,0,186,1,Text,CV27,it,1,5.28,5.28,1.0772009724751115,0.22185651119798422,True,2206979584,2246049792,2,0,22,41,IR-COST-P0_attempt0,0,0,0,0
2,0,186,1,Text+Global,CV27,it,1,5.28,5.28,1.1333914063870907,0.017559772357344627,True,2206979584,2246049792,2,0,22,41,IR-COST-P0_attempt0,0,0,0,0
2,0,186,1,B5,CV27,it,1,5.28,5.28,0.5529691698029637,0.765412550419569,True,873433600,929038336,1,0,22,0,IR-COST-P0_attempt0,0,0,0,0
2,0,186,1,Conf,CV27,it,1,5.28,5.28,1.079241351224482,0.01814498845487833,True,872952832,929038336,2,0,22,0,IR-COST-P0_attempt0,0,0,0,0
2,0,186,2,Text,CV27,it,1,5.28,5.28,1.0742800626903772,0.23681037221103907,True,2206979584,2246049792,2,0,22,41,IR-COST-P0_attempt0,0,0,0,0
2,0,186,2,Text+Global,CV27,it,1,5.28,5.28,1.1468799505382776,0.017910090275108814,True,2206979584,2246049792,2,0,22,41,IR-COST-P0_attempt0,0,0,0,0
2,0,186,2,B5,CV27,it,1,5.28,5.28,0.5653550000861287,0.7620884040370584,True,873433600,929038336,1,0,22,0,IR-COST-P0_attempt0,0,0,0,0
2,0,186,2,Conf,CV27,it,1,5.28,5.28,1.0679421266540885,0.017938447184860706,True,872952832,929038336,2,0,22,0,IR-COST-P0_attempt0,0,0,0,0
2,0,186,2,Global,CV27,it,1,5.28,5.28,1.1220684796571732,0.018311687745153904,True,872952832,929038336,2,0,22,0,IR-COST-P0_attempt0,0,0,0,0
2,0,188,0,Text,CV27,it,2,5.856,5.856,1.2110508866608143,0.21920638252049685,True,2206979584,2246049792,5,0,22,94,IR-COST-P0_attempt0,0,0,0,0
2,0,188,0,Text+Global,CV27,it,2,5.856,5.856,1.3316132528707385,0.01745016686618328,True,2206979584,2246049792,5,0,22,94,IR-COST-P0_attempt0,0,0,0,0
2,0,188,0,B5,CV27,it,2,5.856,5.856,0.5846446827054024,0.7719349199905992,True,873433600,929038336,1,0,22,0,IR-COST-P0_attempt0,0,0,0,0
2,0,188,0,Conf,CV27,it,2,5.856,5.856,1.1581897046416998,0.01802656799554825,True,872952832,929038336,5,1,22,0,IR-COST-P0_attempt0,0,0,0,0
2,0,188,0,Global,CV27,it,2,5.856,5.856,1.2792097786441445,0.018424922600388527,True,872952832,929038336,5,1,22,0,IR-COST-P0_attempt0,0,0,0,0
2,0,188,1,Text+Global,CV27,it,2,5.856,5.856,1.3336021769791842,0.22173961997032166,True,2206979584,2246049792,5,0,22,94,IR-COST-P0_attempt0,0,0,0,0
2,0,188,1,B5,CV27,it,2,5.856,5.856,0.5736637292429805,0.7680853717029095,True,873433600,929038336,1,0,22,0,IR-COST-P0_attempt0,0,0,0,0
2,0,188,1,Conf,CV27,it,2,5.856,5.856,1.1586264865472913,0.018199753016233444,True,872952832,929038336,5,1,22,0,IR-COST-P0_attempt0,0,0,0,0
2,0,188,1,Global,CV27,it,2,5.856,5.856,1.2685904558748007,0.018253627233207226,True,872952832,929038336,5,1,22,0,IR-COST-P0_attempt0,0,0,0,0
2,0,188,1,Text,CV27,it,2,5.856,5.856,1.2182330470532179,0.2350785443559289,True,2206979584,2246049792,5,0,22,94,IR-COST-P0_attempt0,0,0,0,0
2,0,188,2,B5,CV27,it,2,5.856,5.856,0.5981682650744915,0.7711068512871861,True,873433600,929038336,1,0,22,0,IR-COST-P0_attempt0,0,0,0,0
2,0,188,2,Conf,CV27,it,2,5.856,5.856,1.1511873714625835,0.01898083370178938,True,872952832,929038336,5,1,22,0,IR-COST-P0_attempt0,0,0,0,0
2,0,188,2,Global,CV27,it,2,5.856,5.856,1.3003906132653356,0.018447442911565304,True,872952832,929038336,5,1,22,0,IR-COST-P0_attempt0,0,0,0,0
2,0,188,2,Text,CV27,it,2,5.856,5.856,1.2406139746308327,0.23504590336233377,True,2206979584,2246049792,5,0,22,94,IR-COST-P0_attempt0,0,0,0,0
2,0,188,2,Text+Global,CV27,it,2,5.856,5.856,1.3401445541530848,0.018136641941964626,True,2206979584,2246049792,5,0,22,94,IR-COST-P0_attempt0,0,0,0,0
2,0,190,0,B5,CV27,it,2,6.24,6.24,0.533198649995029,0.7657895963639021,True,873433600,929038336,1,0,19,0,IR-COST-P0_attempt0,0,0,0,0
2,0,190,0,Conf,CV27,it,2,6.24,6.24,1.0576748521998525,0.03177596256136894,True,872952832,929038336,5,0,19,0,IR-COST-P0_attempt0,0,0,0,0
2,0,190,0,Global,CV27,it,2,6.24,6.24,1.1767764333635569,0.018571896478533745,True,872952832,929038336,5,0,19,0,IR-COST-P0_attempt0,0,0,0,0
2,0,190,0,Text,CV27,it,2,6.24,6.24,1.1202053558081388,0.22957564238458872,True,2206979584,2246049792,5,0,19,88,IR-COST-P0_attempt0,0,0,0,0
2,0,190,0,Text+Global,CV27,it,2,6.24,6.24,1.2377069555222988,0.01781103666871786,True,2206979584,2246049792,5,0,19,88,IR-COST-P0_attempt0,0,0,0,0
2,0,190,1,Conf,CV27,it,2,6.24,6.24,1.0717369755730033,0.7534863529726863,True,872952832,929038336,5,0,19,0,IR-COST-P0_attempt0,0,0,0,0
2,0,190,1,Global,CV27,it,2,6.24,6.24,1.1797878853976727,0.018254696391522884,True,872952832,929038336,5,0,19,0,IR-COST-P0_attempt0,0,0,0,0
2,0,190,1,Text,CV27,it,2,6.24,6.24,1.1192670948803425,0.22565207164734602,True,2206979584,2246049792,5,0,19,88,IR-COST-P0_attempt0,0,0,0,0
2,0,190,1,Text+Global,CV27,it,2,6.24,6.24,1.2282572574913502,0.018586302176117897,True,2206979584,2246049792,5,0,19,88,IR-COST-P0_attempt0,0,0,0,0
2,0,190,1,B5,CV27,it,2,6.24,6.24,0.5270930025726557,0.7886368678882718,True,873433600,929038336,1,0,19,0,IR-COST-P0_attempt0,0,0,0,0
2,0,190,2,Global,CV27,it,2,6.24,6.24,1.1852873768657446,0.01803541276603937,True,872952832,929038336,5,0,19,0,IR-COST-P0_attempt0,0,0,0,0
2,0,190,2,Text,CV27,it,2,6.24,6.24,1.0988007364794612,0.22131409589201212,True,2206979584,2246049792,5,0,19,88,IR-COST-P0_attempt0,0,0,0,0
2,0,190,2,Text+Global,CV27,it,2,6.24,6.24,1.2193915471434593,0.017694765701889992,True,2206979584,2246049792,5,0,19,88,IR-COST-P0_attempt0,0,0,0,0
2,0,190,2,B5,CV27,it,2,6.24,6.24,0.5287880096584558,0.7419006591662765,True,873433600,929038336,1,0,19,0,IR-COST-P0_attempt0,0,0,0,0
2,0,190,2,Conf,CV27,it,2,6.24,6.24,1.0686075501143932,0.01806013099849224,True,872952832,929038336,5,0,19,0,IR-COST-P0_attempt0,0,0,0,0
2,0,192,0,Global,CV27,it,3,7.488,7.488,1.34361367020756,0.018304484896361828,True,872952832,929038336,3,1,28,0,IR-COST-P0_attempt0,0,0,0,0
2,0,192,0,Text,CV27,it,3,7.488,7.488,1.308589511550963,0.20329023990780115,True,2206979584,2296381440,3,1,28,71,IR-COST-P0_attempt0,0,0,0,0
2,0,192,0,Text+Global,CV27,it,3,7.488,7.488,1.3697410831227899,0.018949328921735287,True,2206979584,2296381440,3,0,28,71,IR-COST-P0_attempt0,0,0,0,0
2,0,192,0,B5,CV27,it,3,7.488,7.488,0.6551877846941352,0.7791090719401836,True,873433600,929038336,1,0,28,0,IR-COST-P0_attempt0,0,0,0,0
2,0,192,0,Conf,CV27,it,3,7.488,7.488,1.2613863553851843,0.01820858847349882,True,872952832,929038336,3,1,28,0,IR-COST-P0_attempt0,0,0,0,0
2,0,192,1,Text,CV27,it,3,7.488,7.488,1.2984072789549828,0.23609541542828083,True,2206979584,2296381440,3,1,28,71,IR-COST-P0_attempt0,0,0,0,0
2,0,192,1,Text+Global,CV27,it,3,7.488,7.488,1.3698638686910272,0.019331653602421284,True,2206979584,2296381440,3,0,28,71,IR-COST-P0_attempt0,0,0,0,0
2,0,192,1,B5,CV27,it,3,7.488,7.488,0.6529814908280969,0.7498259162530303,True,873433600,929038336,1,0,28,0,IR-COST-P0_attempt0,0,0,0,0
2,0,192,1,Conf,CV27,it,3,7.488,7.488,1.2848540749400854,0.018036749213933945,True,872952832,929038336,3,1,28,0,IR-COST-P0_attempt0,0,0,0,0
2,0,192,1,Global,CV27,it,3,7.488,7.488,1.3343399204313755,0.018122512847185135,True,872952832,929038336,3,1,28,0,IR-COST-P0_attempt0,0,0,0,0
2,0,192,2,Text+Global,CV27,it,3,7.488,7.488,1.394011352211237,0.20287767704576254,True,2206979584,2296381440,3,0,28,71,IR-COST-P0_attempt0,0,0,0,0
2,0,192,2,B5,CV27,it,3,7.488,7.488,0.6525174379348755,0.7646570047363639,True,873433600,929038336,1,0,28,0,IR-COST-P0_attempt0,0,0,0,0
2,0,192,2,Conf,CV27,it,3,7.488,7.488,1.2599942106753588,0.0184320155531168,True,872952832,929038336,3,1,28,0,IR-COST-P0_attempt0,0,0,0,0
2,0,192,2,Global,CV27,it,3,7.488,7.488,1.3450692920014262,0.018171871080994606,True,872952832,929038336,3,1,28,0,IR-COST-P0_attempt0,0,0,0,0
2,0,192,2,Text,CV27,it,3,7.488,7.488,1.2986732590943575,0.2273089960217476,True,2206979584,2296381440,3,1,28,71,IR-COST-P0_attempt0,0,0,0,0
2,0,194,0,Text+Global,CV27,it,3,6.816,6.816,1.483396747149527,0.01867244951426983,True,2206979584,2246049792,5,1,28,110,IR-COST-P0_attempt0,0,0,0,0
2,0,194,0,B5,CV27,it,3,6.816,6.816,0.6937469597905874,0.7486677132546902,True,873433600,929038336,1,0,28,0,IR-COST-P0_attempt0,0,0,0,0
2,0,194,0,Conf,CV27,it,3,6.816,6.816,1.2989993896335363,0.01818931009620428,True,872952832,929038336,5,0,28,0,IR-COST-P0_attempt0,0,0,0,0
2,0,194,0,Global,CV27,it,3,6.816,6.816,1.4340719925239682,0.018034745939075947,True,872952832,929038336,5,0,28,0,IR-COST-P0_attempt0,0,0,0,0
2,0,194,0,Text,CV27,it,3,6.816,6.816,1.3626851718872786,0.20474525168538094,True,2206979584,2246049792,5,1,28,110,IR-COST-P0_attempt0,0,0,0,0
2,0,194,1,B5,CV27,it,3,6.816,6.816,0.6681412784382701,0.7682049842551351,True,873433600,929038336,1,0,28,0,IR-COST-P0_attempt0,0,0,0,0
2,0,194,1,Conf,CV27,it,3,6.816,6.816,1.2984649883583188,0.01854634378105402,True,872952832,929038336,5,0,28,0,IR-COST-P0_attempt0,0,0,0,0
2,0,194,1,Global,CV27,it,3,6.816,6.816,1.4239371931180358,0.018605848774313927,True,872952832,929038336,5,0,28,0,IR-COST-P0_attempt0,0,0,0,0
2,0,194,1,Text,CV27,it,3,6.816,6.816,1.3615275453776121,0.23648781795054674,True,2206979584,2246049792,5,1,28,110,IR-COST-P0_attempt0,0,0,0,0
2,0,194,1,Text+Global,CV27,it,3,6.816,6.816,1.482528980821371,0.018177798949182034,True,2206979584,2246049792,5,1,28,110,IR-COST-P0_attempt0,0,0,0,0
2,0,194,2,Conf,CV27,it,3,6.816,6.816,1.3053083335980773,0.7663895273581147,True,872952832,929038336,5,0,28,0,IR-COST-P0_attempt0,0,0,0,0
2,0,194,2,Global,CV27,it,3,6.816,6.816,1.4411421222612262,0.021195109002292156,True,872952832,929038336,5,0,28,0,IR-COST-P0_attempt0,0,0,0,0
2,0,194,2,Text,CV27,it,3,6.816,6.816,1.357912096194923,0.22978889103978872,True,2206979584,2246049792,5,1,28,110,IR-COST-P0_attempt0,0,0,0,0
2,0,194,2,Text+Global,CV27,it,3,6.816,6.816,1.4732604371383786,0.01749586407095194,True,2206979584,2246049792,5,1,28,110,IR-COST-P0_attempt0,0,0,0,0
2,0,194,2,B5,CV27,it,3,6.816,6.816,0.6859781127423048,0.7601651512086391,True,873433600,929038336,1,0,28,0,IR-COST-P0_attempt0,0,0,0,0
2,0,196,0,Conf,CV27,it,4,9.744,9.744,0.925443597137928,0.018077264539897442,True,872952832,926941184,2,0,18,0,IR-COST-P0_attempt0,0,0,0,0
2,0,196,0,Global,CV27,it,4,9.744,9.744,0.977299883030355,0.018301062285900116,True,872952832,926941184,2,0,18,0,IR-COST-P0_attempt0,0,0,0,0
2,0,196,0,Text,CV27,it,4,9.744,9.744,0.9513492556288838,0.2050242656841874,True,2206979584,2243952640,2,0,18,32,IR-COST-P0_attempt0,0,0,0,0
2,0,196,0,Text+Global,CV27,it,4,9.744,9.744,0.9917012974619865,0.017693170346319675,True,2206979584,2243952640,2,0,18,32,IR-COST-P0_attempt0,0,0,0,0
2,0,196,0,B5,CV27,it,4,9.744,9.744,0.5003795139491558,0.7501230761408806,True,873433600,926941184,1,0,18,0,IR-COST-P0_attempt0,0,0,0,0
2,0,196,1,Global,CV27,it,4,9.744,9.744,0.9764621136710048,0.018024451099336147,True,872952832,926941184,2,0,18,0,IR-COST-P0_attempt0,0,0,0,0
2,0,196,1,Text,CV27,it,4,9.744,9.744,0.9594876654446125,0.20672670099884272,True,2206979584,2243952640,2,0,18,32,IR-COST-P0_attempt0,0,0,0,0
2,0,196,1,Text+Global,CV27,it,4,9.744,9.744,0.9997460320591927,0.017753961496055126,True,2206979584,2243952640,2,0,18,32,IR-COST-P0_attempt0,0,0,0,0
2,0,196,1,B5,CV27,it,4,9.744,9.744,0.5044356873258948,0.763956462033093,True,873433600,926941184,1,0,18,0,IR-COST-P0_attempt0,0,0,0,0
2,0,196,1,Conf,CV27,it,4,9.744,9.744,0.9255378218367696,0.018090905621647835,True,872952832,926941184,2,0,18,0,IR-COST-P0_attempt0,0,0,0,0
2,0,196,2,Text,CV27,it,4,9.744,9.744,0.9673134097829461,0.22386320680379868,True,2206979584,2243952640,2,0,18,32,IR-COST-P0_attempt0,0,0,0,0
2,0,196,2,Text+Global,CV27,it,4,9.744,9.744,0.9975699232891202,0.017455579712986946,True,2206979584,2243952640,2,0,18,32,IR-COST-P0_attempt0,0,0,0,0
2,0,196,2,B5,CV27,it,4,9.744,9.744,0.5008452003821731,0.7632773630321026,True,873433600,926941184,1,0,18,0,IR-COST-P0_attempt0,0,0,0,0
2,0,196,2,Conf,CV27,it,4,9.744,9.744,0.9278773469850421,0.01796765998005867,True,872952832,926941184,2,0,18,0,IR-COST-P0_attempt0,0,0,0,0
2,0,196,2,Global,CV27,it,4,9.744,9.744,1.0009698867797852,0.018017717637121677,True,872952832,926941184,2,0,18,0,IR-COST-P0_attempt0,0,0,0,0
2,0,198,0,Text,CV27,it,4,8.496,8.496,1.4620125377550721,0.2283400110900402,True,2206979584,2248146944,5,1,30,110,IR-COST-P0_attempt0,0,0,0,0
2,0,198,0,Text+Global,CV27,it,4,8.496,8.496,1.5865515004843473,0.017769886180758476,True,2206979584,2248146944,5,1,30,110,IR-COST-P0_attempt0,0,0,0,0
2,0,198,0,B5,CV27,it,4,8.496,8.496,0.7149912780150771,0.7521671261638403,True,873433600,931135488,1,0,30,0,IR-COST-P0_attempt0,0,0,0,0
2,0,198,0,Conf,CV27,it,4,8.496,8.496,1.3996135964989662,0.018125751987099648,True,872952832,929038336,5,0,30,0,IR-COST-P0_attempt0,0,0,0,0
2,0,198,0,Global,CV27,it,4,8.496,8.496,1.5213247602805495,0.025265340693295002,True,872952832,929038336,5,0,30,0,IR-COST-P0_attempt0,0,0,0,0
2,0,198,1,Text+Global,CV27,it,4,8.496,8.496,1.582173828035593,0.20331837609410286,True,2206979584,2248146944,5,1,30,110,IR-COST-P0_attempt0,0,0,0,0
2,0,198,1,B5,CV27,it,4,8.496,8.496,0.7325864033773541,0.7793545546010137,True,873433600,931135488,1,0,30,0,IR-COST-P0_attempt0,0,0,0,0
2,0,198,1,Conf,CV27,it,4,8.496,8.496,1.4040463659912348,0.018267610110342503,True,872952832,929038336,5,0,30,0,IR-COST-P0_attempt0,0,0,0,0
2,0,198,1,Global,CV27,it,4,8.496,8.496,1.5193559173494577,0.01819393504410982,True,872952832,929038336,5,0,30,0,IR-COST-P0_attempt0,0,0,0,0
2,0,198,1,Text,CV27,it,4,8.496,8.496,1.4608620116487145,0.22729175630956888,True,2206979584,2248146944,5,1,30,110,IR-COST-P0_attempt0,0,0,0,0
2,0,198,2,B5,CV27,it,4,8.496,8.496,0.7207558276131749,0.7685038344934583,True,873433600,931135488,1,0,30,0,IR-COST-P0_attempt0,0,0,0,0
2,0,198,2,Conf,CV27,it,4,8.496,8.496,1.4144014231860638,0.01926832552999258,True,872952832,929038336,5,0,30,0,IR-COST-P0_attempt0,0,0,0,0
2,0,198,2,Global,CV27,it,4,8.496,8.496,1.5231044692918658,0.018340532667934895,True,872952832,929038336,5,0,30,0,IR-COST-P0_attempt0,0,0,0,0
2,0,198,2,Text,CV27,it,4,8.496,8.496,1.4564630119130015,0.22951198276132345,True,2206979584,2248146944,5,1,30,110,IR-COST-P0_attempt0,0,0,0,0
2,0,198,2,Text+Global,CV27,it,4,8.496,8.496,1.5780487414449453,0.017693678848445415,True,2206979584,2248146944,5,1,30,110,IR-COST-P0_attempt0,0,0,0,0
3,1,53,0,Text,TEST,pl,3,11.04,11.04,2.9302782975137234,0.03811967093497515,True,2206979584,2319450112,2,0,44,64,IR-COST-P1_attempt0,1,1,35494.0,35494.0
3,1,53,0,Text+Global,TEST,pl,3,11.04,11.04,3.1592413345351815,0.022907818667590618,True,2206979584,2319450112,2,0,44,64,IR-COST-P1_attempt0,1,1,35494.0,35494.0
3,1,53,0,B5,TEST,pl,3,11.04,11.04,1.4388087689876556,1.0595179367810488,True,873433600,935329792,1,0,44,0,IR-COST-P1_attempt0,1,1,35494.0,35494.0
3,1,53,0,Conf,TEST,pl,3,11.04,11.04,2.8797144014388323,0.02287773136049509,True,872952832,933232640,2,0,44,0,IR-COST-P1_attempt0,1,1,35494.0,35494.0
3,1,53,0,Global,TEST,pl,3,11.04,11.04,2.9969703257083893,0.021815632469952106,True,872952832,933232640,2,0,44,0,IR-COST-P1_attempt0,1,1,35494.0,35494.0
3,1,53,1,Text+Global,TEST,pl,3,11.04,11.04,3.2574029499664903,0.7691683946177363,True,2206979584,2319450112,2,0,44,64,IR-COST-P1_attempt0,1,1,35494.0,35494.0
3,1,53,1,B5,TEST,pl,3,11.04,11.04,1.4239072827622294,0.8143752245232463,True,873433600,935329792,1,0,44,0,IR-COST-P1_attempt0,1,1,35494.0,35494.0
3,1,53,1,Conf,TEST,pl,3,11.04,11.04,2.651986218057573,0.02011332754045725,True,872952832,933232640,2,0,44,0,IR-COST-P1_attempt0,1,1,35494.0,35494.0
3,1,53,1,Global,TEST,pl,3,11.04,11.04,2.7388335652649403,0.04744372330605984,True,872952832,933232640,2,0,44,0,IR-COST-P1_attempt0,1,1,35494.0,35494.0
3,1,53,1,Text,TEST,pl,3,11.04,11.04,2.937110888771713,0.482161533087492,True,2206979584,2319450112,2,0,44,64,IR-COST-P1_attempt0,1,1,35494.0,35494.0
3,1,53,2,B5,TEST,pl,3,11.04,11.04,1.5429840181022882,0.7647852068766952,True,873433600,935329792,1,0,44,0,IR-COST-P1_attempt0,1,1,35494.0,35494.0
3,1,53,2,Conf,TEST,pl,3,11.04,11.04,2.6795179918408394,0.05527186021208763,True,872952832,933232640,2,0,44,0,IR-COST-P1_attempt0,1,1,35494.0,35494.0
3,1,53,2,Global,TEST,pl,3,11.04,11.04,3.0020075235515833,0.024374847300350666,True,872952832,933232640,2,0,44,0,IR-COST-P1_attempt0,1,1,35494.0,35494.0
3,1,53,2,Text,TEST,pl,3,11.04,11.04,3.005664342083037,0.430645608343184,True,2206979584,2319450112,2,0,44,64,IR-COST-P1_attempt0,1,1,35494.0,35494.0
3,1,53,2,Text+Global,TEST,pl,3,11.04,11.04,3.1929325498640537,0.023121753707528114,True,2206979584,2319450112,2,0,44,64,IR-COST-P1_attempt0,1,1,35494.0,35494.0
3,1,55,0,B5,TEST,pl,3,10.32,10.32,1.5750752296298742,0.7798487050458789,True,873433600,935329792,1,0,51,0,IR-COST-P1_attempt0,1,1,35494.0,35494.0
3,1,55,0,Conf,TEST,pl,3,10.32,10.32,3.298919703811407,0.01900966465473175,True,872952832,935329792,4,1,50,0,IR-COST-P1_attempt0,1,1,35494.0,35494.0
3,1,55,0,Global,TEST,pl,3,10.32,10.32,3.294065283611417,0.019579055719077587,True,872952832,935329792,4,2,50,0,IR-COST-P1_attempt0,1,1,35494.0,35494.0
3,1,55,0,Text,TEST,pl,3,10.32,10.32,3.8848758349195123,0.5042599588632584,True,2206979584,2319450112,4,3,52,174,IR-COST-P1_attempt0,1,1,35494.0,35494.0
3,1,55,0,Text+Global,TEST,pl,3,10.32,10.32,3.5688947988674045,0.050435843877494335,True,2206979584,2319450112,4,3,52,174,IR-COST-P1_attempt0,1,1,35494.0,35494.0
3,1,55,1,Conf,TEST,pl,3,10.32,10.32,3.304990648292005,0.7830517487600446,True,872952832,935329792,4,1,50,0,IR-COST-P1_attempt0,1,1,35494.0,35494.0
3,1,55,1,Global,TEST,pl,3,10.32,10.32,3.188543629832566,0.022104539908468723,True,872952832,935329792,4,2,50,0,IR-COST-P1_attempt0,1,1,35494.0,35494.0
3,1,55,1,Text,TEST,pl,3,10.32,10.32,3.4031302966177464,0.4378238767385483,True,2206979584,2319450112,4,3,52,174,IR-COST-P1_attempt0,1,1,35494.0,35494.0
3,1,55,1,Text+Global,TEST,pl,3,10.32,10.32,3.736190893687308,0.02016159240156412,True,2206979584,2319450112,4,3,52,174,IR-COST-P1_attempt0,1,1,35494.0,35494.0
3,1,55,1,B5,TEST,pl,3,10.32,10.32,1.572982664220035,0.7732590157538652,True,873433600,935329792,1,0,51,0,IR-COST-P1_attempt0,1,1,35494.0,35494.0
3,1,55,2,Global,TEST,pl,3,10.32,10.32,3.432700733654201,0.021778875961899757,True,872952832,935329792,4,2,50,0,IR-COST-P1_attempt0,1,1,35494.0,35494.0
3,1,55,2,Text,TEST,pl,3,10.32,10.32,3.871974050067365,0.49419365730136633,True,2206979584,2319450112,4,3,52,174,IR-COST-P1_attempt0,1,1,35494.0,35494.0
3,1,55,2,Text+Global,TEST,pl,3,10.32,10.32,3.9632885111495852,0.02285102568566799,True,2206979584,2319450112,4,3,52,174,IR-COST-P1_attempt0,1,1,35494.0,35494.0
3,1,55,2,B5,TEST,pl,3,10.32,10.32,1.6933661457151175,0.8141817804425955,True,873433600,935329792,1,0,51,0,IR-COST-P1_attempt0,1,1,35494.0,35494.0
3,1,55,2,Conf,TEST,pl,3,10.32,10.32,3.1265115858986974,0.021242382936179638,True,872952832,935329792,4,1,50,0,IR-COST-P1_attempt0,1,1,35494.0,35494.0
3,1,57,0,Global,TEST,pl,4,13.26,13.26,3.7214450361207128,0.018820001743733883,True,872952832,935329792,4,0,58,0,IR-COST-P1_attempt0,1,1,35494.0,35494.0
3,1,57,0,Text,TEST,pl,4,13.26,13.26,3.960173860192299,0.5100797172635794,True,2206979584,2319450112,4,0,58,152,IR-COST-P1_attempt0,1,1,35494.0,35494.0
3,1,57,0,Text+Global,TEST,pl,4,13.26,13.26,4.36075531411916,0.023010696284472942,True,2206979584,2319450112,4,0,58,152,IR-COST-P1_attempt0,1,1,35494.0,35494.0
3,1,57,0,B5,TEST,pl,4,13.26,13.26,1.9464996550232172,0.8047742936760187,True,873433600,937426944,1,0,58,0,IR-COST-P1_attempt0,1,1,35494.0,35494.0
3,1,57,0,Conf,TEST,pl,4,13.26,13.26,3.681168070062995,0.05581290274858475,True,872952832,935329792,4,0,58,0,IR-COST-P1_attempt0,1,1,35494.0,35494.0
3,1,57,1,Text,TEST,pl,4,13.26,13.26,3.7122443607077003,0.4485393650829792,True,2206979584,2319450112,4,0,58,152,IR-COST-P1_attempt0,1,1,35494.0,35494.0
3,1,57,1,Text+Global,TEST,pl,4,13.26,13.26,4.0925303511321545,0.022503693588078022,True,2206979584,2319450112,4,0,58,152,IR-COST-P1_attempt0,1,1,35494.0,35494.0
3,1,57,1,B5,TEST,pl,4,13.26,13.26,1.9469130747020245,0.7711229901760817,True,873433600,937426944,1,0,58,0,IR-COST-P1_attempt0,1,1,35494.0,35494.0
3,1,57,1,Conf,TEST,pl,4,13.26,13.26,3.6400834135711193,0.021383948624134064,True,872952832,935329792,4,0,58,0,IR-COST-P1_attempt0,1,1,35494.0,35494.0
3,1,57,1,Global,TEST,pl,4,13.26,13.26,3.8213928500190377,0.037781402468681335,True,872952832,935329792,4,0,58,0,IR-COST-P1_attempt0,1,1,35494.0,35494.0
3,1,57,2,Text+Global,TEST,pl,4,13.26,13.26,4.217746621929109,0.46311083994805813,True,2206979584,2319450112,4,0,58,152,IR-COST-P1_attempt0,1,1,35494.0,35494.0
3,1,57,2,B5,TEST,pl,4,13.26,13.26,1.776019367389381,0.7661613319069147,True,873433600,937426944,1,0,58,0,IR-COST-P1_attempt0,1,1,35494.0,35494.0
3,1,57,2,Conf,TEST,pl,4,13.26,13.26,3.6578328469768167,0.018927693367004395,True,872952832,935329792,4,0,58,0,IR-COST-P1_attempt0,1,1,35494.0,35494.0
3,1,57,2,Global,TEST,pl,4,13.26,13.26,3.858436015434563,0.02138554211705923,True,872952832,935329792,4,0,58,0,IR-COST-P1_attempt0,1,1,35494.0,35494.0
3,1,57,2,Text,TEST,pl,4,13.26,13.26,4.169364050962031,0.4520731996744871,True,2206979584,2319450112,4,0,58,152,IR-COST-P1_attempt0,1,1,35494.0,35494.0
3,1,59,0,Text+Global,TEST,pl,4,14.1,14.1,5.052542952820659,0.02625167928636074,True,2206979584,2319450112,5,1,63,261,IR-COST-P1_attempt0,1,1,35494.0,35494.0
3,1,59,0,B5,TEST,pl,4,14.1,14.1,2.043136619962752,0.7744897753000259,True,873433600,937426944,1,0,63,0,IR-COST-P1_attempt0,1,1,35494.0,35494.0
3,1,59,0,Conf,TEST,pl,4,14.1,14.1,3.8187757711857557,0.0212467759847641,True,872952832,935329792,5,0,63,0,IR-COST-P1_attempt0,1,1,35494.0,35494.0
3,1,59,0,Global,TEST,pl,4,14.1,14.1,4.078655685298145,0.02282089926302433,True,872952832,935329792,5,0,63,0,IR-COST-P1_attempt0,1,1,35494.0,35494.0
3,1,59,0,Text,TEST,pl,4,14.1,14.1,4.75770515576005,0.3998259296640754,True,2206979584,2319450112,5,1,63,261,IR-COST-P1_attempt0,1,1,35494.0,35494.0
3,1,59,1,B5,TEST,pl,4,14.1,14.1,1.908866603858769,0.7707762643694878,True,873433600,937426944,1,0,63,0,IR-COST-P1_attempt0,1,1,35494.0,35494.0
3,1,59,1,Conf,TEST,pl,4,14.1,14.1,3.896797379478812,0.018988272175192833,True,872952832,935329792,5,0,63,0,IR-COST-P1_attempt0,1,1,35494.0,35494.0
3,1,59,1,Global,TEST,pl,4,14.1,14.1,4.190684964880347,0.022527883760631084,True,872952832,935329792,5,0,63,0,IR-COST-P1_attempt0,1,1,35494.0,35494.0
3,1,59,1,Text,TEST,pl,4,14.1,14.1,4.522092413157225,0.4461924023926258,True,2206979584,2319450112,5,1,63,261,IR-COST-P1_attempt0,1,1,35494.0,35494.0
3,1,59,1,Text+Global,TEST,pl,4,14.1,14.1,5.034743340685964,0.02283528819680214,True,2206979584,2319450112,5,1,63,261,IR-COST-P1_attempt0,1,1,35494.0,35494.0
3,1,59,2,Conf,TEST,pl,4,14.1,14.1,3.926985628902912,0.7800261694937944,True,872952832,935329792,5,0,63,0,IR-COST-P1_attempt0,1,1,35494.0,35494.0
3,1,59,2,Global,TEST,pl,4,14.1,14.1,4.145876234397292,0.01901770569384098,True,872952832,935329792,5,0,63,0,IR-COST-P1_attempt0,1,1,35494.0,35494.0
3,1,59,2,Text,TEST,pl,4,14.1,14.1,4.857661256566644,0.48530910816043615,True,2206979584,2319450112,5,1,63,261,IR-COST-P1_attempt0,1,1,35494.0,35494.0
3,1,59,2,Text+Global,TEST,pl,4,14.1,14.1,4.769358987919986,0.02277615573257208,True,2206979584,2319450112,5,1,63,261,IR-COST-P1_attempt0,1,1,35494.0,35494.0
3,1,59,2,B5,TEST,pl,4,14.1,14.1,2.0728381341323256,0.7958502555266023,True,873433600,937426944,1,0,63,0,IR-COST-P1_attempt0,1,1,35494.0,35494.0
3,1,61,0,Conf,TEST,tr,0,7.44,7.44,2.0239047249779105,0.021986790001392365,True,872952832,929038336,2,0,31,0,IR-COST-P1_attempt0,1,1,35494.0,35494.0
3,1,61,0,Global,TEST,tr,0,7.44,7.44,1.9793326687067747,0.018613100983202457,True,872952832,929038336,2,0,31,0,IR-COST-P1_attempt0,1,1,35494.0,35494.0
3,1,61,0,Text,TEST,tr,0,7.44,7.44,2.0778027838096023,0.4420036058872938,True,2206979584,2298478592,2,0,31,48,IR-COST-P1_attempt0,1,1,35494.0,35494.0
3,1,61,0,Text+Global,TEST,tr,0,7.44,7.44,2.334206473082304,0.021695786155760288,True,2206979584,2298478592,2,0,31,48,IR-COST-P1_attempt0,1,1,35494.0,35494.0
3,1,61,0,B5,TEST,tr,0,7.44,7.44,1.0951371723785996,0.7772742910310626,True,873433600,931135488,1,0,31,0,IR-COST-P1_attempt0,1,1,35494.0,35494.0
3,1,61,1,Global,TEST,tr,0,7.44,7.44,2.060636547394097,0.02087093237787485,True,872952832,929038336,2,0,31,0,IR-COST-P1_attempt0,1,1,35494.0,35494.0
3,1,61,1,Text,TEST,tr,0,7.44,7.44,2.1179984444752336,0.41854209639132023,True,2206979584,2298478592,2,0,31,48,IR-COST-P1_attempt0,1,1,35494.0,35494.0
3,1,61,1,Text+Global,TEST,tr,0,7.44,7.44,2.387941104359925,0.0653131939470768,True,2206979584,2298478592,2,0,31,48,IR-COST-P1_attempt0,1,1,35494.0,35494.0
3,1,61,1,B5,TEST,tr,0,7.44,7.44,1.1037426814436913,0.7984262770041823,True,873433600,931135488,1,0,31,0,IR-COST-P1_attempt0,1,1,35494.0,35494.0
3,1,61,1,Conf,TEST,tr,0,7.44,7.44,2.001700859516859,0.0216754088178277,True,872952832,929038336,2,0,31,0,IR-COST-P1_attempt0,1,1,35494.0,35494.0
3,1,61,2,Text,TEST,tr,0,7.44,7.44,1.9911815077066422,0.4158491147682071,True,2206979584,2298478592,2,0,31,48,IR-COST-P1_attempt0,1,1,35494.0,35494.0
3,1,61,2,Text+Global,TEST,tr,0,7.44,7.44,2.329511952586472,0.021409460343420506,True,2206979584,2298478592,2,0,31,48,IR-COST-P1_attempt0,1,1,35494.0,35494.0
3,1,61,2,B5,TEST,tr,0,7.44,7.44,1.0941543588414788,0.7705891858786345,True,873433600,931135488,1,0,31,0,IR-COST-P1_attempt0,1,1,35494.0,35494.0
3,1,61,2,Conf,TEST,tr,0,7.44,7.44,1.997798060066998,0.0207320312038064,True,872952832,929038336,2,0,31,0,IR-COST-P1_attempt0,1,1,35494.0,35494.0
3,1,61,2,Global,TEST,tr,0,7.44,7.44,1.950629840604961,0.01898790244013071,True,872952832,929038336,2,0,31,0,IR-COST-P1_attempt0,1,1,35494.0,35494.0
3,1,63,0,Text,TEST,tr,0,6.0,6.0,1.581488138064742,0.4289428647607565,True,2206979584,2246049792,1,0,25,0,IR-COST-P1_attempt0,1,1,35494.0,35494.0
3,1,63,0,Text+Global,TEST,tr,0,6.0,6.0,1.6045185001567006,0.08222065307199955,True,2206979584,2246049792,1,0,25,0,IR-COST-P1_attempt0,1,1,35494.0,35494.0
3,1,63,0,B5,TEST,tr,0,6.0,6.0,0.8888933463022113,0.7758132992312312,True,873433600,929038336,1,0,25,0,IR-COST-P1_attempt0,1,1,35494.0,35494.0
3,1,63,0,Conf,TEST,tr,0,6.0,6.0,1.7158584473654628,0.019459976814687252,True,872952832,929038336,1,0,25,0,IR-COST-P1_attempt0,1,1,35494.0,35494.0
3,1,63,0,Global,TEST,tr,0,6.0,6.0,1.7181191509589553,0.021657993085682392,True,872952832,929038336,1,0,25,0,IR-COST-P1_attempt0,1,1,35494.0,35494.0
3,1,63,1,Text+Global,TEST,tr,0,6.0,6.0,1.7304155519232154,0.4393450003117323,True,2206979584,2246049792,1,0,25,0,IR-COST-P1_attempt0,1,1,35494.0,35494.0
3,1,63,1,B5,TEST,tr,0,6.0,6.0,0.9107683943584561,0.786449127830565,True,873433600,929038336,1,0,25,0,IR-COST-P1_attempt0,1,1,35494.0,35494.0
3,1,63,1,Conf,TEST,tr,0,6.0,6.0,1.7095979694277048,0.01844818890094757,True,872952832,929038336,1,0,25,0,IR-COST-P1_attempt0,1,1,35494.0,35494.0
3,1,63,1,Global,TEST,tr,0,6.0,6.0,1.7461910834535956,0.024014309979975224,True,872952832,929038336,1,0,25,0,IR-COST-P1_attempt0,1,1,35494.0,35494.0
3,1,63,1,Text,TEST,tr,0,6.0,6.0,1.7130129327997565,0.4364968352019787,True,2206979584,2246049792,1,0,25,0,IR-COST-P1_attempt0,1,1,35494.0,35494.0
3,1,63,2,B5,TEST,tr,0,6.0,6.0,0.9526799591258168,0.7932616779580712,True,873433600,929038336,1,0,25,0,IR-COST-P1_attempt0,1,1,35494.0,35494.0
3,1,63,2,Conf,TEST,tr,0,6.0,6.0,1.5650094076991081,0.01899102609604597,True,872952832,929038336,1,0,25,0,IR-COST-P1_attempt0,1,1,35494.0,35494.0
3,1,63,2,Global,TEST,tr,0,6.0,6.0,1.5923225283622742,0.024374183267354965,True,872952832,929038336,1,0,25,0,IR-COST-P1_attempt0,1,1,35494.0,35494.0
3,1,63,2,Text,TEST,tr,0,6.0,6.0,1.7444816967472434,0.4331601206213236,True,2206979584,2246049792,1,0,25,0,IR-COST-P1_attempt0,1,1,35494.0,35494.0
3,1,63,2,Text+Global,TEST,tr,0,6.0,6.0,1.6981245214119554,0.021175988018512726,True,2206979584,2246049792,1,0,25,0,IR-COST-P1_attempt0,1,1,35494.0,35494.0
3,1,65,0,B5,TEST,tr,1,10.8,10.8,0.9791968399658799,0.7636482222005725,True,873433600,929038336,1,0,29,0,IR-COST-P1_attempt0,1,1,35494.0,35494.0
3,1,65,0,Conf,TEST,tr,1,10.8,10.8,1.8823225116357207,0.018451246432960033,True,872952832,929038336,3,0,29,0,IR-COST-P1_attempt0,1,1,35494.0,35494.0
3,1,65,0,Global,TEST,tr,1,10.8,10.8,2.144307111389935,0.020485294982790947,True,872952832,929038336,3,0,29,0,IR-COST-P1_attempt0,1,1,35494.0,35494.0
3,1,65,0,Text,TEST,tr,1,10.8,10.8,2.1719834748655558,0.4311898062005639,True,2206979584,2246049792,3,0,29,57,IR-COST-P1_attempt0,1,1,35494.0,35494.0
3,1,65,0,Text+Global,TEST,tr,1,10.8,10.8,2.1806158423423767,0.02022445760667324,True,2206979584,2246049792,3,0,29,57,IR-COST-P1_attempt0,1,1,35494.0,35494.0
3,1,65,1,Conf,TEST,tr,1,10.8,10.8,2.0332969166338444,0.7602995913475752,True,872952832,929038336,3,0,29,0,IR-COST-P1_attempt0,1,1,35494.0,35494.0
3,1,65,1,Global,TEST,tr,1,10.8,10.8,1.930144352838397,0.018305941484868526,True,872952832,929038336,3,0,29,0,IR-COST-P1_attempt0,1,1,35494.0,35494.0
3,1,65,1,Text,TEST,tr,1,10.8,10.8,1.969386000186205,0.4114792160689831,True,2206979584,2246049792,3,0,29,57,IR-COST-P1_attempt0,1,1,35494.0,35494.0
3,1,65,1,Text+Global,TEST,tr,1,10.8,10.8,2.06560823880136,0.017984813079237938,True,2206979584,2246049792,3,0,29,57,IR-COST-P1_attempt0,1,1,35494.0,35494.0
3,1,65,1,B5,TEST,tr,1,10.8,10.8,1.056535542011261,0.7528355717658997,True,873433600,929038336,1,0,29,0,IR-COST-P1_attempt0,1,1,35494.0,35494.0
3,1,65,2,Global,TEST,tr,1,10.8,10.8,2.097056806087494,0.025983817875385284,True,872952832,929038336,3,0,29,0,IR-COST-P1_attempt0,1,1,35494.0,35494.0
3,1,65,2,Text,TEST,tr,1,10.8,10.8,2.151351222768426,0.4772787354886532,True,2206979584,2246049792,3,0,29,57,IR-COST-P1_attempt0,1,1,35494.0,35494.0
3,1,65,2,Text+Global,TEST,tr,1,10.8,10.8,2.0643163537606597,0.018222957849502563,True,2206979584,2246049792,3,0,29,57,IR-COST-P1_attempt0,1,1,35494.0,35494.0
3,1,65,2,B5,TEST,tr,1,10.8,10.8,1.0624480405822396,0.7525460310280323,True,873433600,929038336,1,0,29,0,IR-COST-P1_attempt0,1,1,35494.0,35494.0
3,1,65,2,Conf,TEST,tr,1,10.8,10.8,1.939606855623424,0.02089654840528965,True,872952832,929038336,3,0,29,0,IR-COST-P1_attempt0,1,1,35494.0,35494.0
3,1,67,0,Global,TEST,tr,1,11.16,11.16,2.311045654118061,0.020763294771313667,True,872952832,931135488,2,0,33,0,IR-COST-P1_attempt0,1,1,35494.0,35494.0
3,1,67,0,Text,TEST,tr,1,11.16,11.16,2.0851875580847263,0.4268827745690942,True,2206979584,2298478592,2,0,33,50,IR-COST-P1_attempt0,1,1,35494.0,35494.0
3,1,67,0,Text+Global,TEST,tr,1,11.16,11.16,2.1593030588701367,0.019737700931727886,True,2206979584,2298478592,2,0,33,50,IR-COST-P1_attempt0,1,1,35494.0,35494.0
3,1,67,0,B5,TEST,tr,1,11.16,11.16,1.0610561408102512,0.765981144271791,True,873433600,931135488,1,0,33,0,IR-COST-P1_attempt0,1,1,35494.0,35494.0
3,1,67,0,Conf,TEST,tr,1,11.16,11.16,2.2078053196892142,0.020659053698182106,True,872952832,931135488,2,0,33,0,IR-COST-P1_attempt0,1,1,35494.0,35494.0
3,1,67,1,Text,TEST,tr,1,11.16,11.16,2.3302343292161822,0.4660856118425727,True,2206979584,2298478592,2,0,33,50,IR-COST-P1_attempt0,1,1,35494.0,35494.0
3,1,67,1,Text+Global,TEST,tr,1,11.16,11.16,2.429072796367109,0.022066260688006878,True,2206979584,2298478592,2,0,33,50,IR-COST-P1_attempt0,1,1,35494.0,35494.0
3,1,67,1,B5,TEST,tr,1,11.16,11.16,1.1220404282212257,0.7677249871194363,True,873433600,931135488,1,0,33,0,IR-COST-P1_attempt0,1,1,35494.0,35494.0
3,1,67,1,Conf,TEST,tr,1,11.16,11.16,2.1920449063181877,0.02095277886837721,True,872952832,931135488,2,0,33,0,IR-COST-P1_attempt0,1,1,35494.0,35494.0
3,1,67,1,Global,TEST,tr,1,11.16,11.16,2.2713730055838823,0.018603846430778503,True,872952832,931135488,2,0,33,0,IR-COST-P1_attempt0,1,1,35494.0,35494.0
3,1,67,2,Text+Global,TEST,tr,1,11.16,11.16,2.418600861914456,0.4837104082107544,True,2206979584,2298478592,2,0,33,50,IR-COST-P1_attempt0,1,1,35494.0,35494.0
3,1,67,2,B5,TEST,tr,1,11.16,11.16,1.0891801789402962,0.7566601131111383,True,873433600,931135488,1,0,33,0,IR-COST-P1_attempt0,1,1,35494.0,35494.0
3,1,67,2,Conf,TEST,tr,1,11.16,11.16,2.2059169709682465,0.02082701027393341,True,872952832,931135488,2,0,33,0,IR-COST-P1_attempt0,1,1,35494.0,35494.0
3,1,67,2,Global,TEST,tr,1,11.16,11.16,2.0430572098121047,0.01869488414376974,True,872952832,931135488,2,0,33,0,IR-COST-P1_attempt0,1,1,35494.0,35494.0
3,1,67,2,Text,TEST,tr,1,11.16,11.16,2.0685050152242184,0.3995069209486246,True,2206979584,2298478592,2,0,33,50,IR-COST-P1_attempt0,1,1,35494.0,35494.0
3,1,69,0,Text+Global,TEST,tr,2,12.12,12.12,3.4747503958642483,0.019386683590710163,True,2206979584,2311061504,3,0,47,86,IR-COST-P1_attempt0,1,1,35494.0,35494.0
3,1,69,0,B5,TEST,tr,2,12.12,12.12,1.638092446140945,0.7589243724942207,True,873433600,935329792,1,0,47,0,IR-COST-P1_attempt0,1,1,35494.0,35494.0
3,1,69,0,Conf,TEST,tr,2,12.12,12.12,3.069144773297012,0.0225467961281538,True,872952832,933232640,3,0,47,0,IR-COST-P1_attempt0,1,1,35494.0,35494.0
3,1,69,0,Global,TEST,tr,2,12.12,12.12,3.121947968378663,0.021047482267022133,True,872952832,933232640,3,0,47,0,IR-COST-P1_attempt0,1,1,35494.0,35494.0
3,1,69,0,Text,TEST,tr,2,12.12,12.12,3.28375237993896,0.5435195500031114,True,2206979584,2311061504,3,0,47,86,IR-COST-P1_attempt0,1,1,35494.0,35494.0
3,1,69,1,B5,TEST,tr,2,12.12,12.12,1.6340660424903035,0.7662780713289976,True,873433600,935329792,1,0,47,0,IR-COST-P1_attempt0,1,1,35494.0,35494.0
3,1,69,1,Conf,TEST,tr,2,12.12,12.12,2.802198071964085,0.021915776655077934,True,872952832,933232640,3,0,47,0,IR-COST-P1_attempt0,1,1,35494.0,35494.0
3,1,69,1,Global,TEST,tr,2,12.12,12.12,2.9819152764976025,0.018738395534455776,True,872952832,933232640,3,0,47,0,IR-COST-P1_attempt0,1,1,35494.0,35494.0
3,1,69,1,Text,TEST,tr,2,12.12,12.12,3.27487725391984,0.5660887761041522,True,2206979584,2311061504,3,0,47,86,IR-COST-P1_attempt0,1,1,35494.0,35494.0
3,1,69,1,Text+Global,TEST,tr,2,12.12,12.12,3.363376561552286,0.02254999242722988,True,2206979584,2311061504,3,0,47,86,IR-COST-P1_attempt0,1,1,35494.0,35494.0
3,1,69,2,Conf,TEST,tr,2,12.12,12.12,2.9817372504621744,0.752589400857687,True,872952832,933232640,3,0,47,0,IR-COST-P1_attempt0,1,1,35494.0,35494.0
3,1,69,2,Global,TEST,tr,2,12.12,12.12,3.1986813778057694,0.021398577839136124,True,872952832,933232640,3,0,47,0,IR-COST-P1_attempt0,1,1,35494.0,35494.0
3,1,69,2,Text,TEST,tr,2,12.12,12.12,3.0240435358136892,0.492394981905818,True,2206979584,2311061504,3,0,47,86,IR-COST-P1_attempt0,1,1,35494.0,35494.0
3,1,69,2,Text+Global,TEST,tr,2,12.12,12.12,3.319596027955413,0.020955145359039307,True,2206979584,2311061504,3,0,47,86,IR-COST-P1_attempt0,1,1,35494.0,35494.0
3,1,69,2,B5,TEST,tr,2,12.12,12.12,1.5983790373429656,0.7816462097689509,True,873433600,935329792,1,0,47,0,IR-COST-P1_attempt0,1,1,35494.0,35494.0
3,1,71,0,Conf,TEST,tr,2,11.88,11.88,2.591273244470358,0.019002875313162804,True,872952832,933232640,3,0,43,0,IR-COST-P1_attempt0,1,1,35494.0,35494.0
3,1,71,0,Global,TEST,tr,2,11.88,11.88,2.7943927962332964,0.018718439154326916,True,872952832,933232640,3,0,43,0,IR-COST-P1_attempt0,1,1,35494.0,35494.0
3,1,71,0,Text,TEST,tr,2,11.88,11.88,2.821635506115854,0.47827496007084846,True,2206979584,2308964352,3,0,43,87,IR-COST-P1_attempt0,1,1,35494.0,35494.0
3,1,71,0,Text+Global,TEST,tr,2,11.88,11.88,3.1866107787936926,0.01977043505758047,True,2206979584,2308964352,3,0,43,87,IR-COST-P1_attempt0,1,1,35494.0,35494.0
3,1,71,0,B5,TEST,tr,2,11.88,11.88,1.395090190693736,0.7560764355584979,True,873433600,935329792,1,0,43,0,IR-COST-P1_attempt0,1,1,35494.0,35494.0
3,1,71,1,Global,TEST,tr,2,11.88,11.88,2.69470052421093,0.019740101881325245,True,872952832,933232640,3,0,43,0,IR-COST-P1_attempt0,1,1,35494.0,35494.0
3,1,71,1,Text,TEST,tr,2,11.88,11.88,2.907397724688053,0.4128150921314955,True,2206979584,2308964352,3,0,43,87,IR-COST-P1_attempt0,1,1,35494.0,35494.0
3,1,71,1,Text+Global,TEST,tr,2,11.88,11.88,3.1547638410702348,0.02234703302383423,True,2206979584,2308964352,3,0,43,87,IR-COST-P1_attempt0,1,1,35494.0,35494.0
3,1,71,1,B5,TEST,tr,2,11.88,11.88,1.4784659473225474,0.7767221285030246,True,873433600,935329792,1,0,43,0,IR-COST-P1_attempt0,1,1,35494.0,35494.0
3,1,71,1,Conf,TEST,tr,2,11.88,11.88,2.8271584939211607,0.018870499916374683,True,872952832,933232640,3,0,43,0,IR-COST-P1_attempt0,1,1,35494.0,35494.0
3,1,71,2,Text,TEST,tr,2,11.88,11.88,3.0154853742569685,0.43703033961355686,True,2206979584,2308964352,3,0,43,87,IR-COST-P1_attempt0,1,1,35494.0,35494.0
3,1,71,2,Text+Global,TEST,tr,2,11.88,11.88,2.8833597181364894,0.019909842871129513,True,2206979584,2308964352,3,0,43,87,IR-COST-P1_attempt0,1,1,35494.0,35494.0
3,1,71,2,B5,TEST,tr,2,11.88,11.88,1.5159001965075731,0.7611912190914154,True,873433600,935329792,1,0,43,0,IR-COST-P1_attempt0,1,1,35494.0,35494.0
3,1,71,2,Conf,TEST,tr,2,11.88,11.88,2.834876451641321,0.021109857596457005,True,872952832,933232640,3,0,43,0,IR-COST-P1_attempt0,1,1,35494.0,35494.0
3,1,71,2,Global,TEST,tr,2,11.88,11.88,2.866106169298291,0.021173013374209404,True,872952832,933232640,3,0,43,0,IR-COST-P1_attempt0,1,1,35494.0,35494.0
3,1,73,0,Text,TEST,tr,3,13.74,13.74,4.491583086550236,0.4774855663999915,True,2206979584,2319450112,6,1,57,262,IR-COST-P1_attempt0,1,1,35494.0,35494.0
3,1,73,0,Text+Global,TEST,tr,3,13.74,13.74,4.737778568640351,0.023065808229148388,True,2206979584,2319450112,6,1,57,262,IR-COST-P1_attempt0,1,1,35494.0,35494.0
3,1,73,0,B5,TEST,tr,3,13.74,13.74,1.9540899004787207,0.7679562577977777,True,873433600,937426944,1,0,57,0,IR-COST-P1_attempt0,1,1,35494.0,35494.0
3,1,73,0,Conf,TEST,tr,3,13.74,13.74,3.6984346145763993,0.02136185299605131,True,872952832,935329792,6,1,57,0,IR-COST-P1_attempt0,1,1,35494.0,35494.0
3,1,73,0,Global,TEST,tr,3,13.74,13.74,3.7716423869132996,0.021346110850572586,True,872952832,935329792,6,1,57,0,IR-COST-P1_attempt0,1,1,35494.0,35494.0
3,1,73,1,Text+Global,TEST,tr,3,13.74,13.74,4.55090584885329,0.4285412644967437,True,2206979584,2319450112,6,1,57,262,IR-COST-P1_attempt0,1,1,35494.0,35494.0
3,1,73,1,B5,TEST,tr,3,13.74,13.74,1.9277107371017337,0.7594398921355605,True,873433600,937426944,1,0,57,0,IR-COST-P1_attempt0,1,1,35494.0,35494.0
3,1,73,1,Conf,TEST,tr,3,13.74,13.74,3.446835062466562,0.019228370860219002,True,872952832,935329792,6,1,57,0,IR-COST-P1_attempt0,1,1,35494.0,35494.0
3,1,73,1,Global,TEST,tr,3,13.74,13.74,3.8070742655545473,0.0187748484313488,True,872952832,935329792,6,1,57,0,IR-COST-P1_attempt0,1,1,35494.0,35494.0
3,1,73,1,Text,TEST,tr,3,13.74,13.74,4.033092466183007,0.4851660532876849,True,2206979584,2319450112,6,1,57,262,IR-COST-P1_attempt0,1,1,35494.0,35494.0
3,1,73,2,B5,TEST,tr,3,13.74,13.74,1.9757407829165459,0.7607883783057332,True,873433600,937426944,1,0,57,0,IR-COST-P1_attempt0,1,1,35494.0,35494.0
3,1,73,2,Conf,TEST,tr,3,13.74,13.74,3.7859870297834277,0.02250057365745306,True,872952832,935329792,6,1,57,0,IR-COST-P1_attempt0,1,1,35494.0,35494.0
3,1,73,2,Global,TEST,tr,3,13.74,13.74,3.9870736887678504,0.021347034722566605,True,872952832,935329792,6,1,57,0,IR-COST-P1_attempt0,1,1,35494.0,35494.0
3,1,73,2,Text,TEST,tr,3,13.74,13.74,4.294673451222479,0.4947610106319189,True,2206979584,2319450112,6,1,57,262,IR-COST-P1_attempt0,1,1,35494.0,35494.0
3,1,73,2,Text+Global,TEST,tr,3,13.74,13.74,4.435524953529239,0.02299029938876629,True,2206979584,2319450112,6,1,57,262,IR-COST-P1_attempt0,1,1,35494.0,35494.0
3,1,75,0,B5,TEST,tr,3,13.5,13.5,1.2888982621952891,0.7976146973669529,True,873433600,933232640,1,0,40,0,IR-COST-P1_attempt0,1,1,35494.0,35494.0
3,1,75,0,Conf,TEST,tr,3,13.5,13.5,2.7437132485210896,0.01876332424581051,True,872952832,933232640,4,1,41,0,IR-COST-P1_attempt0,1,1,35494.0,35494.0
3,1,75,0,Global,TEST,tr,3,13.5,13.5,2.595463621430099,0.049897885881364346,True,872952832,933232640,4,1,41,0,IR-COST-P1_attempt0,1,1,35494.0,35494.0
3,1,75,0,Text,TEST,tr,3,13.5,13.5,3.0225684698671103,0.4477896746248007,True,2206979584,2363490304,4,1,41,110,IR-COST-P1_attempt0,1,1,35494.0,35494.0
3,1,75,0,Text+Global,TEST,tr,3,13.5,13.5,3.1805242728441954,0.028253663331270218,True,2206979584,2363490304,4,1,41,110,IR-COST-P1_attempt0,1,1,35494.0,35494.0
3,1,75,1,Conf,TEST,tr,3,13.5,13.5,2.6754855886101723,0.7837932053953409,True,872952832,933232640,4,1,41,0,IR-COST-P1_attempt0,1,1,35494.0,35494.0
3,1,75,1,Global,TEST,tr,3,13.5,13.5,2.9122761292383075,0.023268288001418114,True,872952832,933232640,4,1,41,0,IR-COST-P1_attempt0,1,1,35494.0,35494.0
3,1,75,1,Text,TEST,tr,3,13.5,13.5,2.720990094356239,0.445128814317286,True,2206979584,2363490304,4,1,41,110,IR-COST-P1_attempt0,1,1,35494.0,35494.0
3,1,75,1,Text+Global,TEST,tr,3,13.5,13.5,2.8327536080032587,0.021551542915403843,True,2206979584,2363490304,4,1,41,110,IR-COST-P1_attempt0,1,1,35494.0,35494.0
3,1,75,1,B5,TEST,tr,3,13.5,13.5,1.4033969575539231,0.8079261146485806,True,873433600,933232640,1,0,40,0,IR-COST-P1_attempt0,1,1,35494.0,35494.0
3,1,75,2,Global,TEST,tr,3,13.5,13.5,2.786614271812141,0.026322130113840103,True,872952832,933232640,4,1,41,0,IR-COST-P1_attempt0,1,1,35494.0,35494.0
3,1,75,2,Text,TEST,tr,3,13.5,13.5,2.713372841477394,0.45614534709602594,True,2206979584,2363490304,4,1,41,110,IR-COST-P1_attempt0,1,1,35494.0,35494.0
3,1,75,2,Text+Global,TEST,tr,3,13.5,13.5,3.1094226436689496,0.03635350987315178,True,2206979584,2363490304,4,1,41,110,IR-COST-P1_attempt0,1,1,35494.0,35494.0
3,1,75,2,B5,TEST,tr,3,13.5,13.5,1.4211279479786754,0.780650214292109,True,873433600,933232640,1,0,40,0,IR-COST-P1_attempt0,1,1,35494.0,35494.0
3,1,75,2,Conf,TEST,tr,3,13.5,13.5,2.737378097139299,0.05235250014811754,True,872952832,933232640,4,1,41,0,IR-COST-P1_attempt0,1,1,35494.0,35494.0
3,1,77,0,Global,TEST,tr,4,15.78,15.78,3.0170165253803134,0.020813733339309692,True,872952832,935329792,1,0,53,0,IR-COST-P1_attempt0,1,1,35494.0,35494.0
3,1,77,0,Text,TEST,tr,4,15.78,15.78,3.0079630920663476,0.44265916757285595,True,2206979584,2252341248,1,0,53,0,IR-COST-P1_attempt0,1,1,35494.0,35494.0
3,1,77,0,Text+Global,TEST,tr,4,15.78,15.78,3.0285887690261006,0.018459180369973183,True,2206979584,2252341248,1,0,53,0,IR-COST-P1_attempt0,1,1,35494.0,35494.0
3,1,77,0,B5,TEST,tr,4,15.78,15.78,1.8213257333263755,0.7867445219308138,True,873433600,937426944,1,0,53,0,IR-COST-P1_attempt0,1,1,35494.0,35494.0
3,1,77,0,Conf,TEST,tr,4,15.78,15.78,3.1196361538022757,0.026212863624095917,True,872952832,935329792,1,0,53,0,IR-COST-P1_attempt0,1,1,35494.0,35494.0
3,1,77,1,Text,TEST,tr,4,15.78,15.78,3.3258907180279493,0.49500392843037844,True,2206979584,2252341248,1,0,53,0,IR-COST-P1_attempt0,1,1,35494.0,35494.0
3,1,77,1,Text+Global,TEST,tr,4,15.78,15.78,3.178031276911497,0.02146862167865038,True,2206979584,2252341248,1,0,53,0,IR-COST-P1_attempt0,1,1,35494.0,35494.0
3,1,77,1,B5,TEST,tr,4,15.78,15.78,1.7679311512038112,0.7742619663476944,True,873433600,937426944,1,0,53,0,IR-COST-P1_attempt0,1,1,35494.0,35494.0
3,1,77,1,Conf,TEST,tr,4,15.78,15.78,3.3179463976994157,0.024864506907761097,True,872952832,935329792,1,0,53,0,IR-COST-P1_attempt0,1,1,35494.0,35494.0
3,1,77,1,Global,TEST,tr,4,15.78,15.78,3.2110887924209237,0.052901243790984154,True,872952832,935329792,1,0,53,0,IR-COST-P1_attempt0,1,1,35494.0,35494.0
3,1,77,2,Text+Global,TEST,tr,4,15.78,15.78,3.3149762377142906,0.4174056677147746,True,2206979584,2252341248,1,0,53,0,IR-COST-P1_attempt0,1,1,35494.0,35494.0
3,1,77,2,B5,TEST,tr,4,15.78,15.78,1.712600827217102,0.7525232154875994,True,873433600,937426944,1,0,53,0,IR-COST-P1_attempt0,1,1,35494.0,35494.0
3,1,77,2,Conf,TEST,tr,4,15.78,15.78,3.037135310471058,0.018971643410623074,True,872952832,935329792,1,0,53,0,IR-COST-P1_attempt0,1,1,35494.0,35494.0
3,1,77,2,Global,TEST,tr,4,15.78,15.78,2.983594909310341,0.01919472496956587,True,872952832,935329792,1,0,53,0,IR-COST-P1_attempt0,1,1,35494.0,35494.0
3,1,77,2,Text,TEST,tr,4,15.78,15.78,3.0193475810810924,0.40460270550101995,True,2206979584,2252341248,1,0,53,0,IR-COST-P1_attempt0,1,1,35494.0,35494.0
3,1,79,0,Text+Global,TEST,tr,4,16.74,16.74,4.4050822630524635,0.01827547326683998,True,2206979584,2323644416,2,1,74,91,IR-COST-P1_attempt0,1,1,35494.0,35494.0
3,1,79,0,B5,TEST,tr,4,16.74,16.74,2.21077661216259,0.7529326835647225,True,873433600,939524096,1,0,75,0,IR-COST-P1_attempt0,1,1,35494.0,35494.0
3,1,79,0,Conf,TEST,tr,4,16.74,16.74,4.5649286257103086,0.02119176648557186,True,872952832,939524096,2,1,74,0,IR-COST-P1_attempt0,1,1,35494.0,35494.0
3,1,79,0,Global,TEST,tr,4,16.74,16.74,4.603084444068372,0.021717474795877934,True,872952832,939524096,2,1,74,0,IR-COST-P1_attempt0,1,1,35494.0,35494.0
3,1,79,0,Text,TEST,tr,4,16.74,16.74,4.8928951267153025,0.35943643748760223,True,2206979584,2323644416,2,1,74,91,IR-COST-P1_attempt0,1,1,35494.0,35494.0
3,1,79,1,B5,TEST,tr,4,16.74,16.74,2.285400944761932,0.752494522370398,True,873433600,939524096,1,0,75,0,IR-COST-P1_attempt0,1,1,35494.0,35494.0
3,1,79,1,Conf,TEST,tr,4,16.74,16.74,4.597315936349332,0.021402865648269653,True,872952832,939524096,2,1,74,0,IR-COST-P1_attempt0,1,1,35494.0,35494.0
3,1,79,1,Global,TEST,tr,4,16.74,16.74,4.586920088157058,0.048032295890152454,True,872952832,939524096,2,1,74,0,IR-COST-P1_attempt0,1,1,35494.0,35494.0
3,1,79,1,Text,TEST,tr,4,16.74,16.74,4.359333276748657,0.43997257854789495,True,2206979584,2323644416,2,1,74,91,IR-COST-P1_attempt0,1,1,35494.0,35494.0
3,1,79,1,Text+Global,TEST,tr,4,16.74,16.74,4.868602383881807,0.021155787631869316,True,2206979584,2323644416,2,1,74,91,IR-COST-P1_attempt0,1,1,35494.0,35494.0
3,1,79,2,Conf,TEST,tr,4,16.74,16.74,4.514308082871139,0.768283118493855,True,872952832,939524096,2,1,74,0,IR-COST-P1_attempt0,1,1,35494.0,35494.0
3,1,79,2,Global,TEST,tr,4,16.74,16.74,4.522592180408537,0.03358402568846941,True,872952832,939524096,2,1,74,0,IR-COST-P1_attempt0,1,1,35494.0,35494.0
3,1,79,2,Text,TEST,tr,4,16.74,16.74,4.686752167530358,0.45271491538733244,True,2206979584,2323644416,2,1,74,91,IR-COST-P1_attempt0,1,1,35494.0,35494.0
3,1,79,2,Text+Global,TEST,tr,4,16.74,16.74,4.831854937598109,0.02703254669904709,True,2206979584,2323644416,2,1,74,91,IR-COST-P1_attempt0,1,1,35494.0,35494.0
3,1,79,2,B5,TEST,tr,4,16.74,16.74,2.3682633945718408,0.800379223190248,True,873433600,939524096,1,0,75,0,IR-COST-P1_attempt0,1,1,35494.0,35494.0
3,1,81,0,Conf,TEST,it,0,9.24,9.24,2.743409547023475,0.025677796453237534,True,872952832,933232640,4,0,39,0,IR-COST-P1_attempt0,1,1,35494.0,35494.0
3,1,81,0,Global,TEST,it,0,9.24,9.24,2.788703133352101,0.021881618537008762,True,872952832,933232640,4,0,39,0,IR-COST-P1_attempt0,1,1,35494.0,35494.0
3,1,81,0,Text,TEST,it,0,9.24,9.24,3.0072941537946463,0.4301388440653682,True,2206979584,2313158656,4,2,39,119,IR-COST-P1_attempt0,1,1,35494.0,35494.0
3,1,81,0,Text+Global,TEST,it,0,9.24,9.24,3.0652394611388445,0.022393401712179184,True,2206979584,2313158656,4,2,39,119,IR-COST-P1_attempt0,1,1,35494.0,35494.0
3,1,81,0,B5,TEST,it,0,9.24,9.24,1.3632102701812983,0.7841539569199085,True,873433600,933232640,1,0,39,0,IR-COST-P1_attempt0,1,1,35494.0,35494.0
3,1,81,1,Global,TEST,it,0,9.24,9.24,2.6715904902666807,0.021224461495876312,True,872952832,933232640,4,0,39,0,IR-COST-P1_attempt0,1,1,35494.0,35494.0
3,1,81,1,Text,TEST,it,0,9.24,9.24,2.7520650289952755,0.48808316327631474,True,2206979584,2313158656,4,2,39,119,IR-COST-P1_attempt0,1,1,35494.0,35494.0
3,1,81,1,Text+Global,TEST,it,0,9.24,9.24,2.7586647402495146,0.019820495508611202,True,2206979584,2313158656,4,2,39,119,IR-COST-P1_attempt0,1,1,35494.0,35494.0
3,1,81,1,B5,TEST,it,0,9.24,9.24,1.2173691522330046,0.7741262577474117,True,873433600,933232640,1,0,39,0,IR-COST-P1_attempt0,1,1,35494.0,35494.0
3,1,81,1,Conf,TEST,it,0,9.24,9.24,2.3811356965452433,0.01883565541356802,True,872952832,933232640,4,0,39,0,IR-COST-P1_attempt0,1,1,35494.0,35494.0
3,1,81,2,Text,TEST,it,0,9.24,9.24,2.668003744445741,0.45209604036062956,True,2206979584,2313158656,4,2,39,119,IR-COST-P1_attempt0,1,1,35494.0,35494.0
3,1,81,2,Text+Global,TEST,it,0,9.24,9.24,2.785738304257393,0.019983076490461826,True,2206979584,2313158656,4,2,39,119,IR-COST-P1_attempt0,1,1,35494.0,35494.0
3,1,81,2,B5,TEST,it,0,9.24,9.24,1.2267948361113667,0.7767843110486865,True,873433600,933232640,1,0,39,0,IR-COST-P1_attempt0,1,1,35494.0,35494.0
3,1,81,2,Conf,TEST,it,0,9.24,9.24,2.478950610384345,0.018872728571295738,True,872952832,933232640,4,0,39,0,IR-COST-P1_attempt0,1,1,35494.0,35494.0
3,1,81,2,Global,TEST,it,0,9.24,9.24,2.704605618491769,0.021045178174972534,True,872952832,933232640,4,0,39,0,IR-COST-P1_attempt0,1,1,35494.0,35494.0
3,1,83,0,Text,TEST,it,0,9.6,9.6,2.2488739220425487,0.4212932363152504,True,2206979584,2306867200,2,0,35,56,IR-COST-P1_attempt0,1,1,35494.0,35494.0
3,1,83,0,Text+Global,TEST,it,0,9.6,9.6,2.520617895759642,0.01963647175580263,True,2206979584,2306867200,2,0,35,56,IR-COST-P1_attempt0,1,1,35494.0,35494.0
3,1,83,0,B5,TEST,it,0,9.6,9.6,1.113748162984848,0.7994675394147635,True,873433600,931135488,1,0,35,0,IR-COST-P1_attempt0,1,1,35494.0,35494.0
3,1,83,0,Conf,TEST,it,0,9.6,9.6,2.151386369019747,0.01872893050312996,True,872952832,931135488,2,0,35,0,IR-COST-P1_attempt0,1,1,35494.0,35494.0
3,1,83,0,Global,TEST,it,0,9.6,9.6,2.2199611347168684,0.018643956631422043,True,872952832,931135488,2,0,35,0,IR-COST-P1_attempt0,1,1,35494.0,35494.0
3,1,83,1,Text+Global,TEST,it,0,9.6,9.6,2.5255657732486725,0.4887657705694437,True,2206979584,2306867200,2,0,35,56,IR-COST-P1_attempt0,1,1,35494.0,35494.0
3,1,83,1,B5,TEST,it,0,9.6,9.6,1.2444989578798413,0.7708447678014636,True,873433600,931135488,1,0,35,0,IR-COST-P1_attempt0,1,1,35494.0,35494.0
3,1,83,1,Conf,TEST,it,0,9.6,9.6,2.28749486990273,0.020900304429233074,True,872952832,931135488,2,0,35,0,IR-COST-P1_attempt0,1,1,35494.0,35494.0
3,1,83,1,Global,TEST,it,0,9.6,9.6,2.3313335301354527,0.02092816401273012,True,872952832,931135488,2,0,35,0,IR-COST-P1_attempt0,1,1,35494.0,35494.0
3,1,83,1,Text,TEST,it,0,9.6,9.6,2.4083091421052814,0.49385375808924437,True,2206979584,2306867200,2,0,35,56,IR-COST-P1_attempt0,1,1,35494.0,35494.0
3,1,83,2,B5,TEST,it,0,9.6,9.6,1.1417747745290399,0.7666094740852714,True,873433600,931135488,1,0,35,0,IR-COST-P1_attempt0,1,1,35494.0,35494.0
3,1,83,2,Conf,TEST,it,0,9.6,9.6,2.1097726207226515,0.039487564004957676,True,872952832,931135488,2,0,35,0,IR-COST-P1_attempt0,1,1,35494.0,35494.0
3,1,83,2,Global,TEST,it,0,9.6,9.6,2.2832548543810844,0.018783636391162872,True,872952832,931135488,2,0,35,0,IR-COST-P1_attempt0,1,1,35494.0,35494.0
3,1,83,2,Text,TEST,it,0,9.6,9.6,2.348986736498773,0.48543112352490425,True,2206979584,2306867200,2,0,35,56,IR-COST-P1_attempt0,1,1,35494.0,35494.0
3,1,83,2,Text+Global,TEST,it,0,9.6,9.6,2.3326041186228395,0.019779318943619728,True,2206979584,2306867200,2,0,35,56,IR-COST-P1_attempt0,1,1,35494.0,35494.0
3,1,85,0,B5,TEST,it,1,10.92,10.92,0.9770915722474456,0.78590152785182,True,873433600,931135488,1,0,30,0,IR-COST-P1_attempt0,1,1,35494.0,35494.0
3,1,85,0,Conf,TEST,it,1,10.92,10.92,1.9590684352442622,0.01875882036983967,True,872952832,929038336,5,0,30,0,IR-COST-P1_attempt0,1,1,35494.0,35494.0
3,1,85,0,Global,TEST,it,1,10.92,10.92,2.1156607074663043,0.021266452036798,True,872952832,929038336,5,1,30,0,IR-COST-P1_attempt0,1,1,35494.0,35494.0
3,1,85,0,Text,TEST,it,1,10.92,10.92,2.163776666857302,0.44067283254116774,True,2206979584,2248146944,5,0,30,109,IR-COST-P1_attempt0,1,1,35494.0,35494.0
3,1,85,0,Text+Global,TEST,it,1,10.92,10.92,2.3648929921910167,0.018481149338185787,True,2206979584,2248146944,5,0,30,109,IR-COST-P1_attempt0,1,1,35494.0,35494.0
3,1,85,1,Conf,TEST,it,1,10.92,10.92,1.981476640328765,0.7598135191947222,True,872952832,929038336,5,0,30,0,IR-COST-P1_attempt0,1,1,35494.0,35494.0
3,1,85,1,Global,TEST,it,1,10.92,10.92,2.2956712590530515,0.018476316705346107,True,872952832,929038336,5,1,30,0,IR-COST-P1_attempt0,1,1,35494.0,35494.0
3,1,85,1,Text,TEST,it,1,10.92,10.92,2.1833347100764513,0.47421135753393173,True,2206979584,2248146944,5,0,30,109,IR-COST-P1_attempt0,1,1,35494.0,35494.0
3,1,85,1,Text+Global,TEST,it,1,10.92,10.92,2.320562341250479,0.01801477838307619,True,2206979584,2248146944,5,0,30,109,IR-COST-P1_attempt0,1,1,35494.0,35494.0
3,1,85,1,B5,TEST,it,1,10.92,10.92,1.0908667463809252,0.7622702652588487,True,873433600,931135488,1,0,30,0,IR-COST-P1_attempt0,1,1,35494.0,35494.0
3,1,85,2,Global,TEST,it,1,10.92,10.92,2.2314171958714724,0.02099351305514574,True,872952832,929038336,5,1,30,0,IR-COST-P1_attempt0,1,1,35494.0,35494.0
3,1,85,2,Text,TEST,it,1,10.92,10.92,2.1769849490374327,0.43320033699274063,True,2206979584,2248146944,5,0,30,109,IR-COST-P1_attempt0,1,1,35494.0,35494.0
3,1,85,2,Text+Global,TEST,it,1,10.92,10.92,2.332066901959479,0.049237207509577274,True,2206979584,2248146944,5,0,30,109,IR-COST-P1_attempt0,1,1,35494.0,35494.0
3,1,85,2,B5,TEST,it,1,10.92,10.92,1.0939470501616597,0.7642625914886594,True,873433600,931135488,1,0,30,0,IR-COST-P1_attempt0,1,1,35494.0,35494.0
3,1,85,2,Conf,TEST,it,1,10.92,10.92,2.0079468889161944,0.026036628521978855,True,872952832,929038336,5,0,30,0,IR-COST-P1_attempt0,1,1,35494.0,35494.0
3,1,87,0,Global,TEST,it,1,12.24,12.24,2.5096324803307652,0.029240690171718597,True,872952832,933232640,5,0,38,0,IR-COST-P1_attempt0,1,1,35494.0,35494.0
3,1,87,0,Text,TEST,it,1,12.24,12.24,2.9532893262803555,0.43042612727731466,True,2206979584,2311061504,5,2,38,151,IR-COST-P1_attempt0,1,1,35494.0,35494.0
3,1,87,0,Text+Global,TEST,it,1,12.24,12.24,3.2067152643576264,0.02560984529554844,True,2206979584,2311061504,5,2,38,151,IR-COST-P1_attempt0,1,1,35494.0,35494.0
3,1,87,0,B5,TEST,it,1,12.24,12.24,1.3287132633849978,0.7674848446622491,True,873433600,933232640,1,0,38,0,IR-COST-P1_attempt0,1,1,35494.0,35494.0
3,1,87,0,Conf,TEST,it,1,12.24,12.24,2.6057814629748464,0.029681051149964333,True,872952832,933232640,5,0,38,0,IR-COST-P1_attempt0,1,1,35494.0,35494.0
3,1,87,1,Text,TEST,it,1,12.24,12.24,2.903160847723484,0.48945611622184515,True,2206979584,2311061504,5,2,38,151,IR-COST-P1_attempt0,1,1,35494.0,35494.0
3,1,87,1,Text+Global,TEST,it,1,12.24,12.24,3.173558024689555,0.020647577941417694,True,2206979584,2311061504,5,2,38,151,IR-COST-P1_attempt0,1,1,35494.0,35494.0
3,1,87,1,B5,TEST,it,1,12.24,12.24,1.3345464877784252,0.7629110552370548,True,873433600,933232640,1,0,38,0,IR-COST-P1_attempt0,1,1,35494.0,35494.0
3,1,87,1,Conf,TEST,it,1,12.24,12.24,2.520387338474393,0.021077457815408707,True,872952832,933232640,5,0,38,0,IR-COST-P1_attempt0,1,1,35494.0,35494.0
3,1,87,1,Global,TEST,it,1,12.24,12.24,2.5646650064736605,0.018859832547605038,True,872952832,933232640,5,0,38,0,IR-COST-P1_attempt0,1,1,35494.0,35494.0
3,1,87,2,Text+Global,TEST,it,1,12.24,12.24,3.119476543739438,0.43524473160505295,True,2206979584,2311061504,5,2,38,151,IR-COST-P1_attempt0,1,1,35494.0,35494.0
3,1,87,2,B5,TEST,it,1,12.24,12.24,1.2704608794301748,0.7750892927870154,True,873433600,933232640,1,0,38,0,IR-COST-P1_attempt0,1,1,35494.0,35494.0
3,1,87,2,Conf,TEST,it,1,12.24,12.24,2.3659993521869183,0.01884096022695303,True,872952832,933232640,5,0,38,0,IR-COST-P1_attempt0,1,1,35494.0,35494.0
3,1,87,2,Global,TEST,it,1,12.24,12.24,2.5126990294083953,0.018643478862941265,True,872952832,933232640,5,0,38,0,IR-COST-P1_attempt0,1,1,35494.0,35494.0
3,1,87,2,Text,TEST,it,1,12.24,12.24,3.0736597245559096,0.4855608819052577,True,2206979584,2311061504,5,2,38,151,IR-COST-P1_attempt0,1,1,35494.0,35494.0
3,1,89,0,Text+Global,TEST,it,2,12.9,12.9,3.383002784103155,0.022030874155461788,True,2206979584,2319450112,3,0,48,100,IR-COST-P1_attempt0,1,1,35494.0,35494.0
3,1,89,0,B5,TEST,it,2,12.9,12.9,1.4903168082237244,0.7590139154344797,True,873433600,935329792,1,0,48,0,IR-COST-P1_attempt0,1,1,35494.0,35494.0
3,1,89,0,Conf,TEST,it,2,12.9,12.9,2.8036424489691854,0.01880788989365101,True,872952832,933232640,3,0,48,0,IR-COST-P1_attempt0,1,1,35494.0,35494.0
3,1,89,0,Global,TEST,it,2,12.9,12.9,2.9012233167886734,0.021796141751110554,True,872952832,933232640,3,0,48,0,IR-COST-P1_attempt0,1,1,35494.0,35494.0
3,1,89,0,Text,TEST,it,2,12.9,12.9,3.007341479882598,0.43382341228425503,True,2206979584,2319450112,3,0,48,100,IR-COST-P1_attempt0,1,1,35494.0,35494.0
3,1,89,1,B5,TEST,it,2,12.9,12.9,1.4802952390164137,0.8019601218402386,True,873433600,935329792,1,0,48,0,IR-COST-P1_attempt0,1,1,35494.0,35494.0
3,1,89,1,Conf,TEST,it,2,12.9,12.9,2.836947701871395,0.018914446234703064,True,872952832,933232640,3,0,48,0,IR-COST-P1_attempt0,1,1,35494.0,35494.0
3,1,89,1,Global,TEST,it,2,12.9,12.9,2.947649451903999,0.01889086328446865,True,872952832,933232640,3,0,48,0,IR-COST-P1_attempt0,1,1,35494.0,35494.0
3,1,89,1,Text,TEST,it,2,12.9,12.9,3.212647126056254,0.4178932774811983,True,2206979584,2319450112,3,0,48,100,IR-COST-P1_attempt0,1,1,35494.0,35494.0
3,1,89,1,Text+Global,TEST,it,2,12.9,12.9,3.438687820918858,0.02271986473351717,True,2206979584,2319450112,3,0,48,100,IR-COST-P1_attempt0,1,1,35494.0,35494.0
3,1,89,2,Conf,TEST,it,2,12.9,12.9,3.1099390909075737,0.7808580892160535,True,872952832,933232640,3,0,48,0,IR-COST-P1_attempt0,1,1,35494.0,35494.0
3,1,89,2,Global,TEST,it,2,12.9,12.9,3.2032998707145452,0.021408136002719402,True,872952832,933232640,3,0,48,0,IR-COST-P1_attempt0,1,1,35494.0,35494.0
3,1,89,2,Text,TEST,it,2,12.9,12.9,3.4361175606027246,0.5129023231565952,True,2206979584,2319450112,3,0,48,100,IR-COST-P1_attempt0,1,1,35494.0,35494.0
3,1,89,2,Text+Global,TEST,it,2,12.9,12.9,3.5571544682607055,0.023604060523211956,True,2206979584,2319450112,3,0,48,100,IR-COST-P1_attempt0,1,1,35494.0,35494.0
3,1,89,2,B5,TEST,it,2,12.9,12.9,1.473735955543816,0.776804281398654,True,873433600,935329792,1,0,48,0,IR-COST-P1_attempt0,1,1,35494.0,35494.0
3,1,91,0,Conf,TEST,it,2,13.32,13.32,2.331854165531695,0.01962497364729643,True,872952832,933232640,3,0,37,0,IR-COST-P1_attempt0,1,1,35494.0,35494.0
3,1,91,0,Global,TEST,it,2,13.32,13.32,2.6116565708070993,0.020927967503666878,True,872952832,933232640,3,0,37,0,IR-COST-P1_attempt0,1,1,35494.0,35494.0
3,1,91,0,Text,TEST,it,2,13.32,13.32,2.841568931005895,0.3719804510474205,True,2206979584,2315255808,3,0,37,100,IR-COST-P1_attempt0,1,1,35494.0,35494.0
3,1,91,0,Text+Global,TEST,it,2,13.32,13.32,2.6258650086820126,0.020087093114852905,True,2206979584,2315255808,3,0,37,100,IR-COST-P1_attempt0,1,1,35494.0,35494.0
3,1,91,0,B5,TEST,it,2,13.32,13.32,1.279542401432991,0.7730139419436455,True,873433600,933232640,1,0,37,0,IR-COST-P1_attempt0,1,1,35494.0,35494.0
3,1,91,1,Global,TEST,it,2,13.32,13.32,2.52315148152411,0.021118872798979282,True,872952832,933232640,3,0,37,0,IR-COST-P1_attempt0,1,1,35494.0,35494.0
3,1,91,1,Text,TEST,it,2,13.32,13.32,2.5095300935208797,0.44611065555363894,True,2206979584,2315255808,3,0,37,100,IR-COST-P1_attempt0,1,1,35494.0,35494.0
3,1,91,1,Text+Global,TEST,it,2,13.32,13.32,2.9363282220438123,0.01988292019814253,True,2206979584,2315255808,3,0,37,100,IR-COST-P1_attempt0,1,1,35494.0,35494.0
3,1,91,1,B5,TEST,it,2,13.32,13.32,1.1792050180956721,0.7802711073309183,True,873433600,933232640,1,0,37,0,IR-COST-P1_attempt0,1,1,35494.0,35494.0
3,1,91,1,Conf,TEST,it,2,13.32,13.32,2.384776718914509,0.01885227020829916,True,872952832,933232640,3,0,37,0,IR-COST-P1_attempt0,1,1,35494.0,35494.0
3,1,91,2,Text,TEST,it,2,13.32,13.32,2.824523632414639,0.5056895362213254,True,2206979584,2315255808,3,0,37,100,IR-COST-P1_attempt0,1,1,35494.0,35494.0
3,1,91,2,Text+Global,TEST,it,2,13.32,13.32,2.671937813051045,0.022615546360611916,True,2206979584,2315255808,3,0,37,100,IR-COST-P1_attempt0,1,1,35494.0,35494.0
3,1,91,2,B5,TEST,it,2,13.32,13.32,1.1730013443157077,0.811275782994926,True,873433600,933232640,1,0,37,0,IR-COST-P1_attempt0,1,1,35494.0,35494.0
3,1,91,2,Conf,TEST,it,2,13.32,13.32,2.292078448459506,0.018536985851824284,True,872952832,933232640,3,0,37,0,IR-COST-P1_attempt0,1,1,35494.0,35494.0
3,1,91,2,Global,TEST,it,2,13.32,13.32,2.581209828145802,0.021067999303340912,True,872952832,933232640,3,0,37,0,IR-COST-P1_attempt0,1,1,35494.0,35494.0
3,1,93,0,Text,TEST,it,3,15.66,15.66,3.8641066420823336,0.44433419220149517,True,2206979584,2323644416,2,0,64,87,IR-COST-P1_attempt0,1,1,35494.0,35494.0
3,1,93,0,Text+Global,TEST,it,3,15.66,15.66,3.9184604063630104,0.020406344905495644,True,2206979584,2323644416,2,0,64,87,IR-COST-P1_attempt0,1,1,35494.0,35494.0
3,1,93,0,B5,TEST,it,3,15.66,15.66,2.1538715111091733,0.7904242910444736,True,873433600,937426944,1,0,64,0,IR-COST-P1_attempt0,1,1,35494.0,35494.0
3,1,93,0,Conf,TEST,it,3,15.66,15.66,3.6789111299440265,0.026947499252855778,True,872952832,939524096,2,0,64,0,IR-COST-P1_attempt0,1,1,35494.0,35494.0
3,1,93,0,Global,TEST,it,3,15.66,15.66,4.028073748573661,0.019812467508018017,True,872952832,939524096,2,0,64,0,IR-COST-P1_attempt0,1,1,35494.0,35494.0
3,1,93,1,Text+Global,TEST,it,3,15.66,15.66,4.154902473092079,0.39792852476239204,True,2206979584,2323644416,2,0,64,87,IR-COST-P1_attempt0,1,1,35494.0,35494.0
3,1,93,1,B5,TEST,it,3,15.66,15.66,1.9454202223569155,0.7956552496179938,True,873433600,937426944,1,0,64,0,IR-COST-P1_attempt0,1,1,35494.0,35494.0
3,1,93,1,Conf,TEST,it,3,15.66,15.66,3.885659283027053,0.02263983804732561,True,872952832,939524096,2,0,64,0,IR-COST-P1_attempt0,1,1,35494.0,35494.0
3,1,93,1,Global,TEST,it,3,15.66,15.66,3.753404440358281,0.019507049582898617,True,872952832,939524096,2,0,64,0,IR-COST-P1_attempt0,1,1,35494.0,35494.0
3,1,93,1,Text,TEST,it,3,15.66,15.66,4.2718585431575775,0.5013926019892097,True,2206979584,2323644416,2,0,64,87,IR-COST-P1_attempt0,1,1,35494.0,35494.0
3,1,93,2,B5,TEST,it,3,15.66,15.66,2.1291217282414436,0.7896306589245796,True,873433600,937426944,1,0,64,0,IR-COST-P1_attempt0,1,1,35494.0,35494.0
3,1,93,2,Conf,TEST,it,3,15.66,15.66,4.035983539186418,0.0216111671179533,True,872952832,939524096,2,0,64,0,IR-COST-P1_attempt0,1,1,35494.0,35494.0
3,1,93,2,Global,TEST,it,3,15.66,15.66,4.080743671394885,0.02031498309224844,True,872952832,939524096,2,0,64,0,IR-COST-P1_attempt0,1,1,35494.0,35494.0
3,1,93,2,Text,TEST,it,3,15.66,15.66,3.9904561145231128,0.5076488293707371,True,2206979584,2323644416,2,0,64,87,IR-COST-P1_attempt0,1,1,35494.0,35494.0
3,1,93,2,Text+Global,TEST,it,3,15.66,15.66,4.368127916939557,0.020371420308947563,True,2206979584,2323644416,2,0,64,87,IR-COST-P1_attempt0,1,1,35494.0,35494.0
3,1,95,0,B5,TEST,it,3,16.08,16.08,1.9770747143775225,0.7891385396942496,True,873433600,937426944,1,0,64,0,IR-COST-P1_attempt0,1,1,35494.0,35494.0
3,1,95,0,Conf,TEST,it,3,16.08,16.08,3.9191739447414875,0.019009013660252094,True,872952832,939524096,2,0,64,0,IR-COST-P1_attempt0,1,1,35494.0,35494.0
3,1,95,0,Global,TEST,it,3,16.08,16.08,3.7257150318473577,0.022984336130321026,True,872952832,939524096,2,0,64,0,IR-COST-P1_attempt0,1,1,35494.0,35494.0
3,1,95,0,Text,TEST,it,3,16.08,16.08,3.9536788687109947,0.45315112080425024,True,2206979584,2323644416,2,0,64,103,IR-COST-P1_attempt0,1,1,35494.0,35494.0
3,1,95,0,Text+Global,TEST,it,3,16.08,16.08,4.115622267127037,0.020465758629143238,True,2206979584,2323644416,2,0,64,103,IR-COST-P1_attempt0,1,1,35494.0,35494.0
3,1,95,1,Conf,TEST,it,3,16.08,16.08,3.8527543898671865,0.7985591255128384,True,872952832,939524096,2,0,64,0,IR-COST-P1_attempt0,1,1,35494.0,35494.0
3,1,95,1,Global,TEST,it,3,16.08,16.08,3.8249437250196934,0.02142449002712965,True,872952832,939524096,2,0,64,0,IR-COST-P1_attempt0,1,1,35494.0,35494.0
3,1,95,1,Text,TEST,it,3,16.08,16.08,4.123316106386483,0.4405612237751484,True,2206979584,2323644416,2,0,64,103,IR-COST-P1_attempt0,1,1,35494.0,35494.0
3,1,95,1,Text+Global,TEST,it,3,16.08,16.08,4.012730750255287,0.023157102055847645,True,2206979584,2323644416,2,0,64,103,IR-COST-P1_attempt0,1,1,35494.0,35494.0
3,1,95,1,B5,TEST,it,3,16.08,16.08,1.9745587930083275,0.7880939980968833,True,873433600,937426944,1,0,64,0,IR-COST-P1_attempt0,1,1,35494.0,35494.0
3,1,95,2,Global,TEST,it,3,16.08,16.08,3.7729869754984975,0.021800298243761063,True,872952832,939524096,2,0,64,0,IR-COST-P1_attempt0,1,1,35494.0,35494.0
3,1,95,2,Text,TEST,it,3,16.08,16.08,4.298781714402139,0.43212264124304056,True,2206979584,2323644416,2,0,64,103,IR-COST-P1_attempt0,1,1,35494.0,35494.0
3,1,95,2,Text+Global,TEST,it,3,16.08,16.08,4.411160597577691,0.022713863290846348,True,2206979584,2323644416,2,0,64,103,IR-COST-P1_attempt0,1,1,35494.0,35494.0
3,1,95,2,B5,TEST,it,3,16.08,16.08,1.9959584502503276,0.795710670761764,True,873433600,937426944,1,0,64,0,IR-COST-P1_attempt0,1,1,35494.0,35494.0
3,1,95,2,Conf,TEST,it,3,16.08,16.08,3.7247664434835315,0.019045304507017136,True,872952832,939524096,2,0,64,0,IR-COST-P1_attempt0,1,1,35494.0,35494.0
3,1,97,0,Global,TEST,it,4,31.8,30.0,8.031655422411859,0.021428278647363186,True,872952832,1004535808,4,0,131,0,IR-COST-P1_attempt0,1,1,35494.0,35494.0
3,1,97,0,Text,TEST,it,4,31.8,30.0,9.37109854631126,0.49474209174513817,True,2206979584,2390753280,4,2,131,418,IR-COST-P1_attempt0,1,1,35494.0,35494.0
3,1,97,0,Text+Global,TEST,it,4,31.8,30.0,8.872195539064705,0.026634427718818188,True,2206979584,2388656128,4,2,131,418,IR-COST-P1_attempt0,1,1,35494.0,35494.0
3,1,97,0,B5,TEST,it,4,31.8,30.0,3.9722860073670745,0.7751870602369308,True,873433600,952107008,1,0,131,0,IR-COST-P1_attempt0,1,1,35494.0,35494.0
3,1,97,0,Conf,TEST,it,4,31.8,30.0,7.500998753122985,0.023083442822098732,True,872952832,1004535808,4,2,131,0,IR-COST-P1_attempt0,1,1,35494.0,35494.0
3,1,97,1,Text,TEST,it,4,31.8,30.0,9.244693570770323,0.5841556619852781,True,2206979584,2390753280,4,2,131,418,IR-COST-P1_attempt0,1,1,35494.0,35494.0
3,1,97,1,Text+Global,TEST,it,4,31.8,30.0,8.981237989850342,0.0264351237565279,True,2206979584,2390753280,4,2,131,418,IR-COST-P1_attempt0,1,1,35494.0,35494.0
3,1,97,1,B5,TEST,it,4,31.8,30.0,4.190609683282673,0.8078069007024169,True,873433600,952107008,1,0,131,0,IR-COST-P1_attempt0,1,1,35494.0,35494.0
3,1,97,1,Conf,TEST,it,4,31.8,30.0,7.549406452104449,0.028693613596260548,True,872952832,1004535808,4,2,131,0,IR-COST-P1_attempt0,1,1,35494.0,35494.0
3,1,97,1,Global,TEST,it,4,31.8,30.0,7.40089395083487,0.02460673451423645,True,872952832,1004535808,4,0,131,0,IR-COST-P1_attempt0,1,1,35494.0,35494.0
3,1,97,2,Text+Global,TEST,it,4,31.8,30.0,9.543406643904746,0.4293397478759289,True,2206979584,2390753280,4,2,131,418,IR-COST-P1_attempt0,1,1,35494.0,35494.0
3,1,97,2,B5,TEST,it,4,31.8,30.0,4.109053391031921,0.7684500254690647,True,873433600,952107008,1,0,131,0,IR-COST-P1_attempt0,1,1,35494.0,35494.0
3,1,97,2,Conf,TEST,it,4,31.8,30.0,7.819229396060109,0.027109413407742977,True,872952832,1004535808,4,2,131,0,IR-COST-P1_attempt0,1,1,35494.0,35494.0
3,1,97,2,Global,TEST,it,4,31.8,30.0,8.064960575662553,0.025447679683566093,True,872952832,1004535808,4,0,131,0,IR-COST-P1_attempt0,1,1,35494.0,35494.0
3,1,97,2,Text,TEST,it,4,31.8,30.0,9.0889851776883,0.47997343353927135,True,2206979584,2390753280,4,2,131,418,IR-COST-P1_attempt0,1,1,35494.0,35494.0
3,1,99,0,Text+Global,TEST,it,4,23.28,23.28,3.6642224797978997,0.022974281571805477,True,2206979584,2319450112,3,0,50,120,IR-COST-P1_attempt0,1,1,35494.0,35494.0
3,1,99,0,B5,TEST,it,4,23.28,23.28,1.5889221373945475,0.7724893558770418,True,873433600,935329792,1,0,50,0,IR-COST-P1_attempt0,1,1,35494.0,35494.0
3,1,99,0,Conf,TEST,it,4,23.28,23.28,2.9142512707039714,0.020413615740835667,True,872952832,935329792,3,0,50,0,IR-COST-P1_attempt0,1,1,35494.0,35494.0
3,1,99,0,Global,TEST,it,4,23.28,23.28,3.1312841521576047,0.01977866142988205,True,872952832,935329792,3,0,50,0,IR-COST-P1_attempt0,1,1,35494.0,35494.0
3,1,99,0,Text,TEST,it,4,23.28,23.28,3.533741932362318,0.49412726890295744,True,2206979584,2319450112,3,0,50,120,IR-COST-P1_attempt0,1,1,35494.0,35494.0
3,1,99,1,B5,TEST,it,4,23.28,23.28,1.701557089574635,0.7700791247189045,True,873433600,935329792,1,0,50,0,IR-COST-P1_attempt0,1,1,35494.0,35494.0
3,1,99,1,Conf,TEST,it,4,23.28,23.28,3.020812996663153,0.021110177040100098,True,872952832,935329792,3,0,50,0,IR-COST-P1_attempt0,1,1,35494.0,35494.0
3,1,99,1,Global,TEST,it,4,23.28,23.28,3.3003351129591465,0.021139664575457573,True,872952832,935329792,3,0,50,0,IR-COST-P1_attempt0,1,1,35494.0,35494.0
3,1,99,1,Text,TEST,it,4,23.28,23.28,3.224866990931332,0.45028941985219717,True,2206979584,2319450112,3,0,50,120,IR-COST-P1_attempt0,1,1,35494.0,35494.0
3,1,99,1,Text+Global,TEST,it,4,23.28,23.28,3.4984635757282376,0.020232428796589375,True,2206979584,2319450112,3,0,50,120,IR-COST-P1_attempt0,1,1,35494.0,35494.0
3,1,99,2,Conf,TEST,it,4,23.28,23.28,3.221435750834644,0.7598463706672192,True,872952832,935329792,3,0,50,0,IR-COST-P1_attempt0,1,1,35494.0,35494.0
3,1,99,2,Global,TEST,it,4,23.28,23.28,3.1125145303085446,0.02364400401711464,True,872952832,935329792,3,0,50,0,IR-COST-P1_attempt0,1,1,35494.0,35494.0
3,1,99,2,Text,TEST,it,4,23.28,23.28,3.3745859395712614,0.420198280364275,True,2206979584,2319450112,3,0,50,120,IR-COST-P1_attempt0,1,1,35494.0,35494.0
3,1,99,2,Text+Global,TEST,it,4,23.28,23.28,3.4275388522073627,0.025690373964607716,True,2206979584,2319450112,3,0,50,120,IR-COST-P1_attempt0,1,1,35494.0,35494.0
3,1,99,2,B5,TEST,it,4,23.28,23.28,1.6986898900941014,0.7751201298087835,True,873433600,935329792,1,0,50,0,IR-COST-P1_attempt0,1,1,35494.0,35494.0
3,1,101,0,Conf,CV27,ar,0,2.976,2.976,0.8940406059846282,0.020928810350596905,True,872952832,924844032,4,0,9,0,IR-COST-P1_attempt0,1,1,35494.0,35494.0
3,1,101,0,Global,CV27,ar,0,2.976,2.976,1.025440632365644,0.02032958436757326,True,872952832,924844032,4,0,9,0,IR-COST-P1_attempt0,1,1,35494.0,35494.0
3,1,101,0,Text,CV27,ar,0,2.976,2.976,0.980466109700501,0.498002914711833,True,2206979584,2241855488,4,2,8,21,IR-COST-P1_attempt0,1,1,35494.0,35494.0
3,1,101,0,Text+Global,CV27,ar,0,2.976,2.976,1.140601565130055,0.019523683935403824,True,2206979584,2241855488,4,2,8,21,IR-COST-P1_attempt0,1,1,35494.0,35494.0
3,1,101,0,B5,CV27,ar,0,2.976,2.976,0.43704618513584137,0.7646177057176828,True,873433600,924844032,1,0,9,0,IR-COST-P1_attempt0,1,1,35494.0,35494.0
3,1,101,1,Global,CV27,ar,0,2.976,2.976,1.0269213551655412,0.02027984708547592,True,872952832,924844032,4,0,9,0,IR-COST-P1_attempt0,1,1,35494.0,35494.0
3,1,101,1,Text,CV27,ar,0,2.976,2.976,0.9764484753832221,0.4891703072935343,True,2206979584,2241855488,4,2,8,21,IR-COST-P1_attempt0,1,1,35494.0,35494.0
3,1,101,1,Text+Global,CV27,ar,0,2.976,2.976,1.1332546304911375,0.019680675119161606,True,2206979584,2241855488,4,2,8,21,IR-COST-P1_attempt0,1,1,35494.0,35494.0
3,1,101,1,B5,CV27,ar,0,2.976,2.976,0.4392529558390379,0.7550492975860834,True,873433600,924844032,1,0,9,0,IR-COST-P1_attempt0,1,1,35494.0,35494.0
3,1,101,1,Conf,CV27,ar,0,2.976,2.976,0.891984106041491,0.020785468630492687,True,872952832,924844032,4,0,9,0,IR-COST-P1_attempt0,1,1,35494.0,35494.0
3,1,101,2,Text,CV27,ar,0,2.976,2.976,0.9121561218053102,0.47983065713196993,True,2206979584,2241855488,4,2,8,21,IR-COST-P1_attempt0,1,1,35494.0,35494.0
3,1,101,2,Text+Global,CV27,ar,0,2.976,2.976,1.0453003318980336,0.017706763930618763,True,2206979584,2241855488,4,2,8,21,IR-COST-P1_attempt0,1,1,35494.0,35494.0
3,1,101,2,B5,CV27,ar,0,2.976,2.976,0.44049414061009884,0.7610294800251722,True,873433600,924844032,1,0,9,0,IR-COST-P1_attempt0,1,1,35494.0,35494.0
3,1,101,2,Conf,CV27,ar,0,2.976,2.976,0.8995034797117114,0.02078310027718544,True,872952832,924844032,4,0,9,0,IR-COST-P1_attempt0,1,1,35494.0,35494.0
3,1,101,2,Global,CV27,ar,0,2.976,2.976,0.997801854275167,0.020512768998742104,True,872952832,924844032,4,0,9,0,IR-COST-P1_attempt0,1,1,35494.0,35494.0
3,1,103,0,Text,CV27,ar,0,2.304,2.304,1.184472594410181,0.48549541272222996,True,2206979584,2241855488,5,0,10,30,IR-COST-P1_attempt0,1,1,35494.0,35494.0
3,1,103,0,Text+Global,CV27,ar,0,2.304,2.304,1.2685379572212696,0.01985306292772293,True,2206979584,2241855488,5,0,10,30,IR-COST-P1_attempt0,1,1,35494.0,35494.0
3,1,103,0,B5,CV27,ar,0,2.304,2.304,0.5246192254126072,0.7839555349200964,True,873433600,926941184,1,0,10,0,IR-COST-P1_attempt0,1,1,35494.0,35494.0
3,1,103,0,Conf,CV27,ar,0,2.304,2.304,1.0309758130460978,0.04396252520382404,True,872952832,924844032,5,0,10,0,IR-COST-P1_attempt0,1,1,35494.0,35494.0
3,1,103,0,Global,CV27,ar,0,2.304,2.304,1.0860423352569342,0.019328825175762177,True,872952832,924844032,5,0,10,0,IR-COST-P1_attempt0,1,1,35494.0,35494.0
3,1,103,1,Text+Global,CV27,ar,0,2.304,2.304,1.2261863565072417,0.42727978713810444,True,2206979584,2241855488,5,0,10,30,IR-COST-P1_attempt0,1,1,35494.0,35494.0
3,1,103,1,B5,CV27,ar,0,2.304,2.304,0.5214007822796702,0.7753529837355018,True,873433600,926941184,1,0,10,0,IR-COST-P1_attempt0,1,1,35494.0,35494.0
3,1,103,1,Conf,CV27,ar,0,2.304,2.304,1.0310860592871904,0.020451288670301437,True,872952832,924844032,5,0,10,0,IR-COST-P1_attempt0,1,1,35494.0,35494.0
3,1,103,1,Global,CV27,ar,0,2.304,2.304,1.163491359911859,0.0205920422449708,True,872952832,924844032,5,0,10,0,IR-COST-P1_attempt0,1,1,35494.0,35494.0
3,1,103,1,Text,CV27,ar,0,2.304,2.304,1.1760994214564562,0.41180166229605675,True,2206979584,2241855488,5,0,10,30,IR-COST-P1_attempt0,1,1,35494.0,35494.0
3,1,103,2,B5,CV27,ar,0,2.304,2.304,0.48538853973150253,0.7610260648652911,True,873433600,926941184,1,0,10,0,IR-COST-P1_attempt0,1,1,35494.0,35494.0
3,1,103,2,Conf,CV27,ar,0,2.304,2.304,0.9523423118516803,0.018283087760210037,True,872952832,924844032,5,0,10,0,IR-COST-P1_attempt0,1,1,35494.0,35494.0
3,1,103,2,Global,CV27,ar,0,2.304,2.304,1.0953870126977563,0.01806300226598978,True,872952832,924844032,5,0,10,0,IR-COST-P1_attempt0,1,1,35494.0,35494.0
3,1,103,2,Text,CV27,ar,0,2.304,2.304,1.0558000644668937,0.43771024234592915,True,2206979584,2241855488,5,0,10,30,IR-COST-P1_attempt0,1,1,35494.0,35494.0
3,1,103,2,Text+Global,CV27,ar,0,2.304,2.304,1.2499706838279963,0.017939887940883636,True,2206979584,2241855488,5,0,10,30,IR-COST-P1_attempt0,1,1,35494.0,35494.0
3,1,105,0,B5,CV27,ar,1,3.6,3.6,0.5278631364926696,0.7564117824658751,True,873433600,926941184,1,0,13,0,IR-COST-P1_attempt0,1,1,35494.0,35494.0
3,1,105,0,Conf,CV27,ar,1,3.6,3.6,1.0949213281273842,0.01850605010986328,True,872952832,924844032,5,1,13,0,IR-COST-P1_attempt0,1,1,35494.0,35494.0
3,1,105,0,Global,CV27,ar,1,3.6,3.6,1.2531049512326717,0.04905620589852333,True,872952832,924844032,5,1,13,0,IR-COST-P1_attempt0,1,1,35494.0,35494.0
3,1,105,0,Text,CV27,ar,1,3.6,3.6,1.3634453620761633,0.4913849476724863,True,2206979584,2243952640,5,1,13,43,IR-COST-P1_attempt0,1,1,35494.0,35494.0
3,1,105,0,Text+Global,CV27,ar,1,3.6,3.6,1.5069051887840033,0.020263140089809895,True,2206979584,2243952640,5,1,13,43,IR-COST-P1_attempt0,1,1,35494.0,35494.0
3,1,105,1,Conf,CV27,ar,1,3.6,3.6,1.2003977848216891,0.7571954922750592,True,872952832,924844032,5,1,13,0,IR-COST-P1_attempt0,1,1,35494.0,35494.0
3,1,105,1,Global,CV27,ar,1,3.6,3.6,1.3026295565068722,0.020953809842467308,True,872952832,924844032,5,1,13,0,IR-COST-P1_attempt0,1,1,35494.0,35494.0
3,1,105,1,Text,CV27,ar,1,3.6,3.6,1.2227016314864159,0.4151640431955457,True,2206979584,2243952640,5,1,13,43,IR-COST-P1_attempt0,1,1,35494.0,35494.0
3,1,105,1,Text+Global,CV27,ar,1,3.6,3.6,1.3992478419095278,0.01840173453092575,True,2206979584,2243952640,5,1,13,43,IR-COST-P1_attempt0,1,1,35494.0,35494.0
3,1,105,1,B5,CV27,ar,1,3.6,3.6,0.5761371739208698,0.7556702243164182,True,873433600,926941184,1,0,13,0,IR-COST-P1_attempt0,1,1,35494.0,35494.0
3,1,105,2,Global,CV27,ar,1,3.6,3.6,1.35947404243052,0.02108277566730976,True,872952832,924844032,5,1,13,0,IR-COST-P1_attempt0,1,1,35494.0,35494.0
3,1,105,2,Text,CV27,ar,1,3.6,3.6,1.2929543191567063,0.4757060892879963,True,2206979584,2243952640,5,1,13,43,IR-COST-P1_attempt0,1,1,35494.0,35494.0
3,1,105,2,Text+Global,CV27,ar,1,3.6,3.6,1.3888463815674186,0.017877859063446522,True,2206979584,2243952640,5,1,13,43,IR-COST-P1_attempt0,1,1,35494.0,35494.0
3,1,105,2,B5,CV27,ar,1,3.6,3.6,0.5566749749705195,0.7579792840406299,True,873433600,926941184,1,0,13,0,IR-COST-P1_attempt0,1,1,35494.0,35494.0
3,1,105,2,Conf,CV27,ar,1,3.6,3.6,1.0833760080859065,0.018491174094378948,True,872952832,924844032,5,1,13,0,IR-COST-P1_attempt0,1,1,35494.0,35494.0
3,1,107,0,Global,CV27,ar,1,3.672,3.672,1.295450510457158,0.018723580986261368,True,872952832,926941184,3,0,14,0,IR-COST-P1_attempt0,1,1,35494.0,35494.0
3,1,107,0,Text,CV27,ar,1,3.672,3.672,1.2283458821475506,0.47993676364421844,True,2206979584,2243952640,3,0,14,29,IR-COST-P1_attempt0,1,1,35494.0,35494.0
3,1,107,0,Text+Global,CV27,ar,1,3.672,3.672,1.2603671876713634,0.017931999638676643,True,2206979584,2243952640,3,0,14,29,IR-COST-P1_attempt0,1,1,35494.0,35494.0
3,1,107,0,B5,CV27,ar,1,3.672,3.672,0.5724699096754193,0.7547967564314604,True,873433600,926941184,1,0,14,0,IR-COST-P1_attempt0,1,1,35494.0,35494.0
3,1,107,0,Conf,CV27,ar,1,3.672,3.672,1.184170969761908,0.020239712670445442,True,872952832,926941184,3,0,14,0,IR-COST-P1_attempt0,1,1,35494.0,35494.0
3,1,107,1,Text,CV27,ar,1,3.672,3.672,1.2278231009840965,0.47599374409765005,True,2206979584,2243952640,3,0,14,29,IR-COST-P1_attempt0,1,1,35494.0,35494.0
3,1,107,1,Text+Global,CV27,ar,1,3.672,3.672,1.4110584994778037,0.019292790442705154,True,2206979584,2243952640,3,0,14,29,IR-COST-P1_attempt0,1,1,35494.0,35494.0
3,1,107,1,B5,CV27,ar,1,3.672,3.672,0.590064438059926,0.7617464540526271,True,873433600,926941184,1,0,14,0,IR-COST-P1_attempt0,1,1,35494.0,35494.0
3,1,107,1,Conf,CV27,ar,1,3.672,3.672,1.1871330803260207,0.042075734585523605,True,872952832,926941184,3,0,14,0,IR-COST-P1_attempt0,1,1,35494.0,35494.0
3,1,107,1,Global,CV27,ar,1,3.672,3.672,1.2552051423117518,0.020580907352268696,True,872952832,926941184,3,0,14,0,IR-COST-P1_attempt0,1,1,35494.0,35494.0
3,1,107,2,Text+Global,CV27,ar,1,3.672,3.672,1.2987053403630853,0.439455914311111,True,2206979584,2243952640,3,0,14,29,IR-COST-P1_attempt0,1,1,35494.0,35494.0
3,1,107,2,B5,CV27,ar,1,3.672,3.672,0.6229029661044478,0.7628647591918707,True,873433600,926941184,1,0,14,0,IR-COST-P1_attempt0,1,1,35494.0,35494.0
3,1,107,2,Conf,CV27,ar,1,3.672,3.672,1.1838757935911417,0.029022335074841976,True,872952832,926941184,3,0,14,0,IR-COST-P1_attempt0,1,1,35494.0,35494.0
3,1,107,2,Global,CV27,ar,1,3.672,3.672,1.1872880849987268,0.026592712849378586,True,872952832,926941184,3,0,14,0,IR-COST-P1_attempt0,1,1,35494.0,35494.0
3,1,107,2,Text,CV27,ar,1,3.672,3.672,1.3030648762360215,0.48513331171125174,True,2206979584,2243952640,3,0,14,29,IR-COST-P1_attempt0,1,1,35494.0,35494.0
3,1,109,0,Text+Global,CV27,ar,2,3.816,3.816,1.323812060058117,0.019997306168079376,True,2206979584,2241855488,4,0,12,27,IR-COST-P1_attempt0,1,1,35494.0,35494.0
3,1,109,0,B5,CV27,ar,2,3.816,3.816,0.5232055522501469,0.7663061525672674,True,873433600,926941184,1,0,12,0,IR-COST-P1_attempt0,1,1,35494.0,35494.0
3,1,109,0,Conf,CV27,ar,2,3.816,3.816,1.0942971473559737,0.020540133118629456,True,872952832,924844032,4,0,12,0,IR-COST-P1_attempt0,1,1,35494.0,35494.0
3,1,109,0,Global,CV27,ar,2,3.816,3.816,1.225312015041709,0.020710578188300133,True,872952832,924844032,4,0,12,0,IR-COST-P1_attempt0,1,1,35494.0,35494.0
3,1,109,0,Text,CV27,ar,2,3.816,3.816,1.070719476789236,0.4314514445140958,True,2206979584,2241855488,4,0,12,27,IR-COST-P1_attempt0,1,1,35494.0,35494.0
3,1,109,1,B5,CV27,ar,2,3.816,3.816,0.514503144659102,0.7645313469693065,True,873433600,926941184,1,0,12,0,IR-COST-P1_attempt0,1,1,35494.0,35494.0
3,1,109,1,Conf,CV27,ar,2,3.816,3.816,1.0101465499028563,0.0187937393784523,True,872952832,924844032,4,0,12,0,IR-COST-P1_attempt0,1,1,35494.0,35494.0
3,1,109,1,Global,CV27,ar,2,3.816,3.816,1.2261684574186802,0.02661781758069992,True,872952832,924844032,4,0,12,0,IR-COST-P1_attempt0,1,1,35494.0,35494.0
3,1,109,1,Text,CV27,ar,2,3.816,3.816,1.1643537748605013,0.48854898009449244,True,2206979584,2241855488,4,0,12,27,IR-COST-P1_attempt0,1,1,35494.0,35494.0
3,1,109,1,Text+Global,CV27,ar,2,3.816,3.816,1.3489195154979825,0.019931440241634846,True,2206979584,2241855488,4,0,12,27,IR-COST-P1_attempt0,1,1,35494.0,35494.0
3,1,109,2,Conf,CV27,ar,2,3.816,3.816,1.0686677657067776,0.7578927585855126,True,872952832,924844032,4,0,12,0,IR-COST-P1_attempt0,1,1,35494.0,35494.0
3,1,109,2,Global,CV27,ar,2,3.816,3.816,1.2285793470218778,0.020538206212222576,True,872952832,924844032,4,0,12,0,IR-COST-P1_attempt0,1,1,35494.0,35494.0
3,1,109,2,Text,CV27,ar,2,3.816,3.816,1.201998001895845,0.4709519213065505,True,2206979584,2241855488,4,0,12,27,IR-COST-P1_attempt0,1,1,35494.0,35494.0
3,1,109,2,Text+Global,CV27,ar,2,3.816,3.816,1.3536799550056458,0.02929576300084591,True,2206979584,2241855488,4,0,12,27,IR-COST-P1_attempt0,1,1,35494.0,35494.0
3,1,109,2,B5,CV27,ar,2,3.816,3.816,0.5578949516639113,0.7514567049220204,True,873433600,926941184,1,0,12,0,IR-COST-P1_attempt0,1,1,35494.0,35494.0
3,1,111,0,Conf,CV27,ar,2,4.056,4.056,1.3946544770151377,0.020735666155815125,True,872952832,926941184,4,0,17,0,IR-COST-P1_attempt0,1,1,35494.0,35494.0
3,1,111,0,Global,CV27,ar,2,4.056,4.056,1.4327865587547421,0.02069118060171604,True,872952832,926941184,4,0,17,0,IR-COST-P1_attempt0,1,1,35494.0,35494.0
3,1,111,0,Text,CV27,ar,2,4.056,4.056,1.4173030173406005,0.43431889824569225,True,2206979584,2243952640,4,0,17,41,IR-COST-P1_attempt0,1,1,35494.0,35494.0
3,1,111,0,Text+Global,CV27,ar,2,4.056,4.056,1.523418284021318,0.017830892466008663,True,2206979584,2243952640,4,0,17,41,IR-COST-P1_attempt0,1,1,35494.0,35494.0
3,1,111,0,B5,CV27,ar,2,4.056,4.056,0.6648293463513255,0.7612193310633302,True,873433600,926941184,1,0,17,0,IR-COST-P1_attempt0,1,1,35494.0,35494.0
3,1,111,1,Global,CV27,ar,2,4.056,4.056,1.474476664327085,0.0339680565521121,True,872952832,926941184,4,0,17,0,IR-COST-P1_attempt0,1,1,35494.0,35494.0
3,1,111,1,Text,CV27,ar,2,4.056,4.056,1.5612661596387625,0.47451691050082445,True,2206979584,2243952640,4,0,17,41,IR-COST-P1_attempt0,1,1,35494.0,35494.0
3,1,111,1,Text+Global,CV27,ar,2,4.056,4.056,1.6910553211346269,0.018958477303385735,True,2206979584,2243952640,4,0,17,41,IR-COST-P1_attempt0,1,1,35494.0,35494.0
3,1,111,1,B5,CV27,ar,2,4.056,4.056,0.6516649406403303,0.7646242612972856,True,873433600,926941184,1,0,17,0,IR-COST-P1_attempt0,1,1,35494.0,35494.0
3,1,111,1,Conf,CV27,ar,2,4.056,4.056,1.2871231939643621,0.018577110953629017,True,872952832,926941184,4,0,17,0,IR-COST-P1_attempt0,1,1,35494.0,35494.0
3,1,111,2,Text,CV27,ar,2,4.056,4.056,1.5548527836799622,0.3097020089626312,True,2206979584,2243952640,4,0,17,41,IR-COST-P1_attempt0,1,1,35494.0,35494.0
3,1,111,2,Text+Global,CV27,ar,2,4.056,4.056,1.69051852542907,0.02026038896292448,True,2206979584,2243952640,4,0,17,41,IR-COST-P1_attempt0,1,1,35494.0,35494.0
3,1,111,2,B5,CV27,ar,2,4.056,4.056,0.6349376197904348,0.7607726193964481,True,873433600,926941184,1,0,17,0,IR-COST-P1_attempt0,1,1,35494.0,35494.0
3,1,111,2,Conf,CV27,ar,2,4.056,4.056,1.2773219365626574,0.018538733012974262,True,872952832,926941184,4,0,17,0,IR-COST-P1_attempt0,1,1,35494.0,35494.0
3,1,111,2,Global,CV27,ar,2,4.056,4.056,1.418039589188993,0.018401090055704117,True,872952832,926941184,4,0,17,0,IR-COST-P1_attempt0,1,1,35494.0,35494.0
3,1,113,0,Text,CV27,ar,3,4.344,4.344,1.354886076413095,0.4848081348463893,True,2206979584,2243952640,4,0,14,40,IR-COST-P1_attempt0,1,1,35494.0,35494.0
3,1,113,0,Text+Global,CV27,ar,3,4.344,4.344,1.3918651584535837,0.019985168240964413,True,2206979584,2243952640,4,1,14,40,IR-COST-P1_attempt0,1,1,35494.0,35494.0
3,1,113,0,B5,CV27,ar,3,4.344,4.344,0.5824866062030196,0.7619905741885304,True,873433600,926941184,1,0,14,0,IR-COST-P1_attempt0,1,1,35494.0,35494.0
3,1,113,0,Conf,CV27,ar,3,4.344,4.344,1.0727303633466363,0.04162956029176712,True,872952832,926941184,4,0,14,0,IR-COST-P1_attempt0,1,1,35494.0,35494.0
3,1,113,0,Global,CV27,ar,3,4.344,4.344,1.246723341755569,0.018549217842519283,True,872952832,926941184,4,0,14,0,IR-COST-P1_attempt0,1,1,35494.0,35494.0
3,1,113,1,Text+Global,CV27,ar,3,4.344,4.344,1.412175040692091,0.4407539051026106,True,2206979584,2243952640,4,1,14,40,IR-COST-P1_attempt0,1,1,35494.0,35494.0
3,1,113,1,B5,CV27,ar,3,4.344,4.344,0.6208283985033631,0.7569203926250339,True,873433600,926941184,1,0,14,0,IR-COST-P1_attempt0,1,1,35494.0,35494.0
3,1,113,1,Conf,CV27,ar,3,4.344,4.344,1.1226428085938096,0.02090959995985031,True,872952832,926941184,4,0,14,0,IR-COST-P1_attempt0,1,1,35494.0,35494.0
3,1,113,1,Global,CV27,ar,3,4.344,4.344,1.3290048614144325,0.018381761386990547,True,872952832,926941184,4,0,14,0,IR-COST-P1_attempt0,1,1,35494.0,35494.0
3,1,113,1,Text,CV27,ar,3,4.344,4.344,1.3160304557532072,0.4790170593187213,True,2206979584,2243952640,4,0,14,40,IR-COST-P1_attempt0,1,1,35494.0,35494.0
3,1,113,2,B5,CV27,ar,3,4.344,4.344,0.624429508112371,0.7570253051817417,True,873433600,926941184,1,0,14,0,IR-COST-P1_attempt0,1,1,35494.0,35494.0
3,1,113,2,Conf,CV27,ar,3,4.344,4.344,1.1529384814202785,0.020333307795226574,True,872952832,926941184,4,0,14,0,IR-COST-P1_attempt0,1,1,35494.0,35494.0
3,1,113,2,Global,CV27,ar,3,4.344,4.344,1.2419117372483015,0.01878170482814312,True,872952832,926941184,4,0,14,0,IR-COST-P1_attempt0,1,1,35494.0,35494.0
3,1,113,2,Text,CV27,ar,3,4.344,4.344,1.212923209182918,0.4360793773084879,True,2206979584,2243952640,4,0,14,40,IR-COST-P1_attempt0,1,1,35494.0,35494.0
3,1,113,2,Text+Global,CV27,ar,3,4.344,4.344,1.359826241619885,0.017997064627707005,True,2206979584,2243952640,4,1,14,40,IR-COST-P1_attempt0,1,1,35494.0,35494.0
3,1,115,0,B5,CV27,ar,3,4.5,4.5,0.6328403810039163,0.7597722271457314,True,873433600,926941184,1,0,14,0,IR-COST-P1_attempt0,1,1,35494.0,35494.0
3,1,115,0,Conf,CV27,ar,3,4.5,4.5,1.2406064802780747,0.020798937417566776,True,872952832,926941184,5,0,14,0,IR-COST-P1_attempt0,1,1,35494.0,35494.0
3,1,115,0,Global,CV27,ar,3,4.5,4.5,1.3876284789294004,0.020471081137657166,True,872952832,926941184,5,0,14,0,IR-COST-P1_attempt0,1,1,35494.0,35494.0
3,1,115,0,Text,CV27,ar,3,4.5,4.5,1.3514666957780719,0.4920707829296589,True,2206979584,2243952640,5,0,14,47,IR-COST-P1_attempt0,1,1,35494.0,35494.0
3,1,115,0,Text+Global,CV27,ar,3,4.5,4.5,1.4373226147145033,0.02619948424398899,True,2206979584,2243952640,5,0,14,47,IR-COST-P1_attempt0,1,1,35494.0,35494.0
3,1,115,1,Conf,CV27,ar,3,4.5,4.5,1.140084045007825,0.7676216913387179,True,872952832,926941184,5,0,14,0,IR-COST-P1_attempt0,1,1,35494.0,35494.0
3,1,115,1,Global,CV27,ar,3,4.5,4.5,1.413983908481896,0.04889195878058672,True,872952832,926941184,5,0,14,0,IR-COST-P1_attempt0,1,1,35494.0,35494.0
3,1,115,1,Text,CV27,ar,3,4.5,4.5,1.3541829800233245,0.4912777477875352,True,2206979584,2243952640,5,0,14,47,IR-COST-P1_attempt0,1,1,35494.0,35494.0
3,1,115,1,Text+Global,CV27,ar,3,4.5,4.5,1.5965635236352682,0.02093189675360918,True,2206979584,2243952640,5,0,14,47,IR-COST-P1_attempt0,1,1,35494.0,35494.0
3,1,115,1,B5,CV27,ar,3,4.5,4.5,0.5829713679850101,0.7586351158097386,True,873433600,926941184,1,0,14,0,IR-COST-P1_attempt0,1,1,35494.0,35494.0
3,1,115,2,Global,CV27,ar,3,4.5,4.5,1.3944721445441246,0.020317401736974716,True,872952832,926941184,5,0,14,0,IR-COST-P1_attempt0,1,1,35494.0,35494.0
3,1,115,2,Text,CV27,ar,3,4.5,4.5,1.3264687499031425,0.4829593962058425,True,2206979584,2243952640,5,0,14,47,IR-COST-P1_attempt0,1,1,35494.0,35494.0
3,1,115,2,Text+Global,CV27,ar,3,4.5,4.5,1.4094082564115524,0.017873668111860752,True,2206979584,2243952640,5,0,14,47,IR-COST-P1_attempt0,1,1,35494.0,35494.0
3,1,115,2,B5,CV27,ar,3,4.5,4.5,0.5622148616239429,0.7507823631167412,True,873433600,926941184,1,0,14,0,IR-COST-P1_attempt0,1,1,35494.0,35494.0
3,1,115,2,Conf,CV27,ar,3,4.5,4.5,1.1428192611783743,0.041412183083593845,True,872952832,926941184,5,0,14,0,IR-COST-P1_attempt0,1,1,35494.0,35494.0
3,1,117,0,Global,CV27,ar,4,5.436,5.436,1.5920434799045324,0.018597829155623913,True,872952832,926941184,4,0,19,0,IR-COST-P1_attempt0,1,1,35494.0,35494.0
3,1,117,0,Text,CV27,ar,4,5.436,5.436,1.6112908013164997,0.4842440830543637,True,2206979584,2243952640,4,0,19,46,IR-COST-P1_attempt0,1,1,35494.0,35494.0
3,1,117,0,Text+Global,CV27,ar,4,5.436,5.436,1.8081451375037432,0.019787817262113094,True,2206979584,2243952640,4,0,19,46,IR-COST-P1_attempt0,1,1,35494.0,35494.0
3,1,117,0,B5,CV27,ar,4,5.436,5.436,0.709999417886138,0.7514231288805604,True,873433600,926941184,1,0,19,0,IR-COST-P1_attempt0,1,1,35494.0,35494.0
3,1,117,0,Conf,CV27,ar,4,5.436,5.436,1.507739294320345,0.02059311233460903,True,872952832,926941184,4,0,19,0,IR-COST-P1_attempt0,1,1,35494.0,35494.0
3,1,117,1,Text,CV27,ar,4,5.436,5.436,1.6561924684792757,0.4824784556403756,True,2206979584,2243952640,4,0,19,46,IR-COST-P1_attempt0,1,1,35494.0,35494.0
3,1,117,1,Text+Global,CV27,ar,4,5.436,5.436,1.771532722748816,0.020027403719723225,True,2206979584,2243952640,4,0,19,46,IR-COST-P1_attempt0,1,1,35494.0,35494.0
3,1,117,1,B5,CV27,ar,4,5.436,5.436,0.78016013558954,0.7619848474860191,True,873433600,926941184,1,0,19,0,IR-COST-P1_attempt0,1,1,35494.0,35494.0
3,1,117,1,Conf,CV27,ar,4,5.436,5.436,1.4170219330117106,0.022237317636609077,True,872952832,926941184,4,0,19,0,IR-COST-P1_attempt0,1,1,35494.0,35494.0
3,1,117,1,Global,CV27,ar,4,5.436,5.436,1.5189849212765694,0.018501020967960358,True,872952832,926941184,4,0,19,0,IR-COST-P1_attempt0,1,1,35494.0,35494.0
3,1,117,2,Text+Global,CV27,ar,4,5.436,5.436,1.8092358391731977,0.3693978190422058,True,2206979584,2243952640,4,0,19,46,IR-COST-P1_attempt0,1,1,35494.0,35494.0
3,1,117,2,B5,CV27,ar,4,5.436,5.436,0.7262110337615013,0.7587025063112378,True,873433600,926941184,1,0,19,0,IR-COST-P1_attempt0,1,1,35494.0,35494.0
3,1,117,2,Conf,CV27,ar,4,5.436,5.436,1.507701586931944,0.020403449423611164,True,872952832,926941184,4,0,19,0,IR-COST-P1_attempt0,1,1,35494.0,35494.0
3,1,117,2,Global,CV27,ar,4,5.436,5.436,1.5983906192705035,0.021454187110066414,True,872952832,926941184,4,0,19,0,IR-COST-P1_attempt0,1,1,35494.0,35494.0
3,1,117,2,Text,CV27,ar,4,5.436,5.436,1.6574489725753665,0.47959657572209835,True,2206979584,2243952640,4,0,19,46,IR-COST-P1_attempt0,1,1,35494.0,35494.0
3,1,119,0,Text+Global,CV27,ar,4,8.328,8.328,2.6306809829548,0.017952021211385727,True,2206979584,2248146944,4,0,34,79,IR-COST-P1_attempt0,1,1,35494.0,35494.0
3,1,119,0,B5,CV27,ar,4,8.328,8.328,1.2201747810468078,0.7643785048276186,True,873433600,931135488,1,0,34,0,IR-COST-P1_attempt0,1,1,35494.0,35494.0
3,1,119,0,Conf,CV27,ar,4,8.328,8.328,2.3171844771131873,0.018642116338014603,True,872952832,931135488,4,0,34,0,IR-COST-P1_attempt0,1,1,35494.0,35494.0
3,1,119,0,Global,CV27,ar,4,8.328,8.328,2.4797179009765387,0.021002820692956448,True,872952832,931135488,4,0,34,0,IR-COST-P1_attempt0,1,1,35494.0,35494.0
3,1,119,0,Text,CV27,ar,4,8.328,8.328,2.37195698171854,0.44285564217716455,True,2206979584,2248146944,4,0,34,79,IR-COST-P1_attempt0,1,1,35494.0,35494.0
3,1,119,1,B5,CV27,ar,4,8.328,8.328,1.1059874705970287,0.7550637498497963,True,873433600,931135488,1,0,34,0,IR-COST-P1_attempt0,1,1,35494.0,35494.0
3,1,119,1,Conf,CV27,ar,4,8.328,8.328,2.3706281697377563,0.019013368524610996,True,872952832,931135488,4,0,34,0,IR-COST-P1_attempt0,1,1,35494.0,35494.0
3,1,119,1,Global,CV27,ar,4,8.328,8.328,2.470171470195055,0.05620724707841873,True,872952832,931135488,4,0,34,0,IR-COST-P1_attempt0,1,1,35494.0,35494.0
3,1,119,1,Text,CV27,ar,4,8.328,8.328,2.593256674706936,0.4915122324600816,True,2206979584,2248146944,4,0,34,79,IR-COST-P1_attempt0,1,1,35494.0,35494.0
3,1,119,1,Text+Global,CV27,ar,4,8.328,8.328,2.6011709570884705,0.020212390460073948,True,2206979584,2248146944,4,0,34,79,IR-COST-P1_attempt0,1,1,35494.0,35494.0
3,1,119,2,Conf,CV27,ar,4,8.328,8.328,2.385564615018666,0.7683000788092613,True,872952832,931135488,4,0,34,0,IR-COST-P1_attempt0,1,1,35494.0,35494.0
3,1,119,2,Global,CV27,ar,4,8.328,8.328,2.2686120625585318,0.018653430975973606,True,872952832,931135488,4,0,34,0,IR-COST-P1_attempt0,1,1,35494.0,35494.0
3,1,119,2,Text,CV27,ar,4,8.328,8.328,2.472749523818493,0.42844075709581375,True,2206979584,2248146944,4,0,34,79,IR-COST-P1_attempt0,1,1,35494.0,35494.0
3,1,119,2,Text+Global,CV27,ar,4,8.328,8.328,2.668326989747584,0.020163911394774914,True,2206979584,2248146944,4,0,34,79,IR-COST-P1_attempt0,1,1,35494.0,35494.0
3,1,119,2,B5,CV27,ar,4,8.328,8.328,1.2426332887262106,0.7702161194756627,True,873433600,931135488,1,0,34,0,IR-COST-P1_attempt0,1,1,35494.0,35494.0
3,1,121,0,Conf,CV27,fa,0,2.664,2.664,0.9496984928846359,0.02095235139131546,True,872952832,924844032,5,0,9,0,IR-COST-P1_attempt0,1,1,35494.0,35494.0
3,1,121,0,Global,CV27,fa,0,2.664,2.664,1.1332833133637905,0.018368689343333244,True,872952832,924844032,5,0,9,0,IR-COST-P1_attempt0,1,1,35494.0,35494.0
3,1,121,0,Text,CV27,fa,0,2.664,2.664,1.1042626956477761,0.430275721475482,True,2206979584,2241855488,5,0,9,34,IR-COST-P1_attempt0,1,1,35494.0,35494.0
3,1,121,0,Text+Global,CV27,fa,0,2.664,2.664,1.2647438822314143,0.017678852193057537,True,2206979584,2241855488,5,0,9,34,IR-COST-P1_attempt0,1,1,35494.0,35494.0
3,1,121,0,B5,CV27,fa,0,2.664,2.664,0.5058516543358564,0.7575428178533912,True,873433600,926941184,1,0,9,0,IR-COST-P1_attempt0,1,1,35494.0,35494.0
3,1,121,1,Global,CV27,fa,0,2.664,2.664,1.1315637053921819,0.01846923027187586,True,872952832,924844032,5,0,9,0,IR-COST-P1_attempt0,1,1,35494.0,35494.0
3,1,121,1,Text,CV27,fa,0,2.664,2.664,1.224987218156457,0.3703342117369175,True,2206979584,2241855488,5,0,9,34,IR-COST-P1_attempt0,1,1,35494.0,35494.0
3,1,121,1,Text+Global,CV27,fa,0,2.664,2.664,1.363084846176207,0.02962592802941799,True,2206979584,2241855488,5,0,9,34,IR-COST-P1_attempt0,1,1,35494.0,35494.0
3,1,121,1,B5,CV27,fa,0,2.664,2.664,0.5588116021826863,0.7622802006080747,True,873433600,926941184,1,0,9,0,IR-COST-P1_attempt0,1,1,35494.0,35494.0
3,1,121,1,Conf,CV27,fa,0,2.664,2.664,1.0645213397219777,0.02062229812145233,True,872952832,924844032,5,0,9,0,IR-COST-P1_attempt0,1,1,35494.0,35494.0
3,1,121,2,Text,CV27,fa,0,2.664,2.664,1.1953553929924965,0.4361856849864125,True,2206979584,2241855488,5,0,9,34,IR-COST-P1_attempt0,1,1,35494.0,35494.0
3,1,121,2,Text+Global,CV27,fa,0,2.664,2.664,1.385240794159472,0.020064424723386765,True,2206979584,2241855488,5,0,9,34,IR-COST-P1_attempt0,1,1,35494.0,35494.0
3,1,121,2,B5,CV27,fa,0,2.664,2.664,0.5261760912835598,0.7476551532745361,True,873433600,926941184,1,0,9,0,IR-COST-P1_attempt0,1,1,35494.0,35494.0
3,1,121,2,Conf,CV27,fa,0,2.664,2.664,1.0650289366021752,0.020535167306661606,True,872952832,924844032,5,0,9,0,IR-COST-P1_attempt0,1,1,35494.0,35494.0
3,1,121,2,Global,CV27,fa,0,2.664,2.664,1.224655194208026,0.02629718277603388,True,872952832,924844032,5,0,9,0,IR-COST-P1_attempt0,1,1,35494.0,35494.0
3,1,123,0,Text,CV27,fa,0,3.504,3.504,0.7300217654556036,0.3680791137740016,True,2206979584,2239758336,4,0,4,11,IR-COST-P1_attempt0,1,1,35494.0,35494.0
3,1,123,0,Text+Global,CV27,fa,0,3.504,3.504,0.8482946632429957,0.04284585639834404,True,2206979584,2239758336,4,0,4,11,IR-COST-P1_attempt0,1,1,35494.0,35494.0
3,1,123,0,B5,CV27,fa,0,3.504,3.504,0.2936604879796505,0.75290347635746,True,873433600,924844032,1,0,4,0,IR-COST-P1_attempt0,1,1,35494.0,35494.0
3,1,123,0,Conf,CV27,fa,0,3.504,3.504,0.5965816713869572,0.018154309131205082,True,872952832,924844032,4,0,4,0,IR-COST-P1_attempt0,1,1,35494.0,35494.0
3,1,123,0,Global,CV27,fa,0,3.504,3.504,0.7003150470554829,0.018353662453591824,True,872952832,924844032,4,0,4,0,IR-COST-P1_attempt0,1,1,35494.0,35494.0
3,1,123,1,Text+Global,CV27,fa,0,3.504,3.504,0.7977035772055387,0.44113072846084833,True,2206979584,2239758336,4,0,4,11,IR-COST-P1_attempt0,1,1,35494.0,35494.0
3,1,123,1,B5,CV27,fa,0,3.504,3.504,0.300968955270946,0.8319173026829958,True,873433600,924844032,1,0,4,0,IR-COST-P1_attempt0,1,1,35494.0,35494.0
3,1,123,1,Conf,CV27,fa,0,3.504,3.504,0.6351579651236534,0.02061497326940298,True,872952832,924844032,4,0,4,0,IR-COST-P1_attempt0,1,1,35494.0,35494.0
3,1,123,1,Global,CV27,fa,0,3.504,3.504,0.7808028440922499,0.028003638610243797,True,872952832,924844032,4,0,4,0,IR-COST-P1_attempt0,1,1,35494.0,35494.0
3,1,123,1,Text,CV27,fa,0,3.504,3.504,0.6675791367888451,0.5050148079171777,True,2206979584,2239758336,4,0,4,11,IR-COST-P1_attempt0,1,1,35494.0,35494.0
3,1,123,2,B5,CV27,fa,0,3.504,3.504,0.3013834673911333,0.7701038233935833,True,873433600,924844032,1,0,4,0,IR-COST-P1_attempt0,1,1,35494.0,35494.0
3,1,123,2,Conf,CV27,fa,0,3.504,3.504,0.5893153734505177,0.018239558674395084,True,872952832,924844032,4,0,4,0,IR-COST-P1_attempt0,1,1,35494.0,35494.0
3,1,123,2,Global,CV27,fa,0,3.504,3.504,0.7396318251267076,0.019126376137137413,True,872952832,924844032,4,0,4,0,IR-COST-P1_attempt0,1,1,35494.0,35494.0
3,1,123,2,Text,CV27,fa,0,3.504,3.504,0.7219455549493432,0.34905421547591686,True,2206979584,2239758336,4,0,4,11,IR-COST-P1_attempt0,1,1,35494.0,35494.0
3,1,123,2,Text+Global,CV27,fa,0,3.504,3.504,0.854418171569705,0.0392896868288517,True,2206979584,2239758336,4,0,4,11,IR-COST-P1_attempt0,1,1,35494.0,35494.0
3,1,125,0,B5,CV27,fa,1,3.744,3.744,0.7721799220889807,0.7656041821464896,True,873433600,929038336,1,0,21,0,IR-COST-P1_attempt0,1,1,35494.0,35494.0
3,1,125,0,Conf,CV27,fa,1,3.744,3.744,1.6407753843814135,0.019695102237164974,True,872952832,929038336,5,0,21,0,IR-COST-P1_attempt0,1,1,35494.0,35494.0
3,1,125,0,Global,CV27,fa,1,3.744,3.744,1.780321671627462,0.03401255048811436,True,872952832,929038336,5,0,21,0,IR-COST-P1_attempt0,1,1,35494.0,35494.0
3,1,125,0,Text,CV27,fa,1,3.744,3.744,1.7942491937428713,0.5098420921713114,True,2206979584,2243952640,5,0,21,53,IR-COST-P1_attempt0,1,1,35494.0,35494.0
3,1,125,0,Text+Global,CV27,fa,1,3.744,3.744,1.8579564318060875,0.017579028382897377,True,2206979584,2243952640,5,0,21,53,IR-COST-P1_attempt0,1,1,35494.0,35494.0
3,1,125,1,Conf,CV27,fa,1,3.744,3.744,1.6166707379743457,0.748920158483088,True,872952832,929038336,5,0,21,0,IR-COST-P1_attempt0,1,1,35494.0,35494.0
3,1,125,1,Global,CV27,fa,1,3.744,3.744,1.71279177069664,0.02109954785555601,True,872952832,929038336,5,0,21,0,IR-COST-P1_attempt0,1,1,35494.0,35494.0
3,1,125,1,Text,CV27,fa,1,3.744,3.744,1.8663943838328123,0.4943163190037012,True,2206979584,2243952640,5,0,21,53,IR-COST-P1_attempt0,1,1,35494.0,35494.0
3,1,125,1,Text+Global,CV27,fa,1,3.744,3.744,1.789373398758471,0.018286907114088535,True,2206979584,2243952640,5,0,21,53,IR-COST-P1_attempt0,1,1,35494.0,35494.0
3,1,125,1,B5,CV27,fa,1,3.744,3.744,0.839919051155448,0.7508366098627448,True,873433600,929038336,1,0,21,0,IR-COST-P1_attempt0,1,1,35494.0,35494.0
3,1,125,2,Global,CV27,fa,1,3.744,3.744,1.7774296570569277,0.02075483836233616,True,872952832,929038336,5,0,21,0,IR-COST-P1_attempt0,1,1,35494.0,35494.0
3,1,125,2,Text,CV27,fa,1,3.744,3.744,1.8027926422655582,0.4357909867540002,True,2206979584,2243952640,5,0,21,53,IR-COST-P1_attempt0,1,1,35494.0,35494.0
3,1,125,2,Text+Global,CV27,fa,1,3.744,3.744,1.9771933117881417,0.020006954669952393,True,2206979584,2243952640,5,0,21,53,IR-COST-P1_attempt0,1,1,35494.0,35494.0
3,1,125,2,B5,CV27,fa,1,3.744,3.744,0.7809353619813919,0.7549590887501836,True,873433600,929038336,1,0,21,0,IR-COST-P1_attempt0,1,1,35494.0,35494.0
3,1,125,2,Conf,CV27,fa,1,3.744,3.744,1.5099352085962892,0.018460819497704506,True,872952832,929038336,5,0,21,0,IR-COST-P1_attempt0,1,1,35494.0,35494.0
3,1,127,0,Global,CV27,fa,1,4.056,4.056,1.4691820489242673,0.04846597369760275,True,872952832,926941184,5,1,17,0,IR-COST-P1_attempt0,1,1,35494.0,35494.0
3,1,127,0,Text,CV27,fa,1,4.056,4.056,1.4370171716436744,0.4438744019716978,True,2206979584,2243952640,5,1,17,57,IR-COST-P1_attempt0,1,1,35494.0,35494.0
3,1,127,0,Text+Global,CV27,fa,1,4.056,4.056,1.6585565339773893,0.018222290091216564,True,2206979584,2243952640,5,1,17,57,IR-COST-P1_attempt0,1,1,35494.0,35494.0
3,1,127,0,B5,CV27,fa,1,4.056,4.056,0.7153185019269586,0.7506150249391794,True,873433600,926941184,1,0,18,0,IR-COST-P1_attempt0,1,1,35494.0,35494.0
3,1,127,0,Conf,CV27,fa,1,4.056,4.056,1.3221405316144228,0.020631124265491962,True,872952832,926941184,5,1,17,0,IR-COST-P1_attempt0,1,1,35494.0,35494.0
3,1,127,1,Text,CV27,fa,1,4.056,4.056,1.6294198045507073,0.4800328994169831,True,2206979584,2243952640,5,1,17,57,IR-COST-P1_attempt0,1,1,35494.0,35494.0
3,1,127,1,Text+Global,CV27,fa,1,4.056,4.056,1.7641240153461695,0.019939497113227844,True,2206979584,2243952640,5,1,17,57,IR-COST-P1_attempt0,1,1,35494.0,35494.0
3,1,127,1,B5,CV27,fa,1,4.056,4.056,0.6611914020031691,0.7534324619919062,True,873433600,926941184,1,0,18,0,IR-COST-P1_attempt0,1,1,35494.0,35494.0
3,1,127,1,Conf,CV27,fa,1,4.056,4.056,1.3275723876431584,0.020080817863345146,True,872952832,926941184,5,1,17,0,IR-COST-P1_attempt0,1,1,35494.0,35494.0
3,1,127,1,Global,CV27,fa,1,4.056,4.056,1.4630398247390985,0.05740129482001066,True,872952832,926941184,5,1,17,0,IR-COST-P1_attempt0,1,1,35494.0,35494.0
3,1,127,2,Text+Global,CV27,fa,1,4.056,4.056,1.780824507586658,0.4925058772787452,True,2206979584,2243952640,5,1,17,57,IR-COST-P1_attempt0,1,1,35494.0,35494.0
3,1,127,2,B5,CV27,fa,1,4.056,4.056,0.6727085867896676,0.769229051657021,True,873433600,926941184,1,0,18,0,IR-COST-P1_attempt0,1,1,35494.0,35494.0
3,1,127,2,Conf,CV27,fa,1,4.056,4.056,1.3094494538381696,0.019212751649320126,True,872952832,926941184,5,1,17,0,IR-COST-P1_attempt0,1,1,35494.0,35494.0
3,1,127,2,Global,CV27,fa,1,4.056,4.056,1.4307843232527375,0.018606930039823055,True,872952832,926941184,5,1,17,0,IR-COST-P1_attempt0,1,1,35494.0,35494.0
3,1,127,2,Text,CV27,fa,1,4.056,4.056,1.6399969635531306,0.49164244532585144,True,2206979584,2243952640,5,1,17,57,IR-COST-P1_attempt0,1,1,35494.0,35494.0
3,1,129,0,Text+Global,CV27,fa,2,4.776,4.776,2.162097758613527,0.05387692339718342,True,2206979584,2246049792,5,0,25,53,IR-COST-P1_attempt0,1,1,35494.0,35494.0
3,1,129,0,B5,CV27,fa,2,4.776,4.776,0.8864507041871548,0.793720131739974,True,873433600,929038336,1,0,25,0,IR-COST-P1_attempt0,1,1,35494.0,35494.0
3,1,129,0,Conf,CV27,fa,2,4.776,4.776,1.8682651305571198,0.01852406281977892,True,872952832,929038336,5,0,25,0,IR-COST-P1_attempt0,1,1,35494.0,35494.0
3,1,129,0,Global,CV27,fa,2,4.776,4.776,1.9505358831956983,0.02073792926967144,True,872952832,929038336,5,0,25,0,IR-COST-P1_attempt0,1,1,35494.0,35494.0
3,1,129,0,Text,CV27,fa,2,4.776,4.776,2.01041276846081,0.49255039542913437,True,2206979584,2246049792,5,0,25,53,IR-COST-P1_attempt0,1,1,35494.0,35494.0
3,1,129,1,B5,CV27,fa,2,4.776,4.776,0.962604247033596,0.7925358135253191,True,873433600,929038336,1,0,25,0,IR-COST-P1_attempt0,1,1,35494.0,35494.0
3,1,129,1,Conf,CV27,fa,2,4.776,4.776,1.8604461951181293,0.02238496206700802,True,872952832,929038336,5,0,25,0,IR-COST-P1_attempt0,1,1,35494.0,35494.0
3,1,129,1,Global,CV27,fa,2,4.776,4.776,2.0553234070539474,0.021515311673283577,True,872952832,929038336,5,0,25,0,IR-COST-P1_attempt0,1,1,35494.0,35494.0
3,1,129,1,Text,CV27,fa,2,4.776,4.776,1.9294515708461404,0.4494920615106821,True,2206979584,2246049792,5,0,25,53,IR-COST-P1_attempt0,1,1,35494.0,35494.0
3,1,129,1,Text+Global,CV27,fa,2,4.776,4.776,2.259139851666987,0.020172287710011005,True,2206979584,2246049792,5,0,25,53,IR-COST-P1_attempt0,1,1,35494.0,35494.0
3,1,129,2,Conf,CV27,fa,2,4.776,4.776,1.9061939446255565,0.7660481156781316,True,872952832,929038336,5,0,25,0,IR-COST-P1_attempt0,1,1,35494.0,35494.0
3,1,129,2,Global,CV27,fa,2,4.776,4.776,2.0336807714775205,0.04647877626121044,True,872952832,929038336,5,0,25,0,IR-COST-P1_attempt0,1,1,35494.0,35494.0
3,1,129,2,Text,CV27,fa,2,4.776,4.776,1.8600910855457187,0.43632319662719965,True,2206979584,2246049792,5,0,25,53,IR-COST-P1_attempt0,1,1,35494.0,35494.0
3,1,129,2,Text+Global,CV27,fa,2,4.776,4.776,2.025770860724151,0.018167373724281788,True,2206979584,2246049792,5,0,25,53,IR-COST-P1_attempt0,1,1,35494.0,35494.0
3,1,129,2,B5,CV27,fa,2,4.776,4.776,0.8686736542731524,0.7765535991638899,True,873433600,929038336,1,0,25,0,IR-COST-P1_attempt0,1,1,35494.0,35494.0
3,1,131,0,Conf,CV27,fa,2,4.824,4.824,1.738257241435349,0.018578939139842987,True,872952832,929038336,4,0,26,0,IR-COST-P1_attempt0,1,1,35494.0,35494.0
3,1,131,0,Global,CV27,fa,2,4.824,4.824,1.8645343091338873,0.01868836861103773,True,872952832,929038336,4,0,26,0,IR-COST-P1_attempt0,1,1,35494.0,35494.0
3,1,131,0,Text,CV27,fa,2,4.824,4.824,2.1210569590330124,0.48250379227101803,True,2206979584,2246049792,4,0,26,53,IR-COST-P1_attempt0,1,1,35494.0,35494.0
3,1,131,0,Text+Global,CV27,fa,2,4.824,4.824,2.2345118671655655,0.020199558697640896,True,2206979584,2246049792,4,0,26,53,IR-COST-P1_attempt0,1,1,35494.0,35494.0
3,1,131,0,B5,CV27,fa,2,4.824,4.824,0.9887821264564991,0.7647376451641321,True,873433600,929038336,1,0,26,0,IR-COST-P1_attempt0,1,1,35494.0,35494.0
3,1,131,1,Global,CV27,fa,2,4.824,4.824,2.0411656461656094,0.02082960307598114,True,872952832,929038336,4,0,26,0,IR-COST-P1_attempt0,1,1,35494.0,35494.0
3,1,131,1,Text,CV27,fa,2,4.824,4.824,2.103883069008589,0.40815700497478247,True,2206979584,2246049792,4,0,26,53,IR-COST-P1_attempt0,1,1,35494.0,35494.0
3,1,131,1,Text+Global,CV27,fa,2,4.824,4.824,2.0408213417977095,0.020158504135906696,True,2206979584,2246049792,4,0,26,53,IR-COST-P1_attempt0,1,1,35494.0,35494.0
3,1,131,1,B5,CV27,fa,2,4.824,4.824,0.8979913163930178,0.7803119868040085,True,873433600,929038336,1,0,26,0,IR-COST-P1_attempt0,1,1,35494.0,35494.0
3,1,131,1,Conf,CV27,fa,2,4.824,4.824,1.7273044874891639,0.01882309652864933,True,872952832,929038336,4,0,26,0,IR-COST-P1_attempt0,1,1,35494.0,35494.0
3,1,131,2,Text,CV27,fa,2,4.824,4.824,2.064572913572192,0.4491683319211006,True,2206979584,2246049792,4,0,26,53,IR-COST-P1_attempt0,1,1,35494.0,35494.0
3,1,131,2,Text+Global,CV27,fa,2,4.824,4.824,2.1572459721937776,0.020228570327162743,True,2206979584,2246049792,4,0,26,53,IR-COST-P1_attempt0,1,1,35494.0,35494.0
3,1,131,2,B5,CV27,fa,2,4.824,4.824,0.9368104562163353,0.7695603091269732,True,873433600,929038336,1,0,26,0,IR-COST-P1_attempt0,1,1,35494.0,35494.0
3,1,131,2,Conf,CV27,fa,2,4.824,4.824,1.9288500314578414,0.02044552844017744,True,872952832,929038336,4,0,26,0,IR-COST-P1_attempt0,1,1,35494.0,35494.0
3,1,131,2,Global,CV27,fa,2,4.824,4.824,2.014963848516345,0.018672145903110504,True,872952832,929038336,4,0,26,0,IR-COST-P1_attempt0,1,1,35494.0,35494.0
3,1,133,0,Text,CV27,fa,3,5.736,5.736,2.672829804942012,0.5041113262996078,True,2206979584,2248146944,5,0,36,81,IR-COST-P1_attempt0,1,1,35494.0,35494.0
3,1,133,0,Text+Global,CV27,fa,3,5.736,5.736,2.8081696163862944,0.017984597943723202,True,2206979584,2248146944,5,0,36,81,IR-COST-P1_attempt0,1,1,35494.0,35494.0
3,1,133,0,B5,CV27,fa,3,5.736,5.736,1.2049577850848436,0.7787663694471121,True,873433600,933232640,1,0,36,0,IR-COST-P1_attempt0,1,1,35494.0,35494.0
3,1,133,0,Conf,CV27,fa,3,5.736,5.736,2.4628215562552214,0.01911067310720682,True,872952832,933232640,5,0,36,0,IR-COST-P1_attempt0,1,1,35494.0,35494.0
3,1,133,0,Global,CV27,fa,3,5.736,5.736,2.7485724482685328,0.04424099810421467,True,872952832,933232640,5,0,36,0,IR-COST-P1_attempt0,1,1,35494.0,35494.0
3,1,133,1,Text+Global,CV27,fa,3,5.736,5.736,2.926017891615629,0.49799838569015265,True,2206979584,2248146944,5,0,36,81,IR-COST-P1_attempt0,1,1,35494.0,35494.0
3,1,133,1,B5,CV27,fa,3,5.736,5.736,1.227209902368486,0.7748414240777493,True,873433600,933232640,1,0,36,0,IR-COST-P1_attempt0,1,1,35494.0,35494.0
3,1,133,1,Conf,CV27,fa,3,5.736,5.736,2.4012162443250418,0.01900214236229658,True,872952832,933232640,5,0,36,0,IR-COST-P1_attempt0,1,1,35494.0,35494.0
3,1,133,1,Global,CV27,fa,3,5.736,5.736,2.77051839325577,0.051344892010092735,True,872952832,933232640,5,0,36,0,IR-COST-P1_attempt0,1,1,35494.0,35494.0
3,1,133,1,Text,CV27,fa,3,5.736,5.736,2.832470384426415,0.5086635472252965,True,2206979584,2248146944,5,0,36,81,IR-COST-P1_attempt0,1,1,35494.0,35494.0
3,1,133,2,B5,CV27,fa,3,5.736,5.736,1.3238642578944564,0.7867410155013204,True,873433600,933232640,1,0,36,0,IR-COST-P1_attempt0,1,1,35494.0,35494.0
3,1,133,2,Conf,CV27,fa,3,5.736,5.736,2.467089856043458,0.020782883279025555,True,872952832,933232640,5,0,36,0,IR-COST-P1_attempt0,1,1,35494.0,35494.0
3,1,133,2,Global,CV27,fa,3,5.736,5.736,2.7526303492486477,0.020987244322896004,True,872952832,933232640,5,0,36,0,IR-COST-P1_attempt0,1,1,35494.0,35494.0
3,1,133,2,Text,CV27,fa,3,5.736,5.736,2.7102291909977794,0.4446718068793416,True,2206979584,2248146944,5,0,36,81,IR-COST-P1_attempt0,1,1,35494.0,35990.0
3,1,133,2,Text+Global,CV27,fa,3,5.736,5.736,3.0536570800468326,0.01956910453736782,True,2206979584,2248146944,5,0,36,81,IR-COST-P1_attempt0,1,1,35990.0,35990.0
3,1,135,0,B5,CV27,fa,3,5.424,5.424,1.1906097857281566,0.7877881843596697,True,873433600,933232640,1,0,35,0,IR-COST-P1_attempt0,1,1,35990.0,35990.0
3,1,135,0,Conf,CV27,fa,3,5.424,5.424,2.3881281754001975,0.018576697446405888,True,872952832,933232640,4,0,35,0,IR-COST-P1_attempt0,1,1,35990.0,35990.0
3,1,135,0,Global,CV27,fa,3,5.424,5.424,2.5275749070569873,0.021112794056534767,True,872952832,933232640,4,0,35,0,IR-COST-P1_attempt0,1,1,35990.0,35990.0
3,1,135,0,Text,CV27,fa,3,5.424,5.424,2.743009874597192,0.4554337626323104,True,2206979584,2248146944,4,0,35,68,IR-COST-P1_attempt0,1,1,35990.0,35990.0
3,1,135,0,Text+Global,CV27,fa,3,5.424,5.424,2.6710143573582172,0.020202129147946835,True,2206979584,2248146944,4,0,35,68,IR-COST-P1_attempt0,1,1,35990.0,35990.0
3,1,135,1,Conf,CV27,fa,3,5.424,5.424,2.467618736438453,0.7789446962997317,True,872952832,933232640,4,0,35,0,IR-COST-P1_attempt0,1,1,35990.0,35990.0
3,1,135,1,Global,CV27,fa,3,5.424,5.424,2.632024448364973,0.020897979848086834,True,872952832,933232640,4,0,35,0,IR-COST-P1_attempt0,1,1,35990.0,35990.0
3,1,135,1,Text,CV27,fa,3,5.424,5.424,2.7230529095977545,0.5064123719930649,True,2206979584,2248146944,4,0,35,68,IR-COST-P1_attempt0,1,1,35990.0,35990.0
3,1,135,1,Text+Global,CV27,fa,3,5.424,5.424,2.690415629185736,0.020239733159542084,True,2206979584,2248146944,4,0,35,68,IR-COST-P1_attempt0,1,1,35990.0,35990.0
3,1,135,1,B5,CV27,fa,3,5.424,5.424,1.3316016914322972,0.7668358413502574,True,873433600,933232640,1,0,35,0,IR-COST-P1_attempt0,1,1,35990.0,35990.0
3,1,135,2,Global,CV27,fa,3,5.424,5.424,2.7412107149139047,0.019023162312805653,True,872952832,933232640,4,0,35,0,IR-COST-P1_attempt0,1,1,35990.0,35990.0
3,1,135,2,Text,CV27,fa,3,5.424,5.424,2.761683825403452,0.43585169594734907,True,2206979584,2248146944,4,0,35,68,IR-COST-P1_attempt0,1,1,35990.0,35990.0
3,1,135,2,Text+Global,CV27,fa,3,5.424,5.424,2.8010878143832088,0.020149732008576393,True,2206979584,2248146944,4,0,35,68,IR-COST-P1_attempt0,1,1,35990.0,35990.0
3,1,135,2,B5,CV27,fa,3,5.424,5.424,1.247406025417149,0.7822151025757194,True,873433600,933232640,1,0,35,0,IR-COST-P1_attempt0,1,1,35990.0,35990.0
3,1,135,2,Conf,CV27,fa,3,5.424,5.424,2.540390085428953,0.02447546925395727,True,872952832,933232640,4,0,35,0,IR-COST-P1_attempt0,1,1,35990.0,35990.0
3,1,137,0,Global,CV27,fa,4,6.456,6.456,2.2070182375609875,0.020960065536201,True,872952832,931135488,5,0,31,0,IR-COST-P1_attempt0,1,1,35990.0,35990.0
3,1,137,0,Text,CV27,fa,4,6.456,6.456,2.234909811988473,0.4695565337315202,True,2206979584,2248146944,5,0,31,78,IR-COST-P1_attempt0,1,1,35990.0,35990.0
3,1,137,0,Text+Global,CV27,fa,4,6.456,6.456,2.3958439407870173,0.01940875593572855,True,2206979584,2248146944,5,0,31,78,IR-COST-P1_attempt0,1,1,35990.0,35990.0
3,1,137,0,B5,CV27,fa,4,6.456,6.456,1.041983854956925,0.7613266836851835,True,873433600,931135488,1,0,31,0,IR-COST-P1_attempt0,1,1,35990.0,35990.0
3,1,137,0,Conf,CV27,fa,4,6.456,6.456,2.0404106909409165,0.021832517348229885,True,872952832,931135488,5,0,31,0,IR-COST-P1_attempt0,1,1,35990.0,35990.0
3,1,137,1,Text,CV27,fa,4,6.456,6.456,2.241983017884195,0.43288123421370983,True,2206979584,2248146944,5,0,31,78,IR-COST-P1_attempt0,1,1,35990.0,35990.0
3,1,137,1,Text+Global,CV27,fa,4,6.456,6.456,2.5278969313949347,0.018089949153363705,True,2206979584,2248146944,5,0,31,78,IR-COST-P1_attempt0,1,1,35990.0,35990.0
3,1,137,1,B5,CV27,fa,4,6.456,6.456,1.106756598688662,0.7811252949759364,True,873433600,931135488,1,0,31,0,IR-COST-P1_attempt0,1,1,35990.0,35990.0
3,1,137,1,Conf,CV27,fa,4,6.456,6.456,2.2448518872261047,0.020728690549731255,True,872952832,931135488,5,0,31,0,IR-COST-P1_attempt0,1,1,35990.0,35990.0
3,1,137,1,Global,CV27,fa,4,6.456,6.456,2.2836523167788982,0.02203016448765993,True,872952832,931135488,5,0,31,0,IR-COST-P1_attempt0,1,1,35990.0,35990.0
3,1,137,2,Text+Global,CV27,fa,4,6.456,6.456,2.517192189581692,0.49943176843225956,True,2206979584,2248146944,5,0,31,78,IR-COST-P1_attempt0,1,1,35990.0,35990.0
3,1,137,2,B5,CV27,fa,4,6.456,6.456,1.0705338111147285,0.7571832984685898,True,873433600,931135488,1,0,31,0,IR-COST-P1_attempt0,1,1,35990.0,35990.0
3,1,137,2,Conf,CV27,fa,4,6.456,6.456,2.043572636321187,0.018628309480845928,True,872952832,931135488,5,0,31,0,IR-COST-P1_attempt0,1,1,35990.0,35990.0
3,1,137,2,Global,CV27,fa,4,6.456,6.456,2.1729145497083664,0.01861659623682499,True,872952832,931135488,5,0,31,0,IR-COST-P1_attempt0,1,1,35990.0,35990.0
3,1,137,2,Text,CV27,fa,4,6.456,6.456,2.241146568208933,0.4365199413150549,True,2206979584,2248146944,5,0,31,78,IR-COST-P1_attempt0,1,1,35990.0,35990.0
3,1,139,0,Text+Global,CV27,fa,4,6.504,6.504,1.7760317958891392,0.01818579901009798,True,2206979584,2246049792,3,0,22,46,IR-COST-P1_attempt0,1,1,35990.0,35990.0
3,1,139,0,B5,CV27,fa,4,6.504,6.504,0.9113846998661757,0.7860685829073191,True,873433600,929038336,1,0,22,0,IR-COST-P1_attempt0,1,1,35990.0,35990.0
3,1,139,0,Conf,CV27,fa,4,6.504,6.504,1.6284528216347098,0.02085093129426241,True,872952832,929038336,3,0,22,0,IR-COST-P1_attempt0,1,1,35990.0,35990.0
3,1,139,0,Global,CV27,fa,4,6.504,6.504,1.7722918838262558,0.018949375487864017,True,872952832,929038336,3,0,22,0,IR-COST-P1_attempt0,1,1,35990.0,35990.0
3,1,139,0,Text,CV27,fa,4,6.504,6.504,1.7307132044807076,0.5033950069919229,True,2206979584,2246049792,3,0,22,46,IR-COST-P1_attempt0,1,1,35990.0,35990.0
3,1,139,1,B5,CV27,fa,4,6.504,6.504,0.8362980829551816,0.7830566624179482,True,873433600,929038336,1,0,22,0,IR-COST-P1_attempt0,1,1,35990.0,35990.0
3,1,139,1,Conf,CV27,fa,4,6.504,6.504,1.6569802770391107,0.01862830203026533,True,872952832,929038336,3,0,22,0,IR-COST-P1_attempt0,1,1,35990.0,35990.0
3,1,139,1,Global,CV27,fa,4,6.504,6.504,1.8082310175523162,0.021419099532067776,True,872952832,929038336,3,0,22,0,IR-COST-P1_attempt0,1,1,35990.0,35990.0
3,1,139,1,Text,CV27,fa,4,6.504,6.504,1.8502129735425115,0.38511169143021107,True,2206979584,2246049792,3,0,22,46,IR-COST-P1_attempt0,1,1,35990.0,35990.0
3,1,139,1,Text+Global,CV27,fa,4,6.504,6.504,1.8066750019788742,0.020259661599993706,True,2206979584,2246049792,3,0,22,46,IR-COST-P1_attempt0,1,1,35990.0,35990.0
3,1,139,2,Conf,CV27,fa,4,6.504,6.504,1.7084935903549194,0.7832831284031272,True,872952832,929038336,3,0,22,0,IR-COST-P1_attempt0,1,1,35990.0,35990.0
3,1,139,2,Global,CV27,fa,4,6.504,6.504,1.7211977001279593,0.020769850350916386,True,872952832,929038336,3,0,22,0,IR-COST-P1_attempt0,1,1,35990.0,35990.0
3,1,139,2,Text,CV27,fa,4,6.504,6.504,1.8538548843935132,0.45181253645569086,True,2206979584,2246049792,3,0,22,46,IR-COST-P1_attempt0,1,1,35990.0,35990.0
3,1,139,2,Text+Global,CV27,fa,4,6.504,6.504,1.8508838843554258,0.02013238240033388,True,2206979584,2246049792,3,0,22,46,IR-COST-P1_attempt0,1,1,35990.0,35990.0
3,1,139,2,B5,CV27,fa,4,6.504,6.504,0.8335536820814013,0.7751900423318148,True,873433600,929038336,1,0,22,0,IR-COST-P1_attempt0,1,1,35990.0,35990.0
3,1,141,0,Conf,CV27,pl,0,3.264,3.264,1.1260551679879427,0.01842645090073347,True,872952832,926941184,3,0,15,0,IR-COST-P1_attempt0,1,1,35990.0,35990.0
3,1,141,0,Global,CV27,pl,0,3.264,3.264,1.3494455935433507,0.018369778990745544,True,872952832,926941184,3,0,15,0,IR-COST-P1_attempt0,1,1,35990.0,35990.0
3,1,141,0,Text,CV27,pl,0,3.264,3.264,1.3041838854551315,0.5076155560091138,True,2206979584,2243952640,3,0,15,26,IR-COST-P1_attempt0,1,1,35990.0,35990.0
3,1,141,0,Text+Global,CV27,pl,0,3.264,3.264,1.3024988109245896,0.046935335732996464,True,2206979584,2243952640,3,0,15,26,IR-COST-P1_attempt0,1,1,35990.0,35990.0
3,1,141,0,B5,CV27,pl,0,3.264,3.264,0.5980456620454788,0.8048479650169611,True,873433600,926941184,1,0,15,0,IR-COST-P1_attempt0,1,1,35990.0,35990.0
3,1,141,1,Global,CV27,pl,0,3.264,3.264,1.351095530204475,0.01846496295183897,True,872952832,926941184,3,0,15,0,IR-COST-P1_attempt0,1,1,35990.0,35990.0
3,1,141,1,Text,CV27,pl,0,3.264,3.264,1.3145454404875636,0.5122811775654554,True,2206979584,2243952640,3,0,15,26,IR-COST-P1_attempt0,1,1,35990.0,35990.0
3,1,141,1,Text+Global,CV27,pl,0,3.264,3.264,1.3735391283407807,0.01796831749379635,True,2206979584,2243952640,3,0,15,26,IR-COST-P1_attempt0,1,1,35990.0,35990.0
3,1,141,1,B5,CV27,pl,0,3.264,3.264,0.5924561955034733,0.7753441277891397,True,873433600,926941184,1,0,15,0,IR-COST-P1_attempt0,1,1,35990.0,35990.0
3,1,141,1,Conf,CV27,pl,0,3.264,3.264,1.2483373982831836,0.02045901119709015,True,872952832,926941184,3,0,15,0,IR-COST-P1_attempt0,1,1,35990.0,35990.0
3,1,141,2,Text,CV27,pl,0,3.264,3.264,1.2908939141780138,0.5153623018413782,True,2206979584,2243952640,3,0,15,26,IR-COST-P1_attempt0,1,1,35990.0,35990.0
3,1,141,2,Text+Global,CV27,pl,0,3.264,3.264,1.4683704571798444,0.029276925139129162,True,2206979584,2243952640,3,0,15,26,IR-COST-P1_attempt0,1,1,35990.0,35990.0
3,1,141,2,B5,CV27,pl,0,3.264,3.264,0.6266294000670314,0.7943177167326212,True,873433600,926941184,1,0,15,0,IR-COST-P1_attempt0,1,1,35990.0,35990.0
3,1,141,2,Conf,CV27,pl,0,3.264,3.264,1.1395167000591755,0.018388613127171993,True,872952832,926941184,3,0,15,0,IR-COST-P1_attempt0,1,1,35990.0,35990.0
3,1,141,2,Global,CV27,pl,0,3.264,3.264,1.2138347448781133,0.0185120003297925,True,872952832,926941184,3,0,15,0,IR-COST-P1_attempt0,1,1,35990.0,35990.0
3,1,143,0,Text,CV27,pl,0,2.664,2.664,0.7723994376137853,0.47585764713585377,True,2206979584,2241855488,4,0,6,24,IR-COST-P1_attempt0,1,1,35990.0,35990.0
3,1,143,0,Text+Global,CV27,pl,0,2.664,2.664,0.9269785154610872,0.02884863317012787,True,2206979584,2241855488,4,0,6,24,IR-COST-P1_attempt0,1,1,35990.0,35990.0
3,1,143,0,B5,CV27,pl,0,2.664,2.664,0.3206507982686162,0.7735798945650458,True,873433600,924844032,1,0,6,0,IR-COST-P1_attempt0,1,1,35990.0,35990.0
3,1,143,0,Conf,CV27,pl,0,2.664,2.664,0.6990033444017172,0.021515320986509323,True,872952832,924844032,4,0,6,0,IR-COST-P1_attempt0,1,1,35990.0,35990.0
3,1,143,0,Global,CV27,pl,0,2.664,2.664,0.8532776813954115,0.020638443529605865,True,872952832,924844032,4,0,6,0,IR-COST-P1_attempt0,1,1,35990.0,35990.0
3,1,143,1,Text+Global,CV27,pl,0,2.664,2.664,0.9424925623461604,0.5070388978347182,True,2206979584,2241855488,4,0,6,24,IR-COST-P1_attempt0,1,1,35990.0,35990.0
3,1,143,1,B5,CV27,pl,0,2.664,2.664,0.3510865466669202,0.7715911008417606,True,873433600,924844032,1,0,6,0,IR-COST-P1_attempt0,1,1,35990.0,35990.0
3,1,143,1,Conf,CV27,pl,0,2.664,2.664,0.7197914971038699,0.020308051258325577,True,872952832,924844032,4,0,6,0,IR-COST-P1_attempt0,1,1,35990.0,35990.0
3,1,143,1,Global,CV27,pl,0,2.664,2.664,0.8575152903795242,0.023641441948711872,True,872952832,924844032,4,0,6,0,IR-COST-P1_attempt0,1,1,35990.0,35990.0
3,1,143,1,Text,CV27,pl,0,2.664,2.664,0.8341304026544094,0.37809266801923513,True,2206979584,2241855488,4,0,6,24,IR-COST-P1_attempt0,1,1,35990.0,35990.0
3,1,143,2,B5,CV27,pl,0,2.664,2.664,0.356467317789793,0.7705480372533202,True,873433600,924844032,1,0,6,0,IR-COST-P1_attempt0,1,1,35990.0,35990.0
3,1,143,2,Conf,CV27,pl,0,2.664,2.664,0.7158091934397817,0.020317246206104755,True,872952832,924844032,4,0,6,0,IR-COST-P1_attempt0,1,1,35990.0,35990.0
3,1,143,2,Global,CV27,pl,0,2.664,2.664,0.8623283831402659,0.020407767966389656,True,872952832,924844032,4,0,6,0,IR-COST-P1_attempt0,1,1,35990.0,35990.0
3,1,143,2,Text,CV27,pl,0,2.664,2.664,0.8552752733230591,0.4590841978788376,True,2206979584,2241855488,4,0,6,24,IR-COST-P1_attempt0,1,1,35990.0,35990.0
3,1,143,2,Text+Global,CV27,pl,0,2.664,2.664,0.9713933169841766,0.01930754818022251,True,2206979584,2241855488,4,0,6,24,IR-COST-P1_attempt0,1,1,35990.0,35990.0
3,1,145,0,B5,CV27,pl,1,3.708,3.708,0.5073158610612154,0.7788038300350308,True,873433600,926941184,1,0,12,0,IR-COST-P1_attempt0,1,1,35990.0,35990.0
3,1,145,0,Conf,CV27,pl,1,3.708,3.708,1.0848374273627996,0.018824181519448757,True,872952832,924844032,2,0,12,0,IR-COST-P1_attempt0,1,1,35990.0,35990.0
3,1,145,0,Global,CV27,pl,1,3.708,3.708,1.149103065021336,0.02045659814029932,True,872952832,924844032,2,0,12,0,IR-COST-P1_attempt0,1,1,35990.0,35990.0
3,1,145,0,Text,CV27,pl,1,3.708,3.708,1.0509170992299914,0.505606671795249,True,2206979584,2241855488,2,0,12,18,IR-COST-P1_attempt0,1,1,35990.0,35990.0
3,1,145,0,Text+Global,CV27,pl,1,3.708,3.708,1.1312554376199841,0.018187892623245716,True,2206979584,2241855488,2,0,12,18,IR-COST-P1_attempt0,1,1,35990.0,35990.0
3,1,145,1,Conf,CV27,pl,1,3.708,3.708,0.9729760549962521,0.774416396394372,True,872952832,924844032,2,0,12,0,IR-COST-P1_attempt0,1,1,35990.0,35990.0
3,1,145,1,Global,CV27,pl,1,3.708,3.708,1.0645673600956798,0.018137114122509956,True,872952832,924844032,2,0,12,0,IR-COST-P1_attempt0,1,1,35990.0,35990.0
3,1,145,1,Text,CV27,pl,1,3.708,3.708,1.1188964154571295,0.4523036917671561,True,2206979584,2241855488,2,0,12,18,IR-COST-P1_attempt0,1,1,35990.0,35990.0
3,1,145,1,Text+Global,CV27,pl,1,3.708,3.708,1.224910239689052,0.020290016196668148,True,2206979584,2241855488,2,0,12,18,IR-COST-P1_attempt0,1,1,35990.0,35990.0
3,1,145,1,B5,CV27,pl,1,3.708,3.708,0.5418776478618383,0.7688950300216675,True,873433600,926941184,1,0,12,0,IR-COST-P1_attempt0,1,1,35990.0,35990.0
3,1,145,2,Global,CV27,pl,1,3.708,3.708,1.0607388680800796,0.018492741510272026,True,872952832,924844032,2,0,12,0,IR-COST-P1_attempt0,1,1,35990.0,35990.0
3,1,145,2,Text,CV27,pl,1,3.708,3.708,1.0628604488447309,0.4591869795694947,True,2206979584,2241855488,2,0,12,18,IR-COST-P1_attempt0,1,1,35990.0,35990.0
3,1,145,2,Text+Global,CV27,pl,1,3.708,3.708,1.1119272708892822,0.030167694203555584,True,2206979584,2241855488,2,0,12,18,IR-COST-P1_attempt0,1,1,35990.0,35990.0
3,1,145,2,B5,CV27,pl,1,3.708,3.708,0.5330739114433527,0.7731820894405246,True,873433600,926941184,1,0,12,0,IR-COST-P1_attempt0,1,1,35990.0,35990.0
3,1,145,2,Conf,CV27,pl,1,3.708,3.708,1.0450489614158869,0.0184931056573987,True,872952832,924844032,2,0,12,0,IR-COST-P1_attempt0,1,1,35990.0,35990.0
3,1,147,0,Global,CV27,pl,1,3.96,3.96,1.2900540698319674,0.02047939971089363,True,872952832,924844032,4,0,13,0,IR-COST-P1_attempt0,1,1,35990.0,35990.0
3,1,147,0,Text,CV27,pl,1,3.96,3.96,1.2819943437352777,0.49977806955575943,True,2206979584,2243952640,4,0,13,44,IR-COST-P1_attempt0,1,1,35990.0,35990.0
3,1,147,0,Text+Global,CV27,pl,1,3.96,3.96,1.4609549986198545,0.019898442551493645,True,2206979584,2243952640,4,0,13,44,IR-COST-P1_attempt0,1,1,35990.0,35990.0
3,1,147,0,B5,CV27,pl,1,3.96,3.96,0.5372648453339934,0.7711897501721978,True,873433600,926941184,1,0,13,0,IR-COST-P1_attempt0,1,1,35990.0,35990.0
3,1,147,0,Conf,CV27,pl,1,3.96,3.96,1.0850970819592476,0.018354592844843864,True,872952832,924844032,4,0,13,0,IR-COST-P1_attempt0,1,1,35990.0,35990.0
3,1,147,1,Text,CV27,pl,1,3.96,3.96,1.2120297141373158,0.45640705432742834,True,2206979584,2243952640,4,0,13,44,IR-COST-P1_attempt0,1,1,35990.0,35990.0
3,1,147,1,Text+Global,CV27,pl,1,3.96,3.96,1.3269861862063408,0.04045166168361902,True,2206979584,2243952640,4,0,13,44,IR-COST-P1_attempt0,1,1,35990.0,35990.0
3,1,147,1,B5,CV27,pl,1,3.96,3.96,0.573369562625885,0.7874302230775356,True,873433600,926941184,1,0,13,0,IR-COST-P1_attempt0,1,1,35990.0,35990.0
3,1,147,1,Conf,CV27,pl,1,3.96,3.96,1.1563850287348032,0.020634458400309086,True,872952832,924844032,4,0,13,0,IR-COST-P1_attempt0,1,1,35990.0,35990.0
3,1,147,1,Global,CV27,pl,1,3.96,3.96,1.293035227805376,0.020522511564195156,True,872952832,924844032,4,0,13,0,IR-COST-P1_attempt0,1,1,35990.0,35990.0
3,1,147,2,Text+Global,CV27,pl,1,3.96,3.96,1.3393720723688602,0.4590408792719245,True,2206979584,2243952640,4,0,13,44,IR-COST-P1_attempt0,1,1,35990.0,35990.0
3,1,147,2,B5,CV27,pl,1,3.96,3.96,0.5534982401877642,0.7942325174808502,True,873433600,926941184,1,0,13,0,IR-COST-P1_attempt0,1,1,35990.0,35990.0
3,1,147,2,Conf,CV27,pl,1,3.96,3.96,1.0480470983311534,0.023613253608345985,True,872952832,924844032,4,0,13,0,IR-COST-P1_attempt0,1,1,35990.0,35990.0
3,1,147,2,Global,CV27,pl,1,3.96,3.96,1.2972195381298661,0.01847456395626068,True,872952832,924844032,4,0,13,0,IR-COST-P1_attempt0,1,1,35990.0,35990.0
3,1,147,2,Text,CV27,pl,1,3.96,3.96,1.3209890872240067,0.535535391420126,True,2206979584,2243952640,4,0,13,44,IR-COST-P1_attempt0,1,1,35990.0,35990.0
3,1,149,0,Text+Global,CV27,pl,2,4.572,4.572,1.588300708681345,0.018199769780039787,True,2206979584,2243952640,2,0,20,25,IR-COST-P1_attempt0,1,1,35990.0,35990.0
3,1,149,0,B5,CV27,pl,2,4.572,4.572,0.8018041457980871,0.7857040213420987,True,873433600,926941184,1,0,20,0,IR-COST-P1_attempt0,1,1,35990.0,35990.0
3,1,149,0,Conf,CV27,pl,2,4.572,4.572,1.4933215361088514,0.020595538429915905,True,872952832,926941184,2,0,20,0,IR-COST-P1_attempt0,1,1,35990.0,35990.0
3,1,149,0,Global,CV27,pl,2,4.572,4.572,1.577740323729813,0.05691015627235174,True,872952832,926941184,2,0,20,0,IR-COST-P1_attempt0,1,1,35990.0,35990.0
3,1,149,0,Text,CV27,pl,2,4.572,4.572,1.448980757035315,0.4618252841755748,True,2206979584,2243952640,2,0,20,25,IR-COST-P1_attempt0,1,1,35990.0,35990.0
3,1,149,1,B5,CV27,pl,2,4.572,4.572,0.7112189857289195,0.8037633383646607,True,873433600,926941184,1,0,20,0,IR-COST-P1_attempt0,1,1,35990.0,35990.0
3,1,149,1,Conf,CV27,pl,2,4.572,4.572,1.354768713004887,0.018503236584365368,True,872952832,926941184,2,0,20,0,IR-COST-P1_attempt0,1,1,35990.0,35990.0
3,1,149,1,Global,CV27,pl,2,4.572,4.572,1.4527388345450163,0.01848009694367647,True,872952832,926941184,2,0,20,0,IR-COST-P1_attempt0,1,1,35990.0,35990.0
3,1,149,1,Text,CV27,pl,2,4.572,4.572,1.6052854405716062,0.5114191435277462,True,2206979584,2243952640,2,0,20,25,IR-COST-P1_attempt0,1,1,35990.0,35990.0
3,1,149,1,Text+Global,CV27,pl,2,4.572,4.572,1.521526763215661,0.019793013110756874,True,2206979584,2243952640,2,0,20,25,IR-COST-P1_attempt0,1,1,35990.0,35990.0
3,1,149,2,Conf,CV27,pl,2,4.572,4.572,1.516857324168086,0.7778634363785386,True,872952832,926941184,2,0,20,0,IR-COST-P1_attempt0,1,1,35990.0,35990.0
3,1,149,2,Global,CV27,pl,2,4.572,4.572,1.4454836566001177,0.020604167133569717,True,872952832,926941184,2,0,20,0,IR-COST-P1_attempt0,1,1,35990.0,35990.0
3,1,149,2,Text,CV27,pl,2,4.572,4.572,1.6034881826490164,0.5107032041996717,True,2206979584,2243952640,2,0,20,25,IR-COST-P1_attempt0,1,1,35990.0,35990.0
3,1,149,2,Text+Global,CV27,pl,2,4.572,4.572,1.5650078672915697,0.037974173203110695,True,2206979584,2243952640,2,0,20,25,IR-COST-P1_attempt0,1,1,35990.0,35990.0
3,1,149,2,B5,CV27,pl,2,4.572,4.572,0.7188577717170119,0.7979175057262182,True,873433600,926941184,1,0,20,0,IR-COST-P1_attempt0,1,1,35990.0,35990.0
3,1,151,0,Conf,CV27,pl,2,4.944,4.944,1.7579016434028745,0.0184168154373765,True,872952832,929038336,3,2,23,0,IR-COST-P1_attempt0,1,1,35990.0,35990.0
3,1,151,0,Global,CV27,pl,2,4.944,4.944,1.9031513035297394,0.020711801946163177,True,872952832,929038336,3,2,23,0,IR-COST-P1_attempt0,1,1,35990.0,35990.0
3,1,151,0,Text,CV27,pl,2,4.944,4.944,1.9569175746291876,0.45772638730704784,True,2206979584,2246049792,3,2,23,60,IR-COST-P1_attempt0,1,1,35990.0,35990.0
3,1,151,0,Text+Global,CV27,pl,2,4.944,4.944,1.9501214353367686,0.01987883634865284,True,2206979584,2246049792,3,2,23,60,IR-COST-P1_attempt0,1,1,35990.0,35990.0
3,1,151,0,B5,CV27,pl,2,4.944,4.944,0.989581473171711,0.7806017221882939,True,873433600,929038336,1,0,22,0,IR-COST-P1_attempt0,1,1,35990.0,35990.0
3,1,151,1,Global,CV27,pl,2,4.944,4.944,1.851228424347937,0.020811731927096844,True,872952832,929038336,3,2,23,0,IR-COST-P1_attempt0,1,1,35990.0,35990.0
3,1,151,1,Text,CV27,pl,2,4.944,4.944,1.7534938072785735,0.4569982858374715,True,2206979584,2246049792,3,2,23,60,IR-COST-P1_attempt0,1,1,35990.0,35990.0
3,1,151,1,Text+Global,CV27,pl,2,4.944,4.944,1.8611389212310314,0.050969697535037994,True,2206979584,2246049792,3,2,23,60,IR-COST-P1_attempt0,1,1,35990.0,35990.0
3,1,151,1,B5,CV27,pl,2,4.944,4.944,0.9217842221260071,0.7772523183375597,True,873433600,929038336,1,0,22,0,IR-COST-P1_attempt0,1,1,35990.0,35990.0
3,1,151,1,Conf,CV27,pl,2,4.944,4.944,1.7243937673047185,0.01843278482556343,True,872952832,929038336,3,2,23,0,IR-COST-P1_attempt0,1,1,35990.0,35990.0
3,1,151,2,Text,CV27,pl,2,4.944,4.944,1.9205723758786917,0.5059532597661018,True,2206979584,2246049792,3,2,23,60,IR-COST-P1_attempt0,1,1,35990.0,35990.0
3,1,151,2,Text+Global,CV27,pl,2,4.944,4.944,2.1024349629879,0.019887111149728298,True,2206979584,2246049792,3,2,23,60,IR-COST-P1_attempt0,1,1,35990.0,35990.0
3,1,151,2,B5,CV27,pl,2,4.944,4.944,0.9023693297058344,0.7727201478555799,True,873433600,929038336,1,0,22,0,IR-COST-P1_attempt0,1,1,35990.0,35990.0
3,1,151,2,Conf,CV27,pl,2,4.944,4.944,1.6465348694473505,0.01848013512790203,True,872952832,929038336,3,2,23,0,IR-COST-P1_attempt0,1,1,35990.0,35990.0
3,1,151,2,Global,CV27,pl,2,4.944,4.944,1.759088994935155,0.018512663431465626,True,872952832,929038336,3,2,23,0,IR-COST-P1_attempt0,1,1,35990.0,35990.0
3,1,153,0,Text,CV27,pl,3,5.664,5.664,1.4211500696837902,0.5117125185206532,True,2206979584,2243952640,4,0,14,42,IR-COST-P1_attempt0,1,1,35990.0,35990.0
3,1,153,0,Text+Global,CV27,pl,3,5.664,5.664,1.4062738427892327,0.017819780856370926,True,2206979584,2243952640,4,0,14,42,IR-COST-P1_attempt0,1,1,35990.0,35990.0
3,1,153,0,B5,CV27,pl,3,5.664,5.664,0.5707098860293627,0.7803906379267573,True,873433600,926941184,1,0,14,0,IR-COST-P1_attempt0,1,1,35990.0,35990.0
3,1,153,0,Conf,CV27,pl,3,5.664,5.664,1.2539354553446174,0.057838330045342445,True,872952832,926941184,4,0,14,0,IR-COST-P1_attempt0,1,1,35990.0,35990.0
3,1,153,0,Global,CV27,pl,3,5.664,5.664,1.3878984758630395,0.020779968239367008,True,872952832,926941184,4,0,14,0,IR-COST-P1_attempt0,1,1,35990.0,35990.0
3,1,153,1,Text+Global,CV27,pl,3,5.664,5.664,1.5460948152467608,0.4539323840290308,True,2206979584,2243952640,4,0,14,42,IR-COST-P1_attempt0,1,1,35990.0,35990.0
3,1,153,1,B5,CV27,pl,3,5.664,5.664,0.5712514836341143,0.7739760866388679,True,873433600,926941184,1,0,14,0,IR-COST-P1_attempt0,1,1,35990.0,35990.0
3,1,153,1,Conf,CV27,pl,3,5.664,5.664,1.1366408206522465,0.046767025254666805,True,872952832,926941184,4,0,14,0,IR-COST-P1_attempt0,1,1,35990.0,35990.0
3,1,153,1,Global,CV27,pl,3,5.664,5.664,1.2667144779115915,0.018374139443039894,True,872952832,926941184,4,0,14,0,IR-COST-P1_attempt0,1,1,35990.0,35990.0
3,1,153,1,Text,CV27,pl,3,5.664,5.664,1.4026206666603684,0.4549088794738054,True,2206979584,2243952640,4,0,14,42,IR-COST-P1_attempt0,1,1,35990.0,35990.0
3,1,153,2,B5,CV27,pl,3,5.664,5.664,0.6272616572678089,0.7809425638988614,True,873433600,926941184,1,0,14,0,IR-COST-P1_attempt0,1,1,35990.0,35990.0
3,1,153,2,Conf,CV27,pl,3,5.664,5.664,1.2346595004200935,0.018580662086606026,True,872952832,926941184,4,0,14,0,IR-COST-P1_attempt0,1,1,35990.0,35990.0
3,1,153,2,Global,CV27,pl,3,5.664,5.664,1.3924889732152224,0.020658086985349655,True,872952832,926941184,4,0,14,0,IR-COST-P1_attempt0,1,1,35990.0,35990.0
3,1,153,2,Text,CV27,pl,3,5.664,5.664,1.41152847930789,0.40361501555889845,True,2206979584,2243952640,4,0,14,42,IR-COST-P1_attempt0,1,1,35990.0,35990.0
3,1,153,2,Text+Global,CV27,pl,3,5.664,5.664,1.4630253240466118,0.049488277174532413,True,2206979584,2243952640,4,0,14,42,IR-COST-P1_attempt0,1,1,35990.0,35990.0
3,1,155,0,B5,CV27,pl,3,6.528,6.528,0.9370073052123189,0.7848843559622765,True,873433600,929038336,1,0,24,0,IR-COST-P1_attempt0,1,1,35990.0,35990.0
3,1,155,0,Conf,CV27,pl,3,6.528,6.528,1.675516614690423,0.023575344122946262,True,872952832,929038336,3,0,24,0,IR-COST-P1_attempt0,1,1,35990.0,35990.0
3,1,155,0,Global,CV27,pl,3,6.528,6.528,1.843033803626895,0.02078568283468485,True,872952832,929038336,3,0,24,0,IR-COST-P1_attempt0,1,1,35990.0,35990.0
3,1,155,0,Text,CV27,pl,3,6.528,6.528,1.7576632369309664,0.5147176366299391,True,2206979584,2246049792,3,0,24,57,IR-COST-P1_attempt0,1,1,35990.0,35990.0
3,1,155,0,Text+Global,CV27,pl,3,6.528,6.528,2.016706008464098,0.01960531435906887,True,2206979584,2246049792,3,0,24,57,IR-COST-P1_attempt0,1,1,35990.0,35990.0
3,1,155,1,Conf,CV27,pl,3,6.528,6.528,1.574147299863398,0.7766084410250187,True,872952832,929038336,3,0,24,0,IR-COST-P1_attempt0,1,1,35990.0,35990.0
3,1,155,1,Global,CV27,pl,3,6.528,6.528,1.6525798765942454,0.018580465577542782,True,872952832,929038336,3,0,24,0,IR-COST-P1_attempt0,1,1,35990.0,35990.0
3,1,155,1,Text,CV27,pl,3,6.528,6.528,1.6848528636619449,0.45812361501157284,True,2206979584,2246049792,3,0,24,57,IR-COST-P1_attempt0,1,1,35990.0,35990.0
3,1,155,1,Text+Global,CV27,pl,3,6.528,6.528,1.755971072241664,0.017909850925207138,True,2206979584,2246049792,3,0,24,57,IR-COST-P1_attempt0,1,1,35990.0,35990.0
3,1,155,1,B5,CV27,pl,3,6.528,6.528,0.8615806084126234,0.7784952940419316,True,873433600,929038336,1,0,24,0,IR-COST-P1_attempt0,1,1,35990.0,35990.0
3,1,155,2,Global,CV27,pl,3,6.528,6.528,1.6609883485361934,0.02438037097454071,True,872952832,929038336,3,0,24,0,IR-COST-P1_attempt0,1,1,35990.0,35990.0
3,1,155,2,Text,CV27,pl,3,6.528,6.528,1.6613925946876407,0.45677338913083076,True,2206979584,2246049792,3,0,24,57,IR-COST-P1_attempt0,1,1,35990.0,35990.0
3,1,155,2,Text+Global,CV27,pl,3,6.528,6.528,1.7962327525019646,0.017806525342166424,True,2206979584,2246049792,3,0,24,57,IR-COST-P1_attempt0,1,1,35990.0,35990.0
3,1,155,2,B5,CV27,pl,3,6.528,6.528,0.8379131564870477,0.7808027816936374,True,873433600,929038336,1,0,24,0,IR-COST-P1_attempt0,1,1,35990.0,35990.0
3,1,155,2,Conf,CV27,pl,3,6.528,6.528,1.559579742141068,0.01862042024731636,True,872952832,929038336,3,0,24,0,IR-COST-P1_attempt0,1,1,35990.0,35990.0
3,1,157,0,Global,CV27,pl,4,6.864,6.864,1.8848018180578947,0.01852456573396921,True,872952832,929038336,5,4,24,0,IR-COST-P1_attempt0,1,1,35990.0,35990.0
3,1,157,0,Text,CV27,pl,4,6.864,6.864,1.8759060250595212,0.5052343644201756,True,2206979584,2246049792,5,3,23,62,IR-COST-P1_attempt0,1,1,35990.0,35990.0
3,1,157,0,Text+Global,CV27,pl,4,6.864,6.864,1.9808310875669122,0.01793595217168331,True,2206979584,2246049792,5,3,23,62,IR-COST-P1_attempt0,1,1,35990.0,35990.0
3,1,157,0,B5,CV27,pl,4,6.864,6.864,0.7740385122597218,0.7732748109847307,True,873433600,929038336,1,0,19,0,IR-COST-P1_attempt0,1,1,35990.0,35990.0
3,1,157,0,Conf,CV27,pl,4,6.864,6.864,1.6247372403740883,0.0183574752882123,True,872952832,929038336,5,1,23,0,IR-COST-P1_attempt0,1,1,35990.0,35990.0
3,1,157,1,Text,CV27,pl,4,6.864,6.864,1.8077624747529626,0.45060503762215376,True,2206979584,2246049792,5,3,23,62,IR-COST-P1_attempt0,1,1,35990.0,35990.0
3,1,157,1,Text+Global,CV27,pl,4,6.864,6.864,2.0678881127387285,0.01799800805747509,True,2206979584,2246049792,5,3,23,62,IR-COST-P1_attempt0,1,1,35990.0,35990.0
3,1,157,1,B5,CV27,pl,4,6.864,6.864,0.8333553010597825,0.7777420021593571,True,873433600,929038336,1,0,19,0,IR-COST-P1_attempt0,1,1,35990.0,35990.0
3,1,157,1,Conf,CV27,pl,4,6.864,6.864,1.5908327847719193,0.018295579589903355,True,872952832,929038336,5,1,23,0,IR-COST-P1_attempt0,1,1,35990.0,35990.0
3,1,157,1,Global,CV27,pl,4,6.864,6.864,1.7604007329791784,0.018531398847699165,True,872952832,929038336,5,4,24,0,IR-COST-P1_attempt0,1,1,35990.0,35990.0
3,1,157,2,Text+Global,CV27,pl,4,6.864,6.864,2.033073008991778,0.4610318522900343,True,2206979584,2246049792,5,3,23,62,IR-COST-P1_attempt0,1,1,35990.0,35990.0
3,1,157,2,B5,CV27,pl,4,6.864,6.864,0.8058906104415655,0.7734715323895216,True,873433600,929038336,1,0,19,0,IR-COST-P1_attempt0,1,1,35990.0,35990.0
3,1,157,2,Conf,CV27,pl,4,6.864,6.864,1.763406865298748,0.018344415351748466,True,872952832,929038336,5,1,23,0,IR-COST-P1_attempt0,1,1,35990.0,35990.0
3,1,157,2,Global,CV27,pl,4,6.864,6.864,1.8500729035586119,0.05561735387891531,True,872952832,929038336,5,4,24,0,IR-COST-P1_attempt0,1,1,35990.0,35990.0
3,1,157,2,Text,CV27,pl,4,6.864,6.864,1.9939522789791226,0.5049030818045139,True,2206979584,2246049792,5,3,23,62,IR-COST-P1_attempt0,1,1,35990.0,35990.0
3,1,159,0,Text+Global,CV27,pl,4,8.616,8.616,3.217326309531927,0.0189454248175025,True,2206979584,2317352960,3,0,43,107,IR-COST-P1_attempt0,1,1,35990.0,35990.0
3,1,159,0,B5,CV27,pl,4,8.616,8.616,1.3872655117884278,0.775942312553525,True,873433600,935329792,1,0,43,0,IR-COST-P1_attempt0,1,1,35990.0,35990.0
3,1,159,0,Conf,CV27,pl,4,8.616,8.616,2.8471846897155046,0.018567881546914577,True,872952832,933232640,3,0,43,0,IR-COST-P1_attempt0,1,1,35990.0,35990.0
3,1,159,0,Global,CV27,pl,4,8.616,8.616,2.8850712906569242,0.020873898640275,True,872952832,933232640,3,0,43,0,IR-COST-P1_attempt0,1,1,35990.0,35990.0
3,1,159,0,Text,CV27,pl,4,8.616,8.616,3.0007569156587124,0.5085351644083858,True,2206979584,2317352960,3,1,42,107,IR-COST-P1_attempt0,1,1,35990.0,35990.0
3,1,159,1,B5,CV27,pl,4,8.616,8.616,1.408870325423777,0.7793332142755389,True,873433600,935329792,1,0,43,0,IR-COST-P1_attempt0,1,1,35990.0,35990.0
3,1,159,1,Conf,CV27,pl,4,8.616,8.616,2.582654715515673,0.034046923741698265,True,872952832,933232640,3,0,43,0,IR-COST-P1_attempt0,1,1,35990.0,35990.0
3,1,159,1,Global,CV27,pl,4,8.616,8.616,2.950524529442191,0.018695722334086895,True,872952832,933232640,3,0,43,0,IR-COST-P1_attempt0,1,1,35990.0,35990.0
3,1,159,1,Text,CV27,pl,4,8.616,8.616,3.0249356096610427,0.4547200268134475,True,2206979584,2317352960,3,1,42,107,IR-COST-P1_attempt0,1,1,35990.0,35990.0
3,1,159,1,Text+Global,CV27,pl,4,8.616,8.616,3.078236204572022,0.022651951760053635,True,2206979584,2317352960,3,0,43,107,IR-COST-P1_attempt0,1,1,35990.0,35990.0
3,1,159,2,Conf,CV27,pl,4,8.616,8.616,2.5866035893559456,0.812767137773335,True,872952832,933232640,3,0,43,0,IR-COST-P1_attempt0,1,1,35990.0,35990.0
3,1,159,2,Global,CV27,pl,4,8.616,8.616,2.717376663349569,0.019108064472675323,True,872952832,933232640,3,0,43,0,IR-COST-P1_attempt0,1,1,35990.0,35990.0
3,1,159,2,Text,CV27,pl,4,8.616,8.616,2.8516857363283634,0.45809798315167427,True,2206979584,2317352960,3,1,42,107,IR-COST-P1_attempt0,1,1,35990.0,35990.0
3,1,159,2,Text+Global,CV27,pl,4,8.616,8.616,2.9374903896823525,0.019913561642169952,True,2206979584,2317352960,3,0,43,107,IR-COST-P1_attempt0,1,1,35990.0,35990.0
3,1,159,2,B5,CV27,pl,4,8.616,8.616,1.3626307640224695,0.7870406992733479,True,873433600,935329792,1,0,43,0,IR-COST-P1_attempt0,1,1,35990.0,35990.0
3,1,161,0,Conf,CV27,tr,0,2.916,2.916,0.6566269975155592,0.021635337732732296,True,872952832,924844032,5,0,4,0,IR-COST-P1_attempt0,1,1,35990.0,35990.0
3,1,161,0,Global,CV27,tr,0,2.916,2.916,0.7894226759672165,0.018413318321108818,True,872952832,924844032,5,0,4,0,IR-COST-P1_attempt0,1,1,35990.0,35990.0
3,1,161,0,Text,CV27,tr,0,2.916,2.916,0.768733617849648,0.4486377155408263,True,2206979584,2241855488,5,3,5,20,IR-COST-P1_attempt0,1,1,35990.0,35990.0
3,1,161,0,Text+Global,CV27,tr,0,2.916,2.916,0.9534314870834351,0.017691331915557384,True,2206979584,2241855488,5,3,5,20,IR-COST-P1_attempt0,1,1,35990.0,35990.0
3,1,161,0,B5,CV27,tr,0,2.916,2.916,0.3421980319544673,0.7729558767750859,True,873433600,924844032,1,0,4,0,IR-COST-P1_attempt0,1,1,35990.0,35990.0
3,1,161,1,Global,CV27,tr,0,2.916,2.916,0.8374042501673102,0.02035742998123169,True,872952832,924844032,5,0,4,0,IR-COST-P1_attempt0,1,1,35990.0,35990.0
3,1,161,1,Text,CV27,tr,0,2.916,2.916,0.8088772604241967,0.4958798177540302,True,2206979584,2241855488,5,3,5,20,IR-COST-P1_attempt0,1,1,35990.0,35990.0
3,1,161,1,Text+Global,CV27,tr,0,2.916,2.916,0.9596376921981573,0.04150911886245012,True,2206979584,2241855488,5,3,5,20,IR-COST-P1_attempt0,1,1,35990.0,35990.0
3,1,161,1,B5,CV27,tr,0,2.916,2.916,0.29558674711734056,0.7616420816630125,True,873433600,924844032,1,0,4,0,IR-COST-P1_attempt0,1,1,35990.0,35990.0
3,1,161,1,Conf,CV27,tr,0,2.916,2.916,0.6559208175167441,0.018146313726902008,True,872952832,924844032,5,0,4,0,IR-COST-P1_attempt0,1,1,35990.0,35990.0
3,1,161,2,Text,CV27,tr,0,2.916,2.916,0.7702932199463248,0.43622058257460594,True,2206979584,2241855488,5,3,5,20,IR-COST-P1_attempt0,1,1,35990.0,35990.0
3,1,161,2,Text+Global,CV27,tr,0,2.916,2.916,0.906633798032999,0.04683920182287693,True,2206979584,2241855488,5,3,5,20,IR-COST-P1_attempt0,1,1,35990.0,35990.0
3,1,161,2,B5,CV27,tr,0,2.916,2.916,0.30573261715471745,0.7889079954475164,True,873433600,924844032,1,0,4,0,IR-COST-P1_attempt0,1,1,35990.0,35990.0
3,1,161,2,Conf,CV27,tr,0,2.916,2.916,0.6652632523328066,0.018198871053755283,True,872952832,924844032,5,0,4,0,IR-COST-P1_attempt0,1,1,35990.0,35990.0
3,1,161,2,Global,CV27,tr,0,2.916,2.916,0.8577870633453131,0.02115079201757908,True,872952832,924844032,5,0,4,0,IR-COST-P1_attempt0,1,1,35990.0,35990.0
3,1,163,0,Text,CV27,tr,0,1.8,1.8,0.7219526302069426,0.499421332962811,True,2206979584,2239758336,4,2,4,14,IR-COST-P1_attempt0,1,1,35990.0,35990.0
3,1,163,0,Text+Global,CV27,tr,0,1.8,1.8,0.8470663819462061,0.020249923691153526,True,2206979584,2239758336,4,2,4,14,IR-COST-P1_attempt0,1,1,35990.0,35990.0
3,1,163,0,B5,CV27,tr,0,1.8,1.8,0.3083190359175205,0.7742107072845101,True,873433600,924844032,1,0,4,0,IR-COST-P1_attempt0,1,1,35990.0,35990.0
3,1,163,0,Conf,CV27,tr,0,1.8,1.8,0.6518918564543128,0.03499945718795061,True,872952832,924844032,4,0,4,0,IR-COST-P1_attempt0,1,1,35990.0,35990.0
3,1,163,0,Global,CV27,tr,0,1.8,1.8,0.7851975206285715,0.02026345580816269,True,872952832,924844032,4,0,4,0,IR-COST-P1_attempt0,1,1,35990.0,35990.0
3,1,163,1,Text+Global,CV27,tr,0,1.8,1.8,0.9021364310756326,0.4394068708643317,True,2206979584,2239758336,4,2,4,14,IR-COST-P1_attempt0,1,1,35990.0,35990.0
3,1,163,1,B5,CV27,tr,0,1.8,1.8,0.31061081402003765,0.770300006493926,True,873433600,924844032,1,0,4,0,IR-COST-P1_attempt0,1,1,35990.0,35990.0
3,1,163,1,Conf,CV27,tr,0,1.8,1.8,0.6229649865999818,0.05114151258021593,True,872952832,924844032,4,0,4,0,IR-COST-P1_attempt0,1,1,35990.0,35990.0
3,1,163,1,Global,CV27,tr,0,1.8,1.8,0.753679933026433,0.01928254682570696,True,872952832,924844032,4,0,4,0,IR-COST-P1_attempt0,1,1,35990.0,35990.0
3,1,163,1,Text,CV27,tr,0,1.8,1.8,0.7038105977699161,0.44888518564403057,True,2206979584,2239758336,4,2,4,14,IR-COST-P1_attempt0,1,1,35990.0,35990.0
3,1,163,2,B5,CV27,tr,0,1.8,1.8,0.3066824581474066,0.7739895395934582,True,873433600,924844032,1,0,4,0,IR-COST-P1_attempt0,1,1,35990.0,35990.0
3,1,163,2,Conf,CV27,tr,0,1.8,1.8,0.6640367843210697,0.020909040234982967,True,872952832,924844032,4,0,4,0,IR-COST-P1_attempt0,1,1,35990.0,35990.0
3,1,163,2,Global,CV27,tr,0,1.8,1.8,0.7907101893797517,0.0204367246478796,True,872952832,924844032,4,0,4,0,IR-COST-P1_attempt0,1,1,35990.0,35990.0
3,1,163,2,Text,CV27,tr,0,1.8,1.8,0.7576020816341043,0.49830869399011135,True,2206979584,2239758336,4,2,4,14,IR-COST-P1_attempt0,1,1,35990.0,35990.0
3,1,163,2,Text+Global,CV27,tr,0,1.8,1.8,0.8757914705201983,0.019486060366034508,True,2206979584,2239758336,4,2,4,14,IR-COST-P1_attempt0,1,1,35990.0,35990.0
3,1,165,0,B5,CV27,tr,1,3.24,3.24,0.5255805738270283,0.7678848886862397,True,873433600,926941184,1,0,11,0,IR-COST-P1_attempt0,1,1,35990.0,35990.0
3,1,165,0,Conf,CV27,tr,1,3.24,3.24,1.101134947501123,0.02070519607514143,True,872952832,924844032,5,0,11,0,IR-COST-P1_attempt0,1,1,35990.0,35990.0
3,1,165,0,Global,CV27,tr,1,3.24,3.24,1.2044294755905867,0.030148428864777088,True,872952832,924844032,5,0,11,0,IR-COST-P1_attempt0,1,1,35990.0,35990.0
3,1,165,0,Text,CV27,tr,1,3.24,3.24,1.1495715519413352,0.4500607205554843,True,2206979584,2241855488,5,0,11,45,IR-COST-P1_attempt0,1,1,35990.0,35990.0
3,1,165,0,Text+Global,CV27,tr,1,3.24,3.24,1.4436539728194475,0.017701582983136177,True,2206979584,2241855488,5,0,11,45,IR-COST-P1_attempt0,1,1,35990.0,35990.0
3,1,165,1,Conf,CV27,tr,1,3.24,3.24,1.0473247086629272,0.77273871563375,True,872952832,924844032,5,0,11,0,IR-COST-P1_attempt0,1,1,35990.0,35990.0
3,1,165,1,Global,CV27,tr,1,3.24,3.24,1.1601758310571313,0.05329596158117056,True,872952832,924844032,5,0,11,0,IR-COST-P1_attempt0,1,1,35990.0,35990.0
3,1,165,1,Text,CV27,tr,1,3.24,3.24,1.1508544152602553,0.4382080575451255,True,2206979584,2241855488,5,0,11,45,IR-COST-P1_attempt0,1,1,35990.0,35990.0
3,1,165,1,Text+Global,CV27,tr,1,3.24,3.24,1.4245956782251596,0.0196416350081563,True,2206979584,2241855488,5,0,11,45,IR-COST-P1_attempt0,1,1,35990.0,35990.0
3,1,165,1,B5,CV27,tr,1,3.24,3.24,0.48427988309413195,0.7715327208861709,True,873433600,926941184,1,0,11,0,IR-COST-P1_attempt0,1,1,35990.0,35990.0
3,1,165,2,Global,CV27,tr,1,3.24,3.24,1.2439350057393312,0.020315141417086124,True,872952832,924844032,5,0,11,0,IR-COST-P1_attempt0,1,1,35990.0,35990.0
3,1,165,2,Text,CV27,tr,1,3.24,3.24,1.2006596205756068,0.5028083072975278,True,2206979584,2241855488,5,0,11,45,IR-COST-P1_attempt0,1,1,35990.0,35990.0
3,1,165,2,Text+Global,CV27,tr,1,3.24,3.24,1.2715909872204065,0.03441591653972864,True,2206979584,2241855488,5,0,11,45,IR-COST-P1_attempt0,1,1,35990.0,35990.0
3,1,165,2,B5,CV27,tr,1,3.24,3.24,0.4594702385365963,0.7740349248051643,True,873433600,926941184,1,0,11,0,IR-COST-P1_attempt0,1,1,35990.0,35990.0
3,1,165,2,Conf,CV27,tr,1,3.24,3.24,0.9968315558508039,0.01840859092772007,True,872952832,924844032,5,0,11,0,IR-COST-P1_attempt0,1,1,35990.0,35990.0
3,1,167,0,Global,CV27,tr,1,3.204,3.204,0.7212643623352051,0.01836949586868286,True,872952832,924844032,4,0,4,0,IR-COST-P1_attempt0,1,1,35990.0,35990.0
3,1,167,0,Text,CV27,tr,1,3.204,3.204,0.6697666505351663,0.4594882410019636,True,2206979584,2239758336,4,2,5,12,IR-COST-P1_attempt0,1,1,35990.0,35990.0
3,1,167,0,Text+Global,CV27,tr,1,3.204,3.204,0.8135591838508844,0.017715872265398502,True,2206979584,2239758336,4,2,5,12,IR-COST-P1_attempt0,1,1,35990.0,35990.0
3,1,167,0,B5,CV27,tr,1,3.204,3.204,0.31565662659704685,0.7758752787485719,True,873433600,924844032,1,0,4,0,IR-COST-P1_attempt0,1,1,35990.0,35990.0
3,1,167,0,Conf,CV27,tr,1,3.204,3.204,0.6337393941357732,0.020404976792633533,True,872952832,924844032,4,0,4,0,IR-COST-P1_attempt0,1,1,35990.0,35990.0
3,1,167,1,Text,CV27,tr,1,3.204,3.204,0.6873790565878153,0.4903035229071975,True,2206979584,2239758336,4,2,5,12,IR-COST-P1_attempt0,1,1,35990.0,35990.0
3,1,167,1,Text+Global,CV27,tr,1,3.204,3.204,0.8014863887801766,0.017814521677792072,True,2206979584,2239758336,4,2,5,12,IR-COST-P1_attempt0,1,1,35990.0,35990.0
3,1,167,1,B5,CV27,tr,1,3.204,3.204,0.28794848546385765,0.7696777358651161,True,873433600,924844032,1,0,4,0,IR-COST-P1_attempt0,1,1,35990.0,35990.0
3,1,167,1,Conf,CV27,tr,1,3.204,3.204,0.6262863958254457,0.018091293051838875,True,872952832,924844032,4,0,4,0,IR-COST-P1_attempt0,1,1,35990.0,35990.0
3,1,167,1,Global,CV27,tr,1,3.204,3.204,0.7680945619940758,0.02031603455543518,True,872952832,924844032,4,0,4,0,IR-COST-P1_attempt0,1,1,35990.0,35990.0
3,1,167,2,Text+Global,CV27,tr,1,3.204,3.204,0.8339350912719965,0.5093870246782899,True,2206979584,2239758336,4,2,5,12,IR-COST-P1_attempt0,1,1,35990.0,35990.0
3,1,167,2,B5,CV27,tr,1,3.204,3.204,0.30263227596879005,0.8249750602990389,True,873433600,924844032,1,0,4,0,IR-COST-P1_attempt0,1,1,35990.0,35990.0
3,1,167,2,Conf,CV27,tr,1,3.204,3.204,0.5965492883697152,0.01938240136951208,True,872952832,924844032,4,0,4,0,IR-COST-P1_attempt0,1,1,35990.0,35990.0
3,1,167,2,Global,CV27,tr,1,3.204,3.204,0.6991214668378234,0.0301832128316164,True,872952832,924844032,4,0,4,0,IR-COST-P1_attempt0,1,1,35990.0,35990.0
3,1,167,2,Text,CV27,tr,1,3.204,3.204,0.6675086384639144,0.8495517866685987,True,2206979584,2239758336,4,2,5,12,IR-COST-P1_attempt0,1,1,35990.0,35990.0
3,1,169,0,Text+Global,CV27,tr,2,3.984,3.984,1.4530978417024016,0.01780062448233366,True,2206979584,2241855488,5,2,12,46,IR-COST-P1_attempt0,1,1,35990.0,35990.0
3,1,169,0,B5,CV27,tr,2,3.984,3.984,0.563461059704423,0.7729173414409161,True,873433600,926941184,1,0,11,0,IR-COST-P1_attempt0,1,1,35990.0,35990.0
3,1,169,0,Conf,CV27,tr,2,3.984,3.984,1.0803418587893248,0.020555882714688778,True,872952832,924844032,5,0,11,0,IR-COST-P1_attempt0,1,1,35990.0,35990.0
3,1,169,0,Global,CV27,tr,2,3.984,3.984,1.2037534601986408,0.018212358467280865,True,872952832,924844032,5,4,13,0,IR-COST-P1_attempt0,1,1,35990.0,35990.0
3,1,169,0,Text,CV27,tr,2,3.984,3.984,1.3400007309392095,0.48724714387208223,True,2206979584,2241855488,5,2,12,46,IR-COST-P1_attempt0,1,1,35990.0,35990.0
3,1,169,1,B5,CV27,tr,2,3.984,3.984,0.5656954711303115,0.7526746662333608,True,873433600,926941184,1,0,11,0,IR-COST-P1_attempt0,1,1,35990.0,35990.0
3,1,169,1,Conf,CV27,tr,2,3.984,3.984,1.154476473107934,0.021175919100642204,True,872952832,924844032,5,0,11,0,IR-COST-P1_attempt0,1,1,35990.0,35990.0
3,1,169,1,Global,CV27,tr,2,3.984,3.984,1.2885923609137535,0.021013119257986546,True,872952832,924844032,5,4,13,0,IR-COST-P1_attempt0,1,1,35990.0,35990.0
3,1,169,1,Text,CV27,tr,2,3.984,3.984,1.235668858513236,0.45141259487718344,True,2206979584,2241855488,5,2,12,46,IR-COST-P1_attempt0,1,1,35990.0,35990.0
3,1,169,1,Text+Global,CV27,tr,2,3.984,3.984,1.3938505863770843,0.01845573168247938,True,2206979584,2241855488,5,2,12,46,IR-COST-P1_attempt0,1,1,35990.0,35990.0
3,1,169,2,Conf,CV27,tr,2,3.984,3.984,1.0821586987003684,0.7785546472296119,True,872952832,924844032,5,0,11,0,IR-COST-P1_attempt0,1,1,35990.0,35990.0
3,1,169,2,Global,CV27,tr,2,3.984,3.984,1.3183026546612382,0.07661259640008211,True,872952832,924844032,5,4,13,0,IR-COST-P1_attempt0,1,1,35990.0,35990.0
3,1,169,2,Text,CV27,tr,2,3.984,3.984,1.3217517752200365,0.4937310740351677,True,2206979584,2241855488,5,2,12,46,IR-COST-P1_attempt0,1,1,35990.0,35990.0
3,1,169,2,Text+Global,CV27,tr,2,3.984,3.984,1.5023070080205798,0.05690005514770746,True,2206979584,2241855488,5,2,12,46,IR-COST-P1_attempt0,1,1,35990.0,35990.0
3,1,169,2,B5,CV27,tr,2,3.984,3.984,0.49459535628557205,0.7575444662943482,True,873433600,926941184,1,0,11,0,IR-COST-P1_attempt0,1,1,35990.0,35990.0
3,1,171,0,Conf,CV27,tr,2,3.996,3.996,1.1497309152036905,0.018346569500863552,True,872952832,926941184,4,0,15,0,IR-COST-P1_attempt0,1,1,35990.0,35990.0
3,1,171,0,Global,CV27,tr,2,3.996,3.996,1.308826700784266,0.04772009700536728,True,872952832,926941184,4,0,15,0,IR-COST-P1_attempt0,1,1,35990.0,35990.0
3,1,171,0,Text,CV27,tr,2,3.996,3.996,1.4496149132028222,0.4072613976895809,True,2206979584,2243952640,4,0,15,49,IR-COST-P1_attempt0,1,1,35990.0,35990.0
3,1,171,0,Text+Global,CV27,tr,2,3.996,3.996,1.5190734323114157,0.02430784422904253,True,2206979584,2243952640,4,0,15,49,IR-COST-P1_attempt0,1,1,35990.0,35990.0
3,1,171,0,B5,CV27,tr,2,3.996,3.996,0.6463647708296776,0.7594861295074224,True,873433600,926941184,1,0,15,0,IR-COST-P1_attempt0,1,1,35990.0,35990.0
3,1,171,1,Global,CV27,tr,2,3.996,3.996,1.4049494927749038,0.04329618625342846,True,872952832,926941184,4,0,15,0,IR-COST-P1_attempt0,1,1,35990.0,35990.0
3,1,171,1,Text,CV27,tr,2,3.996,3.996,1.4416336072608829,0.441133227199316,True,2206979584,2243952640,4,0,15,49,IR-COST-P1_attempt0,1,1,35990.0,35990.0
3,1,171,1,Text+Global,CV27,tr,2,3.996,3.996,1.5865635685622692,0.019887058064341545,True,2206979584,2243952640,4,0,15,49,IR-COST-P1_attempt0,1,1,35990.0,35990.0
3,1,171,1,B5,CV27,tr,2,3.996,3.996,0.5992078678682446,0.7666495880112052,True,873433600,926941184,1,0,15,0,IR-COST-P1_attempt0,1,1,35990.0,35990.0
3,1,171,1,Conf,CV27,tr,2,3.996,3.996,1.1348988441750407,0.01851007528603077,True,872952832,926941184,4,0,15,0,IR-COST-P1_attempt0,1,1,35990.0,35990.0
3,1,171,2,Text,CV27,tr,2,3.996,3.996,1.315101862885058,0.44601108133792877,True,2206979584,2243952640,4,0,15,49,IR-COST-P1_attempt0,1,1,35990.0,35990.0
3,1,171,2,Text+Global,CV27,tr,2,3.996,3.996,1.5523689975962043,0.018725963309407234,True,2206979584,2243952640,4,0,15,49,IR-COST-P1_attempt0,1,1,35990.0,35990.0
3,1,171,2,B5,CV27,tr,2,3.996,3.996,0.625621029175818,0.762077602557838,True,873433600,926941184,1,0,15,0,IR-COST-P1_attempt0,1,1,35990.0,35990.0
3,1,171,2,Conf,CV27,tr,2,3.996,3.996,1.2265947628766298,0.04616924747824669,True,872952832,926941184,4,0,15,0,IR-COST-P1_attempt0,1,1,35990.0,35990.0
3,1,171,2,Global,CV27,tr,2,3.996,3.996,1.4045304348692298,0.020637977868318558,True,872952832,926941184,4,0,15,0,IR-COST-P1_attempt0,1,1,35990.0,35990.0
3,1,173,0,Text,CV27,tr,3,4.788,4.788,1.331469228491187,0.5042037349194288,True,2206979584,2243952640,5,1,15,53,IR-COST-P1_attempt0,1,1,35990.0,35990.0
3,1,173,0,Text+Global,CV27,tr,3,4.788,4.788,1.4881050642579794,0.017981494776904583,True,2206979584,2243952640,5,1,15,53,IR-COST-P1_attempt0,1,1,35990.0,35990.0
3,1,173,0,B5,CV27,tr,3,4.788,4.788,0.5764120481908321,0.7657037945464253,True,873433600,926941184,1,0,15,0,IR-COST-P1_attempt0,1,1,35990.0,35990.0
3,1,173,0,Conf,CV27,tr,3,4.788,4.788,1.1810563448816538,0.018365350551903248,True,872952832,926941184,5,0,15,0,IR-COST-P1_attempt0,1,1,35990.0,35990.0
3,1,173,0,Global,CV27,tr,3,4.788,4.788,1.4298086250200868,0.020624078810214996,True,872952832,926941184,5,0,15,0,IR-COST-P1_attempt0,1,1,35990.0,35990.0
3,1,173,1,Text+Global,CV27,tr,3,4.788,4.788,1.6026041246950626,0.496259612031281,True,2206979584,2243952640,5,1,15,53,IR-COST-P1_attempt0,1,1,35990.0,35990.0
3,1,173,1,B5,CV27,tr,3,4.788,4.788,0.55665622651577,0.7772541223093867,True,873433600,926941184,1,0,15,0,IR-COST-P1_attempt0,1,1,35990.0,35990.0
3,1,173,1,Conf,CV27,tr,3,4.788,4.788,1.1781248589977622,0.0487870741635561,True,872952832,926941184,5,0,15,0,IR-COST-P1_attempt0,1,1,35990.0,35990.0
3,1,173,1,Global,CV27,tr,3,4.788,4.788,1.3382982295006514,0.01849333755671978,True,872952832,926941184,5,0,15,0,IR-COST-P1_attempt0,1,1,35990.0,35990.0
3,1,173,1,Text,CV27,tr,3,4.788,4.788,1.307631442323327,0.455072914250195,True,2206979584,2243952640,5,1,15,53,IR-COST-P1_attempt0,1,1,35990.0,35990.0
3,1,173,2,B5,CV27,tr,3,4.788,4.788,0.5678401878103614,0.7708018505945802,True,873433600,926941184,1,0,15,0,IR-COST-P1_attempt0,1,1,35990.0,35990.0
3,1,173,2,Conf,CV27,tr,3,4.788,4.788,1.2164501445367932,0.018367160111665726,True,872952832,926941184,5,0,15,0,IR-COST-P1_attempt0,1,1,35990.0,35990.0
3,1,173,2,Global,CV27,tr,3,4.788,4.788,1.4326237617060542,0.04898630641400814,True,872952832,926941184,5,0,15,0,IR-COST-P1_attempt0,1,1,35990.0,35990.0
3,1,173,2,Text,CV27,tr,3,4.788,4.788,1.3239800287410617,0.5004213796928525,True,2206979584,2243952640,5,1,15,53,IR-COST-P1_attempt0,1,1,35990.0,35990.0
3,1,173,2,Text+Global,CV27,tr,3,4.788,4.788,1.496204829774797,0.04434539843350649,True,2206979584,2243952640,5,1,15,53,IR-COST-P1_attempt0,1,1,35990.0,35990.0
3,1,175,0,B5,CV27,tr,3,5.436,5.436,0.8186450470238924,0.7657586261630058,True,873433600,929038336,1,0,23,0,IR-COST-P1_attempt0,1,1,35990.0,35990.0
3,1,175,0,Conf,CV27,tr,3,5.436,5.436,1.6440289979800582,0.018582112155854702,True,872952832,929038336,3,0,23,0,IR-COST-P1_attempt0,1,1,35990.0,35990.0
3,1,175,0,Global,CV27,tr,3,5.436,5.436,1.818285083398223,0.02040486503392458,True,872952832,929038336,3,0,23,0,IR-COST-P1_attempt0,1,1,35990.0,35990.0
3,1,175,0,Text,CV27,tr,3,5.436,5.436,1.7171296561136842,0.4617195902392268,True,2206979584,2246049792,3,0,23,47,IR-COST-P1_attempt0,1,1,35990.0,35990.0
3,1,175,0,Text+Global,CV27,tr,3,5.436,5.436,1.973210372030735,0.02003743126988411,True,2206979584,2246049792,3,0,23,47,IR-COST-P1_attempt0,1,1,35990.0,35990.0
3,1,175,1,Conf,CV27,tr,3,5.436,5.436,1.6642435900866985,0.7673715408891439,True,872952832,929038336,3,0,23,0,IR-COST-P1_attempt0,1,1,35990.0,35990.0
3,1,175,1,Global,CV27,tr,3,5.436,5.436,1.8013217402622104,0.020981973968446255,True,872952832,929038336,3,0,23,0,IR-COST-P1_attempt0,1,1,35990.0,35990.0
3,1,175,1,Text,CV27,tr,3,5.436,5.436,1.8005945980548859,0.4988045785576105,True,2206979584,2246049792,3,0,23,47,IR-COST-P1_attempt0,1,1,35990.0,35990.0
3,1,175,1,Text+Global,CV27,tr,3,5.436,5.436,1.944636033847928,0.01795932464301586,True,2206979584,2246049792,3,0,23,47,IR-COST-P1_attempt0,1,1,35990.0,35990.0
3,1,175,1,B5,CV27,tr,3,5.436,5.436,0.8865489484742284,0.7597367474809289,True,873433600,929038336,1,0,23,0,IR-COST-P1_attempt0,1,1,35990.0,35990.0
3,1,175,2,Global,CV27,tr,3,5.436,5.436,1.8092178953811526,0.02070594858378172,True,872952832,929038336,3,0,23,0,IR-COST-P1_attempt0,1,1,35990.0,35990.0
3,1,175,2,Text,CV27,tr,3,5.436,5.436,1.6634883657097816,0.42107781395316124,True,2206979584,2246049792,3,0,23,47,IR-COST-P1_attempt0,1,1,35990.0,35990.0
3,1,175,2,Text+Global,CV27,tr,3,5.436,5.436,1.7528858352452517,0.021372513845562935,True,2206979584,2246049792,3,0,23,47,IR-COST-P1_attempt0,1,1,35990.0,35990.0
3,1,175,2,B5,CV27,tr,3,5.436,5.436,0.89646808616817,0.7601252095773816,True,873433600,929038336,1,0,23,0,IR-COST-P1_attempt0,1,1,35990.0,35990.0
3,1,175,2,Conf,CV27,tr,3,5.436,5.436,1.7069615665823221,0.02071806974709034,True,872952832,929038336,3,0,23,0,IR-COST-P1_attempt0,1,1,35990.0,35990.0
3,1,177,0,Global,CV27,tr,4,9.468,9.468,3.226412142626941,0.04892337881028652,True,872952832,933232640,5,1,46,0,IR-COST-P1_attempt0,1,1,35990.0,35990.0
3,1,177,0,Text,CV27,tr,4,9.468,9.468,3.101508853957057,0.4499694062396884,True,2206979584,2311061504,5,0,47,142,IR-COST-P1_attempt0,1,1,35990.0,35990.0
3,1,177,0,Text+Global,CV27,tr,4,9.468,9.468,3.3863406321033835,0.019788822159171104,True,2206979584,2311061504,5,0,47,142,IR-COST-P1_attempt0,1,1,35990.0,35990.0
3,1,177,0,B5,CV27,tr,4,9.468,9.468,1.599766376428306,0.7685282547026873,True,873433600,935329792,1,0,47,0,IR-COST-P1_attempt0,1,1,35990.0,35990.0
3,1,177,0,Conf,CV27,tr,4,9.468,9.468,3.0557568911463022,0.020946181379258633,True,872952832,933232640,5,1,46,0,IR-COST-P1_attempt0,1,1,35990.0,35990.0
3,1,177,1,Text,CV27,tr,4,9.468,9.468,3.4470130251720548,0.4614275675266981,True,2206979584,2311061504,5,0,47,142,IR-COST-P1_attempt0,1,1,35990.0,35990.0
3,1,177,1,Text+Global,CV27,tr,4,9.468,9.468,3.4870570451021194,0.02242320217192173,True,2206979584,2311061504,5,0,47,142,IR-COST-P1_attempt0,1,1,35990.0,35990.0
3,1,177,1,B5,CV27,tr,4,9.468,9.468,1.4566378900781274,0.7928311275318265,True,873433600,935329792,1,0,47,0,IR-COST-P1_attempt0,1,1,35990.0,35990.0
3,1,177,1,Conf,CV27,tr,4,9.468,9.468,2.7932561179623008,0.018841609358787537,True,872952832,933232640,5,1,46,0,IR-COST-P1_attempt0,1,1,35990.0,35990.0
3,1,177,1,Global,CV27,tr,4,9.468,9.468,2.9797187289223075,0.018672731705009937,True,872952832,933232640,5,1,46,0,IR-COST-P1_attempt0,1,1,35990.0,35990.0
3,1,177,2,Text+Global,CV27,tr,4,9.468,9.468,3.4248579116538167,0.4320686897262931,True,2206979584,2311061504,5,0,47,142,IR-COST-P1_attempt0,1,1,35990.0,35990.0
3,1,177,2,B5,CV27,tr,4,9.468,9.468,1.5241205478087068,0.7748482404276729,True,873433600,935329792,1,0,47,0,IR-COST-P1_attempt0,1,1,35990.0,35990.0
3,1,177,2,Conf,CV27,tr,4,9.468,9.468,2.7861299524083734,0.018801807425916195,True,872952832,933232640,5,1,46,0,IR-COST-P1_attempt0,1,1,35990.0,35990.0
3,1,177,2,Global,CV27,tr,4,9.468,9.468,3.144854987040162,0.018945547752082348,True,872952832,933232640,5,1,46,0,IR-COST-P1_attempt0,1,1,35990.0,35990.0
3,1,177,2,Text,CV27,tr,4,9.468,9.468,3.108980195596814,0.4904392370954156,True,2206979584,2311061504,5,0,47,142,IR-COST-P1_attempt0,1,1,35990.0,35990.0
3,1,179,0,Text+Global,CV27,tr,4,8.388,8.388,2.481104693375528,0.019773898646235466,True,2206979584,2298478592,2,0,37,50,IR-COST-P1_attempt0,1,1,35990.0,35990.0
3,1,179,0,B5,CV27,tr,4,8.388,8.388,1.3268044292926788,0.7592684561386704,True,873433600,933232640,1,0,37,0,IR-COST-P1_attempt0,1,1,35990.0,35990.0
3,1,179,0,Conf,CV27,tr,4,8.388,8.388,2.475113890133798,0.033381479792296886,True,872952832,933232640,2,0,37,0,IR-COST-P1_attempt0,1,1,35990.0,35990.0
3,1,179,0,Global,CV27,tr,4,8.388,8.388,2.4335693353787065,0.020851561799645424,True,872952832,933232640,2,0,37,0,IR-COST-P1_attempt0,1,1,35990.0,35990.0
3,1,179,0,Text,CV27,tr,4,8.388,8.388,2.3959247721359134,0.42788935732096434,True,2206979584,2298478592,2,0,37,50,IR-COST-P1_attempt0,1,1,35990.0,35990.0
3,1,179,1,B5,CV27,tr,4,8.388,8.388,1.198482914827764,0.7570568658411503,True,873433600,933232640,1,0,37,0,IR-COST-P1_attempt0,1,1,35990.0,35990.0
3,1,179,1,Conf,CV27,tr,4,8.388,8.388,2.4998719040304422,0.0193663714453578,True,872952832,933232640,2,0,37,0,IR-COST-P1_attempt0,1,1,35990.0,35990.0
3,1,179,1,Global,CV27,tr,4,8.388,8.388,2.376161253079772,0.046713197603821754,True,872952832,933232640,2,0,37,0,IR-COST-P1_attempt0,1,1,35990.0,35990.0
3,1,179,1,Text,CV27,tr,4,8.388,8.388,2.3798704287037253,0.44541207887232304,True,2206979584,2298478592,2,0,37,50,IR-COST-P1_attempt0,1,1,35990.0,35990.0
3,1,179,1,Text+Global,CV27,tr,4,8.388,8.388,2.593503144569695,0.019543838687241077,True,2206979584,2298478592,2,0,37,50,IR-COST-P1_attempt0,1,1,35990.0,35990.0
3,1,179,2,Conf,CV27,tr,4,8.388,8.388,2.277347638271749,0.7607031501829624,True,872952832,933232640,2,0,37,0,IR-COST-P1_attempt0,1,1,35990.0,35990.0
3,1,179,2,Global,CV27,tr,4,8.388,8.388,2.336059445515275,0.01868915744125843,True,872952832,933232640,2,0,37,0,IR-COST-P1_attempt0,1,1,35990.0,35990.0
3,1,179,2,Text,CV27,tr,4,8.388,8.388,2.616823767311871,0.4212664356455207,True,2206979584,2298478592,2,0,37,50,IR-COST-P1_attempt0,1,1,35990.0,35990.0
3,1,179,2,Text+Global,CV27,tr,4,8.388,8.388,2.7536965468898416,0.019502769224345684,True,2206979584,2298478592,2,0,37,50,IR-COST-P1_attempt0,1,1,35990.0,35990.0
3,1,179,2,B5,CV27,tr,4,8.388,8.388,1.2086679637432098,0.7828282415866852,True,873433600,933232640,1,0,37,0,IR-COST-P1_attempt0,1,1,35990.0,35990.0
3,1,181,0,Conf,CV27,it,0,4.344,4.344,0.9531841315329075,0.018486788496375084,True,872952832,924844032,2,0,11,0,IR-COST-P1_attempt0,1,1,35990.0,35990.0
3,1,181,0,Global,CV27,it,0,4.344,4.344,1.0684727281332016,0.020757553167641163,True,872952832,924844032,2,0,11,0,IR-COST-P1_attempt0,1,1,35990.0,35990.0
3,1,181,0,Text,CV27,it,0,4.344,4.344,0.9879614757373929,0.48648171592503786,True,2206979584,2241855488,2,1,11,17,IR-COST-P1_attempt0,1,1,35990.0,35990.0
3,1,181,0,Text+Global,CV27,it,0,4.344,4.344,1.1054990394040942,0.017576110549271107,True,2206979584,2241855488,2,1,11,17,IR-COST-P1_attempt0,1,1,35990.0,35990.0
3,1,181,0,B5,CV27,it,0,4.344,4.344,0.5395628251135349,0.7574923420324922,True,873433600,926941184,1,0,11,0,IR-COST-P1_attempt0,1,1,35990.0,35990.0
3,1,181,1,Global,CV27,it,0,4.344,4.344,0.9951765416190028,0.020778422243893147,True,872952832,924844032,2,0,11,0,IR-COST-P1_attempt0,1,1,35990.0,35990.0
3,1,181,1,Text,CV27,it,0,4.344,4.344,0.9384922021999955,0.43027766421437263,True,2206979584,2241855488,2,1,11,17,IR-COST-P1_attempt0,1,1,35990.0,35990.0
3,1,181,1,Text+Global,CV27,it,0,4.344,4.344,1.0406614365056157,0.017661480233073235,True,2206979584,2241855488,2,1,11,17,IR-COST-P1_attempt0,1,1,35990.0,35990.0
3,1,181,1,B5,CV27,it,0,4.344,4.344,0.4782404126599431,0.7540242960676551,True,873433600,926941184,1,0,11,0,IR-COST-P1_attempt0,1,1,35990.0,35990.0
3,1,181,1,Conf,CV27,it,0,4.344,4.344,0.9117448143661022,0.0184036698192358,True,872952832,924844032,2,0,11,0,IR-COST-P1_attempt0,1,1,35990.0,35990.0
3,1,181,2,Text,CV27,it,0,4.344,4.344,0.9692786317318678,0.4244469376280904,True,2206979584,2241855488,2,1,11,17,IR-COST-P1_attempt0,1,1,35990.0,35990.0
3,1,181,2,Text+Global,CV27,it,0,4.344,4.344,1.0256707025691867,0.01768361683934927,True,2206979584,2241855488,2,1,11,17,IR-COST-P1_attempt0,1,1,35990.0,35990.0
3,1,181,2,B5,CV27,it,0,4.344,4.344,0.49605688638985157,0.7644039634615183,True,873433600,926941184,1,0,11,0,IR-COST-P1_attempt0,1,1,35990.0,35990.0
3,1,181,2,Conf,CV27,it,0,4.344,4.344,0.9260635571554303,0.0184617405757308,True,872952832,924844032,2,0,11,0,IR-COST-P1_attempt0,1,1,35990.0,35990.0
3,1,181,2,Global,CV27,it,0,4.344,4.344,0.977692455984652,0.014481771737337112,True,872952832,924844032,2,0,11,0,IR-COST-P1_attempt0,1,1,35990.0,35990.0
3,1,183,0,Text,CV27,it,0,1.512,1.512,0.8521662950515747,0.4458394208922982,True,2206979584,2241855488,5,2,5,26,IR-COST-P1_attempt0,1,1,35990.0,35990.0
3,1,183,0,Text+Global,CV27,it,0,1.512,1.512,0.9822560828179121,0.017809832468628883,True,2206979584,2241855488,5,2,5,26,IR-COST-P1_attempt0,1,1,35990.0,35990.0
3,1,183,0,B5,CV27,it,0,1.512,1.512,0.32823005970567465,0.7547780461609364,True,873433600,924844032,1,0,6,0,IR-COST-P1_attempt0,1,1,35990.0,35990.0
3,1,183,0,Conf,CV27,it,0,1.512,1.512,0.7340917699038982,0.01825210265815258,True,872952832,924844032,5,2,5,0,IR-COST-P1_attempt0,1,1,35990.0,35990.0
3,1,183,0,Global,CV27,it,0,1.512,1.512,0.8578127473592758,0.018179413862526417,True,872952832,924844032,5,2,5,0,IR-COST-P1_attempt0,1,1,35990.0,35990.0
3,1,183,1,Text+Global,CV27,it,0,1.512,1.512,1.0163797410205007,0.45578542724251747,True,2206979584,2241855488,5,2,5,26,IR-COST-P1_attempt0,1,1,35990.0,35990.0
3,1,183,1,B5,CV27,it,0,1.512,1.512,0.3460959177464247,0.7606148989871144,True,873433600,924844032,1,0,6,0,IR-COST-P1_attempt0,1,1,35990.0,35990.0
3,1,183,1,Conf,CV27,it,0,1.512,1.512,0.7172118574380875,0.01873518619686365,True,872952832,924844032,5,2,5,0,IR-COST-P1_attempt0,1,1,35990.0,35990.0
3,1,183,1,Global,CV27,it,0,1.512,1.512,0.8946736715734005,0.05122604686766863,True,872952832,924844032,5,2,5,0,IR-COST-P1_attempt0,1,1,35990.0,35990.0
3,1,183,1,Text,CV27,it,0,1.512,1.512,0.9075244143605232,0.49380430299788713,True,2206979584,2241855488,5,2,5,26,IR-COST-P1_attempt0,1,1,35990.0,35990.0
3,1,183,2,B5,CV27,it,0,1.512,1.512,0.3773553790524602,0.8163522267714143,True,873433600,924844032,1,0,6,0,IR-COST-P1_attempt0,1,1,35990.0,35990.0
3,1,183,2,Conf,CV27,it,0,1.512,1.512,0.7652419283986092,0.02017137221992016,True,872952832,924844032,5,2,5,0,IR-COST-P1_attempt0,1,1,35990.0,35990.0
3,1,183,2,Global,CV27,it,0,1.512,1.512,0.9222361100837588,0.020542079582810402,True,872952832,924844032,5,2,5,0,IR-COST-P1_attempt0,1,1,35990.0,35990.0
3,1,183,2,Text,CV27,it,0,1.512,1.512,0.8398648491129279,0.49018504191190004,True,2206979584,2241855488,5,2,5,26,IR-COST-P1_attempt0,1,1,35990.0,35990.0
3,1,183,2,Text+Global,CV27,it,0,1.512,1.512,0.9891676139086485,0.0177169106900692,True,2206979584,2241855488,5,2,5,26,IR-COST-P1_attempt0,1,1,35990.0,35990.0
3,1,185,0,B5,CV27,it,1,4.944,4.944,0.6180455991998315,0.7445611311122775,True,873433600,926941184,1,0,16,0,IR-COST-P1_attempt0,1,1,35990.0,35990.0
3,1,185,0,Conf,CV27,it,1,4.944,4.944,1.1486877631396055,0.04900700878351927,True,872952832,926941184,2,0,16,0,IR-COST-P1_attempt0,1,1,35990.0,35990.0
3,1,185,0,Global,CV27,it,1,4.944,4.944,1.2271489556878805,0.01843723002821207,True,872952832,926941184,2,0,16,0,IR-COST-P1_attempt0,1,1,35990.0,35990.0
3,1,185,0,Text,CV27,it,1,4.944,4.944,1.2395140882581472,0.4464750997722149,True,2206979584,2243952640,2,0,16,24,IR-COST-P1_attempt0,1,1,35990.0,35990.0
3,1,185,0,Text+Global,CV27,it,1,4.944,4.944,1.312915307469666,0.02919861674308777,True,2206979584,2243952640,2,0,16,24,IR-COST-P1_attempt0,1,1,35990.0,35990.0
3,1,185,1,Conf,CV27,it,1,4.944,4.944,1.1637473963201046,0.7587047293782234,True,872952832,926941184,2,0,16,0,IR-COST-P1_attempt0,1,1,35990.0,35990.0
3,1,185,1,Global,CV27,it,1,4.944,4.944,1.2331478651612997,0.04016484133899212,True,872952832,926941184,2,0,16,0,IR-COST-P1_attempt0,1,1,35990.0,35990.0
3,1,185,1,Text,CV27,it,1,4.944,4.944,1.3222009716555476,0.4443344632163644,True,2206979584,2243952640,2,0,16,24,IR-COST-P1_attempt0,1,1,35990.0,35990.0
3,1,185,1,Text+Global,CV27,it,1,4.944,4.944,1.286228770390153,0.01792351994663477,True,2206979584,2243952640,2,0,16,24,IR-COST-P1_attempt0,1,1,35990.0,35990.0
3,1,185,1,B5,CV27,it,1,4.944,4.944,0.6219711303710938,0.7908041132614017,True,873433600,926941184,1,0,16,0,IR-COST-P1_attempt0,1,1,35990.0,35990.0
3,1,185,2,Global,CV27,it,1,4.944,4.944,1.2395008532330394,0.0184978935867548,True,872952832,926941184,2,0,16,0,IR-COST-P1_attempt0,1,1,35990.0,35990.0
3,1,185,2,Text,CV27,it,1,4.944,4.944,1.264434571377933,0.4422910623252392,True,2206979584,2243952640,2,0,16,24,IR-COST-P1_attempt0,1,1,35990.0,35990.0
3,1,185,2,Text+Global,CV27,it,1,4.944,4.944,1.3461171416565776,0.017986166290938854,True,2206979584,2243952640,2,0,16,24,IR-COST-P1_attempt0,1,1,35990.0,35990.0
3,1,185,2,B5,CV27,it,1,4.944,4.944,0.6110670985653996,0.7469282569363713,True,873433600,926941184,1,0,16,0,IR-COST-P1_attempt0,1,1,35990.0,35990.0
3,1,185,2,Conf,CV27,it,1,4.944,4.944,1.152774509973824,0.018384055234491825,True,872952832,926941184,2,0,16,0,IR-COST-P1_attempt0,1,1,35990.0,35990.0
3,1,187,0,Global,CV27,it,1,4.824,4.824,1.7092375811189413,0.018366090953350067,True,872952832,926941184,6,0,18,0,IR-COST-P1_attempt0,1,1,35990.0,35990.0
3,1,187,0,Text,CV27,it,1,4.824,4.824,1.8298746962100267,0.4341760640963912,True,2206979584,2243952640,6,0,18,103,IR-COST-P1_attempt0,1,1,35990.0,35990.0
3,1,187,0,Text+Global,CV27,it,1,4.824,4.824,1.963635222055018,0.017599593847990036,True,2206979584,2243952640,6,0,18,103,IR-COST-P1_attempt0,1,1,35990.0,35990.0
3,1,187,0,B5,CV27,it,1,4.824,4.824,0.7433805605396628,0.7468947181478143,True,873433600,926941184,1,0,18,0,IR-COST-P1_attempt0,1,1,35990.0,35990.0
3,1,187,0,Conf,CV27,it,1,4.824,4.824,1.528002561070025,0.0183856263756752,True,872952832,926941184,6,0,18,0,IR-COST-P1_attempt0,1,1,35990.0,35990.0
3,1,187,1,Text,CV27,it,1,4.824,4.824,1.787825427018106,0.42263167444616556,True,2206979584,2243952640,6,0,18,103,IR-COST-P1_attempt0,1,1,35990.0,35990.0
3,1,187,1,Text+Global,CV27,it,1,4.824,4.824,1.9997254889458418,0.01998033933341503,True,2206979584,2243952640,6,0,18,103,IR-COST-P1_attempt0,1,1,35990.0,35990.0
3,1,187,1,B5,CV27,it,1,4.824,4.824,0.7303276099264622,0.7578853815793991,True,873433600,926941184,1,0,18,0,IR-COST-P1_attempt0,1,1,35990.0,35990.0
3,1,187,1,Conf,CV27,it,1,4.824,4.824,1.52780837751925,0.018663303926587105,True,872952832,926941184,6,0,18,0,IR-COST-P1_attempt0,1,1,35990.0,35990.0
3,1,187,1,Global,CV27,it,1,4.824,4.824,1.7488932581618428,0.018690030090510845,True,872952832,926941184,6,0,18,0,IR-COST-P1_attempt0,1,1,35990.0,35990.0
3,1,187,2,Text+Global,CV27,it,1,4.824,4.824,2.2007971070706844,0.49183645751327276,True,2206979584,2243952640,6,0,18,103,IR-COST-P1_attempt0,1,1,35990.0,35990.0
3,1,187,2,B5,CV27,it,1,4.824,4.824,0.7215226190164685,0.7671801839023829,True,873433600,926941184,1,0,18,0,IR-COST-P1_attempt0,1,1,35990.0,35990.0
3,1,187,2,Conf,CV27,it,1,4.824,4.824,1.5187131287530065,0.018476339057087898,True,872952832,926941184,6,0,18,0,IR-COST-P1_attempt0,1,1,35990.0,35990.0
3,1,187,2,Global,CV27,it,1,4.824,4.824,1.7211436294019222,0.018382631242275238,True,872952832,926941184,6,0,18,0,IR-COST-P1_attempt0,1,1,35990.0,35990.0
3,1,187,2,Text,CV27,it,1,4.824,4.824,1.8371026646345854,0.44881321489810944,True,2206979584,2243952640,6,0,18,103,IR-COST-P1_attempt0,1,1,35990.0,35990.0
3,1,189,0,Text+Global,CV27,it,2,6.024,6.024,1.0879239412024617,0.017853502184152603,True,2206979584,2241855488,2,0,13,24,IR-COST-P1_attempt0,1,1,35990.0,35990.0
3,1,189,0,B5,CV27,it,2,6.024,6.024,0.5711003709584475,0.7856717351824045,True,873433600,926941184,1,0,13,0,IR-COST-P1_attempt0,1,1,35990.0,35990.0
3,1,189,0,Conf,CV27,it,2,6.024,6.024,1.0398599905893207,0.02052842080593109,True,872952832,924844032,2,0,13,0,IR-COST-P1_attempt0,1,1,35990.0,35990.0
3,1,189,0,Global,CV27,it,2,6.024,6.024,1.0566606810316443,0.018420263193547726,True,872952832,924844032,2,0,13,0,IR-COST-P1_attempt0,1,1,35990.0,35990.0
3,1,189,0,Text,CV27,it,2,6.024,6.024,1.1422943687066436,0.49366072472184896,True,2206979584,2241855488,2,1,13,24,IR-COST-P1_attempt0,1,1,35990.0,35990.0
3,1,189,1,B5,CV27,it,2,6.024,6.024,0.5394439538940787,0.7674488378688693,True,873433600,926941184,1,0,13,0,IR-COST-P1_attempt0,1,1,35990.0,35990.0
3,1,189,1,Conf,CV27,it,2,6.024,6.024,0.9621627777814865,0.018474138341844082,True,872952832,924844032,2,0,13,0,IR-COST-P1_attempt0,1,1,35990.0,35990.0
3,1,189,1,Global,CV27,it,2,6.024,6.024,1.0439875535666943,0.018444773741066456,True,872952832,924844032,2,0,13,0,IR-COST-P1_attempt0,1,1,35990.0,35990.0
3,1,189,1,Text,CV27,it,2,6.024,6.024,1.151061731390655,0.49628915544599295,True,2206979584,2241855488,2,1,13,24,IR-COST-P1_attempt0,1,1,35990.0,35990.0
3,1,189,1,Text+Global,CV27,it,2,6.024,6.024,1.1416985606774688,0.01991074625402689,True,2206979584,2241855488,2,0,13,24,IR-COST-P1_attempt0,1,1,35990.0,35990.0
3,1,189,2,Conf,CV27,it,2,6.024,6.024,1.0648491885513067,0.7700086999684572,True,872952832,924844032,2,0,13,0,IR-COST-P1_attempt0,1,1,35990.0,35990.0
3,1,189,2,Global,CV27,it,2,6.024,6.024,1.109929439611733,0.020577678456902504,True,872952832,924844032,2,0,13,0,IR-COST-P1_attempt0,1,1,35990.0,35990.0
3,1,189,2,Text,CV27,it,2,6.024,6.024,1.0572763746604323,0.4303146945312619,True,2206979584,2241855488,2,1,13,24,IR-COST-P1_attempt0,1,1,35990.0,35990.0
3,1,189,2,Text+Global,CV27,it,2,6.024,6.024,1.123014216311276,0.01797439530491829,True,2206979584,2241855488,2,0,13,24,IR-COST-P1_attempt0,1,1,35990.0,35990.0
3,1,189,2,B5,CV27,it,2,6.024,6.024,0.5441577276214957,0.7538018776103854,True,873433600,926941184,1,0,13,0,IR-COST-P1_attempt0,1,1,35990.0,35990.0
3,1,191,0,Conf,CV27,it,2,6.672,6.672,1.3719231123104692,0.018233039416372776,True,872952832,926941184,4,0,19,0,IR-COST-P1_attempt0,1,1,35990.0,35990.0
3,1,191,0,Global,CV27,it,2,6.672,6.672,1.5189695162698627,0.018472904339432716,True,872952832,926941184,4,0,19,0,IR-COST-P1_attempt0,1,1,35990.0,35990.0
3,1,191,0,Text,CV27,it,2,6.672,6.672,1.5820870446041226,0.4351425711065531,True,2206979584,2243952640,4,0,19,62,IR-COST-P1_attempt0,1,1,35990.0,35990.0
3,1,191,0,Text+Global,CV27,it,2,6.672,6.672,1.802796141244471,0.04475265834480524,True,2206979584,2243952640,4,0,19,62,IR-COST-P1_attempt0,1,1,35990.0,35990.0
3,1,191,0,B5,CV27,it,2,6.672,6.672,0.7460178267210722,0.7533364379778504,True,873433600,926941184,1,0,19,0,IR-COST-P1_attempt0,1,1,35990.0,35990.0
3,1,191,1,Global,CV27,it,2,6.672,6.672,1.494244672358036,0.018469812348484993,True,872952832,926941184,4,0,19,0,IR-COST-P1_attempt0,1,1,35990.0,35990.0
3,1,191,1,Text,CV27,it,2,6.672,6.672,1.528549569658935,0.4331702832132578,True,2206979584,2243952640,4,0,19,62,IR-COST-P1_attempt0,1,1,35990.0,35990.0
3,1,191,1,Text+Global,CV27,it,2,6.672,6.672,1.6876660184934735,0.0179089717566967,True,2206979584,2243952640,4,0,19,62,IR-COST-P1_attempt0,1,1,35990.0,35990.0
3,1,191,1,B5,CV27,it,2,6.672,6.672,0.7794744046404958,0.7694603949785233,True,873433600,926941184,1,0,19,0,IR-COST-P1_attempt0,1,1,35990.0,35990.0
3,1,191,1,Conf,CV27,it,2,6.672,6.672,1.4862769786268473,0.020763889886438847,True,872952832,926941184,4,0,19,0,IR-COST-P1_attempt0,1,1,35990.0,35990.0
3,1,191,2,Text,CV27,it,2,6.672,6.672,1.7276560217142105,0.49145003873854876,True,2206979584,2243952640,4,0,19,62,IR-COST-P1_attempt0,1,1,35990.0,35990.0
3,1,191,2,Text+Global,CV27,it,2,6.672,6.672,1.7374431118369102,0.019855525344610214,True,2206979584,2243952640,4,0,19,62,IR-COST-P1_attempt0,1,1,35990.0,35990.0
3,1,191,2,B5,CV27,it,2,6.672,6.672,0.7825496476143599,0.7619323572143912,True,873433600,926941184,1,0,19,0,IR-COST-P1_attempt0,1,1,35990.0,35990.0
3,1,191,2,Conf,CV27,it,2,6.672,6.672,1.4670356689020991,0.02051485888659954,True,872952832,926941184,4,0,19,0,IR-COST-P1_attempt0,1,1,35990.0,35990.0
3,1,191,2,Global,CV27,it,2,6.672,6.672,1.651357602328062,0.03450631070882082,True,872952832,926941184,4,0,19,0,IR-COST-P1_attempt0,1,1,35990.0,35990.0
3,1,193,0,Text,CV27,it,3,6.936,6.936,1.5596720008179545,0.4582681218162179,True,2206979584,2243952640,2,0,19,32,IR-COST-P1_attempt0,1,1,35990.0,35990.0
3,1,193,0,Text+Global,CV27,it,3,6.936,6.936,1.6453064428642392,0.019858743995428085,True,2206979584,2243952640,2,0,19,32,IR-COST-P1_attempt0,1,1,35990.0,35990.0
3,1,193,0,B5,CV27,it,3,6.936,6.936,0.8210184127092361,0.7561661908403039,True,873433600,926941184,1,0,19,0,IR-COST-P1_attempt0,1,1,35990.0,35990.0
3,1,193,0,Conf,CV27,it,3,6.936,6.936,1.4359280737116933,0.020655623637139797,True,872952832,926941184,2,0,19,0,IR-COST-P1_attempt0,1,1,35990.0,35990.0
3,1,193,0,Global,CV27,it,3,6.936,6.936,1.5395234525203705,0.01891709677875042,True,872952832,926941184,2,0,19,0,IR-COST-P1_attempt0,1,1,35990.0,35990.0
3,1,193,1,Text+Global,CV27,it,3,6.936,6.936,1.5414338447153568,0.49727236293256283,True,2206979584,2243952640,2,0,19,32,IR-COST-P1_attempt0,1,1,35990.0,35990.0
3,1,193,1,B5,CV27,it,3,6.936,6.936,0.8146737832576036,0.7538200970739126,True,873433600,926941184,1,0,19,0,IR-COST-P1_attempt0,1,1,35990.0,35990.0
3,1,193,1,Conf,CV27,it,3,6.936,6.936,1.491021397523582,0.020459222607314587,True,872952832,926941184,2,0,19,0,IR-COST-P1_attempt0,1,1,35990.0,35990.0
3,1,193,1,Global,CV27,it,3,6.936,6.936,1.568410693667829,0.020539254881441593,True,872952832,926941184,2,0,19,0,IR-COST-P1_attempt0,1,1,35990.0,35990.0
3,1,193,1,Text,CV27,it,3,6.936,6.936,1.4812432313337922,0.4877370549365878,True,2206979584,2243952640,2,0,19,32,IR-COST-P1_attempt0,1,1,35990.0,35990.0
3,1,193,2,B5,CV27,it,3,6.936,6.936,0.7346811899915338,0.751732642762363,True,873433600,926941184,1,0,19,0,IR-COST-P1_attempt0,1,1,35990.0,35990.0
3,1,193,2,Conf,CV27,it,3,6.936,6.936,1.458323939703405,0.01837377529591322,True,872952832,926941184,2,0,19,0,IR-COST-P1_attempt0,1,1,35990.0,35990.0
3,1,193,2,Global,CV27,it,3,6.936,6.936,1.579773586243391,0.05190978106111288,True,872952832,926941184,2,0,19,0,IR-COST-P1_attempt0,1,1,35990.0,35990.0
3,1,193,2,Text,CV27,it,3,6.936,6.936,1.4396906225010753,0.4371802154928446,True,2206979584,2243952640,2,0,19,32,IR-COST-P1_attempt0,1,1,35990.0,35990.0
3,1,193,2,Text+Global,CV27,it,3,6.936,6.936,1.5714087570086122,0.017810551449656487,True,2206979584,2243952640,2,0,19,32,IR-COST-P1_attempt0,1,1,35990.0,35990.0
3,1,195,0,B5,CV27,it,3,7.536,7.536,1.034738989546895,0.7569731883704662,True,873433600,929038336,1,0,28,0,IR-COST-P1_attempt0,1,1,35990.0,35990.0
3,1,195,0,Conf,CV27,it,3,7.536,7.536,1.7831652453169227,0.045037465170025826,True,872952832,929038336,3,0,28,0,IR-COST-P1_attempt0,1,1,35990.0,35990.0
3,1,195,0,Global,CV27,it,3,7.536,7.536,1.994650835171342,0.01829443033784628,True,872952832,929038336,3,0,28,0,IR-COST-P1_attempt0,1,1,35990.0,35990.0
3,1,195,0,Text,CV27,it,3,7.536,7.536,2.0962440511211753,0.48396123200654984,True,2206979584,2296381440,3,0,28,71,IR-COST-P1_attempt0,1,1,35990.0,35990.0
3,1,195,0,Text+Global,CV27,it,3,7.536,7.536,2.3291517542675138,0.02099535893648863,True,2206979584,2296381440,3,0,28,71,IR-COST-P1_attempt0,1,1,35990.0,35990.0
3,1,195,1,Conf,CV27,it,3,7.536,7.536,1.9754901668056846,0.7541269781067967,True,872952832,929038336,3,0,28,0,IR-COST-P1_attempt0,1,1,35990.0,35990.0
3,1,195,1,Global,CV27,it,3,7.536,7.536,2.034623230807483,0.020788097754120827,True,872952832,929038336,3,0,28,0,IR-COST-P1_attempt0,1,1,35990.0,35990.0
3,1,195,1,Text,CV27,it,3,7.536,7.536,2.097554696723819,0.44177783746272326,True,2206979584,2296381440,3,0,28,71,IR-COST-P1_attempt0,1,1,35990.0,35990.0
3,1,195,1,Text+Global,CV27,it,3,7.536,7.536,2.2261141389608383,0.021902973763644695,True,2206979584,2296381440,3,0,28,71,IR-COST-P1_attempt0,1,1,35990.0,35990.0
3,1,195,1,B5,CV27,it,3,7.536,7.536,1.0624227663502097,0.7570956833660603,True,873433600,929038336,1,0,28,0,IR-COST-P1_attempt0,1,1,35990.0,35990.0
3,1,195,2,Global,CV27,it,3,7.536,7.536,2.083933152258396,0.02063601464033127,True,872952832,929038336,3,0,28,0,IR-COST-P1_attempt0,1,1,35990.0,35990.0
3,1,195,2,Text,CV27,it,3,7.536,7.536,2.1999487048015,0.5070736268535256,True,2206979584,2296381440,3,0,28,71,IR-COST-P1_attempt0,1,1,35990.0,35990.0
3,1,195,2,Text+Global,CV27,it,3,7.536,7.536,2.2548456387594342,0.022032336331903934,True,2206979584,2296381440,3,0,28,71,IR-COST-P1_attempt0,1,1,35990.0,35990.0
3,1,195,2,B5,CV27,it,3,7.536,7.536,0.9539045924320817,0.7830487731844187,True,873433600,929038336,1,0,28,0,IR-COST-P1_attempt0,1,1,35990.0,35990.0
3,1,195,2,Conf,CV27,it,3,7.536,7.536,2.007400850765407,0.025328503921628,True,872952832,929038336,3,0,28,0,IR-COST-P1_attempt0,1,1,35990.0,35990.0
3,1,197,0,Global,CV27,it,4,8.424,8.424,1.7374787330627441,0.05605759844183922,True,872952832,929038336,3,0,23,0,IR-COST-P1_attempt0,1,1,35990.0,35990.0
3,1,197,0,Text,CV27,it,4,8.424,8.424,1.7859819401055574,0.46518817730247974,True,2206979584,2246049792,3,2,23,49,IR-COST-P1_attempt0,1,1,35990.0,35990.0
3,1,197,0,Text+Global,CV27,it,4,8.424,8.424,1.9800189211964607,0.02044924534857273,True,2206979584,2246049792,3,2,23,49,IR-COST-P1_attempt0,1,1,35990.0,35990.0
3,1,197,0,B5,CV27,it,4,8.424,8.424,0.8776898272335529,0.7637929990887642,True,873433600,929038336,1,0,23,0,IR-COST-P1_attempt0,1,1,35990.0,35990.0
3,1,197,0,Conf,CV27,it,4,8.424,8.424,1.6618042215704918,0.02063077036291361,True,872952832,929038336,3,0,23,0,IR-COST-P1_attempt0,1,1,35990.0,35990.0
3,1,197,1,Text,CV27,it,4,8.424,8.424,1.857444491237402,0.488779379054904,True,2206979584,2246049792,3,2,23,49,IR-COST-P1_attempt0,1,1,35990.0,35990.0
3,1,197,1,Text+Global,CV27,it,4,8.424,8.424,1.886019709520042,0.02015765756368637,True,2206979584,2246049792,3,2,23,49,IR-COST-P1_attempt0,1,1,35990.0,35990.0
3,1,197,1,B5,CV27,it,4,8.424,8.424,0.8704598117619753,0.772364136762917,True,873433600,929038336,1,0,23,0,IR-COST-P1_attempt0,1,1,35990.0,35990.0
3,1,197,1,Conf,CV27,it,4,8.424,8.424,1.6828050995245576,0.018615851178765297,True,872952832,929038336,3,0,23,0,IR-COST-P1_attempt0,1,1,35990.0,35990.0
3,1,197,1,Global,CV27,it,4,8.424,8.424,1.7205441538244486,0.020781591534614563,True,872952832,929038336,3,0,23,0,IR-COST-P1_attempt0,1,1,35990.0,35990.0
3,1,197,2,Text+Global,CV27,it,4,8.424,8.424,1.9784845411777496,0.48677078541368246,True,2206979584,2246049792,3,2,23,49,IR-COST-P1_attempt0,1,1,35990.0,35990.0
3,1,197,2,B5,CV27,it,4,8.424,8.424,0.8839973211288452,0.7655303096398711,True,873433600,929038336,1,0,23,0,IR-COST-P1_attempt0,1,1,35990.0,35990.0
3,1,197,2,Conf,CV27,it,4,8.424,8.424,1.712642664089799,0.02105685416609049,True,872952832,929038336,3,0,23,0,IR-COST-P1_attempt0,1,1,35990.0,35990.0
3,1,197,2,Global,CV27,it,4,8.424,8.424,1.6656791046261787,0.020733542740345,True,872952832,929038336,3,0,23,0,IR-COST-P1_attempt0,1,1,35990.0,35990.0
3,1,197,2,Text,CV27,it,4,8.424,8.424,1.6552131939679384,0.43718557991087437,True,2206979584,2246049792,3,2,23,49,IR-COST-P1_attempt0,1,1,35990.0,35990.0
3,1,199,0,Text+Global,CV27,it,4,9.672,9.672,1.8120918804779649,0.018017693422734737,True,2206979584,2246049792,2,0,25,31,IR-COST-P1_attempt0,1,1,35990.0,35990.0
3,1,199,0,B5,CV27,it,4,9.672,9.672,0.9772667242214084,0.773064355365932,True,873433600,929038336,1,0,25,0,IR-COST-P1_attempt0,1,1,35990.0,35990.0
3,1,199,0,Conf,CV27,it,4,9.672,9.672,1.8207497028633952,0.020748181268572807,True,872952832,929038336,2,0,25,0,IR-COST-P1_attempt0,1,1,35990.0,35990.0
3,1,199,0,Global,CV27,it,4,9.672,9.672,1.791548135690391,0.04239601828157902,True,872952832,929038336,2,0,25,0,IR-COST-P1_attempt0,1,1,35990.0,35990.0
3,1,199,0,Text,CV27,it,4,9.672,9.672,1.7256039353087544,0.39651133865118027,True,2206979584,2246049792,2,0,25,31,IR-COST-P1_attempt0,1,1,35990.0,35990.0
3,1,199,1,B5,CV27,it,4,9.672,9.672,0.911607432179153,0.7684813691303134,True,873433600,929038336,1,0,25,0,IR-COST-P1_attempt0,1,1,35990.0,35990.0
3,1,199,1,Conf,CV27,it,4,9.672,9.672,1.677470269612968,0.01886116061359644,True,872952832,929038336,2,0,25,0,IR-COST-P1_attempt0,1,1,35990.0,35990.0
3,1,199,1,Global,CV27,it,4,9.672,9.672,1.8831620309501886,0.018655936233699322,True,872952832,929038336,2,0,25,0,IR-COST-P1_attempt0,1,1,35990.0,35990.0
3,1,199,1,Text,CV27,it,4,9.672,9.672,1.7730127703398466,0.4914060989394784,True,2206979584,2246049792,2,0,25,31,IR-COST-P1_attempt0,1,1,35990.0,35990.0
3,1,199,1,Text+Global,CV27,it,4,9.672,9.672,1.8265138054266572,0.018524586223065853,True,2206979584,2246049792,2,0,25,31,IR-COST-P1_attempt0,1,1,35990.0,35990.0
3,1,199,2,Conf,CV27,it,4,9.672,9.672,1.783498297445476,0.7670815940946341,True,872952832,929038336,2,0,25,0,IR-COST-P1_attempt0,1,1,35990.0,35990.0
3,1,199,2,Global,CV27,it,4,9.672,9.672,1.8889160640537739,0.02072103973478079,True,872952832,929038336,2,0,25,0,IR-COST-P1_attempt0,1,1,35990.0,35990.0
3,1,199,2,Text,CV27,it,4,9.672,9.672,1.8931702803820372,0.4335749251767993,True,2206979584,2246049792,2,0,25,31,IR-COST-P1_attempt0,1,1,35990.0,35990.0
3,1,199,2,Text+Global,CV27,it,4,9.672,9.672,1.9362262235954404,0.02045290544629097,True,2206979584,2246049792,2,0,25,31,IR-COST-P1_attempt0,1,1,35990.0,35990.0
3,1,199,2,B5,CV27,it,4,9.672,9.672,0.9735935917124152,0.7675432143732905,True,873433600,929038336,1,0,25,0,IR-COST-P1_attempt0,1,1,35990.0,35990.0
3,,0,0,B5,TEST,ar,0,7.44,7.44,0.7466340800747275,0.9551759138703346,True,873433600,931135488,1,0,33,0,IR-COST_attempt0,0,0,0,0
3,,0,0,Conf,TEST,ar,0,7.44,7.44,1.491581503301859,0.01916521228849888,True,872952832,931135488,6,0,33,0,IR-COST_attempt0,0,0,0,0
3,,0,0,Global,TEST,ar,0,7.44,7.44,1.6309880437329412,0.018724030815064907,True,872952832,931135488,6,0,33,0,IR-COST_attempt0,0,0,0,0
3,,0,0,Text,TEST,ar,0,7.44,7.44,1.561546951532364,0.23737212736159563,True,2206979584,2248146944,6,1,33,110,IR-COST_attempt0,0,0,0,0
3,,0,0,Text+Global,TEST,ar,0,7.44,7.44,1.6927885515615344,0.04583820141851902,True,2206979584,2248146944,6,1,33,110,IR-COST_attempt0,0,0,0,0
3,,0,1,Conf,TEST,ar,0,7.44,7.44,1.4964479366317391,0.96701770555228,True,872952832,931135488,6,0,33,0,IR-COST_attempt0,0,0,0,0
3,,0,1,Global,TEST,ar,0,7.44,7.44,1.6348114935681224,0.044367983005940914,True,872952832,931135488,6,0,33,0,IR-COST_attempt0,0,0,0,0
3,,0,1,Text,TEST,ar,0,7.44,7.44,1.5784068200737238,0.2432330958545208,True,2206979584,2248146944,6,1,33,110,IR-COST_attempt0,0,0,0,0
3,,0,1,Text+Global,TEST,ar,0,7.44,7.44,1.6986759807914495,0.018079206347465515,True,2206979584,2248146944,6,1,33,110,IR-COST_attempt0,0,0,0,0
3,,0,1,B5,TEST,ar,0,7.44,7.44,0.7378612961620092,0.9982628393918276,True,873433600,931135488,1,0,33,0,IR-COST_attempt0,0,0,0,0
3,,0,2,Global,TEST,ar,0,7.44,7.44,1.746533753350377,0.018550416454672813,True,872952832,931135488,6,0,33,0,IR-COST_attempt0,0,0,0,0
3,,0,2,Text,TEST,ar,0,7.44,7.44,1.5876293703913689,0.21898941695690155,True,2206979584,2248146944,6,1,33,110,IR-COST_attempt0,0,0,0,0
3,,0,2,Text+Global,TEST,ar,0,7.44,7.44,1.7198582449927926,0.017977942712605,True,2206979584,2248146944,6,1,33,110,IR-COST_attempt0,0,0,0,0
3,,0,2,B5,TEST,ar,0,7.44,7.44,0.7675799978896976,1.0150640355423093,True,873433600,931135488,1,0,33,0,IR-COST_attempt0,0,0,0,0
3,,0,2,Conf,TEST,ar,0,7.44,7.44,1.5113995615392923,0.02034749649465084,True,872952832,931135488,6,0,33,0,IR-COST_attempt0,0,0,0,0
3,,1,0,Conf,TEST,ar,0,6.12,6.12,1.4951740400865674,0.018617047928273678,True,872952832,931135488,5,0,35,0,IR-COST_attempt0,0,0,0,0
3,,1,0,Global,TEST,ar,0,6.12,6.12,1.60914599429816,0.018503286875784397,True,872952832,931135488,5,0,35,0,IR-COST_attempt0,0,0,0,0
3,,1,0,Text,TEST,ar,0,6.12,6.12,1.5669344021007419,0.26431208569556475,True,2206979584,2248146944,5,1,35,107,IR-COST_attempt0,0,0,0,0
3,,1,0,Text+Global,TEST,ar,0,6.12,6.12,1.6486952314153314,0.028522883541882038,True,2206979584,2248146944,5,1,35,107,IR-COST_attempt0,0,0,0,0
3,,1,0,B5,TEST,ar,0,6.12,6.12,0.7527977544814348,0.9856593385338783,True,873433600,931135488,1,0,35,0,IR-COST_attempt0,0,0,0,0
3,,1,1,Global,TEST,ar,0,6.12,6.12,1.5928126638755202,0.018483378924429417,True,872952832,931135488,5,0,35,0,IR-COST_attempt0,0,0,0,0
3,,1,1,Text,TEST,ar,0,6.12,6.12,1.560098210349679,0.25144638773053885,True,2206979584,2248146944,5,1,35,107,IR-COST_attempt0,0,0,0,0
3,,1,1,Text+Global,TEST,ar,0,6.12,6.12,1.6737739266827703,0.018273181281983852,True,2206979584,2248146944,5,1,35,107,IR-COST_attempt0,0,0,0,0
3,,1,1,B5,TEST,ar,0,6.12,6.12,0.759152659215033,0.9996835701167583,True,873433600,931135488,1,0,35,0,IR-COST_attempt0,0,0,0,0
3,,1,1,Conf,TEST,ar,0,6.12,6.12,1.4895354453474283,0.04194421786814928,True,872952832,931135488,5,0,35,0,IR-COST_attempt0,0,0,0,0
3,,1,2,Text,TEST,ar,0,6.12,6.12,1.5559657905250788,0.2579822950065136,True,2206979584,2248146944,5,1,35,107,IR-COST_attempt0,0,0,0,0
3,,1,2,Text+Global,TEST,ar,0,6.12,6.12,1.6645774971693754,0.018018408678472042,True,2206979584,2248146944,5,1,35,107,IR-COST_attempt0,0,0,0,0
3,,1,2,B5,TEST,ar,0,6.12,6.12,0.7610391844063997,0.9999963650479913,True,873433600,931135488,1,0,35,0,IR-COST_attempt0,0,0,0,0
3,,1,2,Conf,TEST,ar,0,6.12,6.12,1.4963821368291974,0.019292172975838184,True,872952832,931135488,5,0,35,0,IR-COST_attempt0,0,0,0,0
3,,1,2,Global,TEST,ar,0,6.12,6.12,1.6107186023145914,0.018695914186537266,True,872952832,931135488,5,0,35,0,IR-COST_attempt0,0,0,0,0
3,,2,0,Global,TEST,ar,0,5.52,5.52,1.0747655984014273,0.018464485183358192,True,872952832,926941184,4,0,20,0,IR-COST_attempt0,0,0,0,0
3,,2,0,Text,TEST,ar,0,5.52,5.52,1.016299992799759,0.3697983371093869,True,2206979584,2243952640,4,0,20,55,IR-COST_attempt0,0,0,0,0
3,,2,0,Text+Global,TEST,ar,0,5.52,5.52,1.100081312470138,0.0177323454990983,True,2206979584,2243952640,4,0,20,55,IR-COST_attempt0,0,0,0,0
3,,2,0,B5,TEST,ar,0,5.52,5.52,0.488648540340364,0.9914567824453115,True,873433600,926941184,1,0,20,0,IR-COST_attempt0,0,0,0,0
3,,2,0,Conf,TEST,ar,0,5.52,5.52,0.9747100053355098,0.01906153466552496,True,872952832,926941184,4,0,20,0,IR-COST_attempt0,0,0,0,0
3,,2,1,Text,TEST,ar,0,5.52,5.52,0.998897205106914,0.27634168416261673,True,2206979584,2243952640,4,0,20,55,IR-COST_attempt0,0,0,0,0
3,,2,1,Text+Global,TEST,ar,0,5.52,5.52,1.093925155699253,0.04085746593773365,True,2206979584,2243952640,4,0,20,55,IR-COST_attempt0,0,0,0,0
3,,2,1,B5,TEST,ar,0,5.52,5.52,0.48221419658511877,1.00256313290447,True,873433600,926941184,1,0,20,0,IR-COST_attempt0,0,0,0,0
3,,2,1,Conf,TEST,ar,0,5.52,5.52,0.9615790462121367,0.01825148332864046,True,872952832,926941184,4,0,20,0,IR-COST_attempt0,0,0,0,0
3,,2,1,Global,TEST,ar,0,5.52,5.52,1.0921112801879644,0.018341319635510445,True,872952832,926941184,4,0,20,0,IR-COST_attempt0,0,0,0,0
3,,2,2,Text+Global,TEST,ar,0,5.52,5.52,1.1877538282424212,0.24945605732500553,True,2206979584,2243952640,4,0,20,55,IR-COST_attempt0,0,0,0,0
3,,2,2,B5,TEST,ar,0,5.52,5.52,0.552480073645711,0.7690964573994279,True,873433600,926941184,1,0,20,0,IR-COST_attempt0,0,0,0,0
3,,2,2,Conf,TEST,ar,0,5.52,5.52,0.9789705537259579,0.018208052031695843,True,872952832,926941184,4,0,20,0,IR-COST_attempt0,0,0,0,0
3,,2,2,Global,TEST,ar,0,5.52,5.52,1.08025105856359,0.01803514640778303,True,872952832,926941184,4,0,20,0,IR-COST_attempt0,0,0,0,0
3,,2,2,Text,TEST,ar,0,5.52,5.52,1.0205149091780186,0.21913412306457758,True,2206979584,2243952640,4,0,20,55,IR-COST_attempt0,0,0,0,0
3,,3,0,Text,TEST,ar,0,4.32,4.32,0.983527421951294,0.017711665481328964,True,2206979584,2243952640,3,0,20,41,IR-COST_attempt0,0,0,0,0
3,,3,0,Text+Global,TEST,ar,0,4.32,4.32,1.0480275070294738,0.017906107008457184,True,2206979584,2243952640,3,0,20,41,IR-COST_attempt0,0,0,0,0
3,,3,0,B5,TEST,ar,0,4.32,4.32,0.4731138851493597,0.7688079942017794,True,873433600,926941184,1,0,20,0,IR-COST_attempt0,0,0,0,0
3,,3,0,Conf,TEST,ar,0,4.32,4.32,0.9332926422357559,0.018646265380084515,True,872952832,926941184,3,0,20,0,IR-COST_attempt0,0,0,0,0
3,,3,0,Global,TEST,ar,0,4.32,4.32,0.9977327231317759,0.018413049168884754,True,872952832,926941184,3,0,20,0,IR-COST_attempt0,0,0,0,0
3,,3,1,Text+Global,TEST,ar,0,4.32,4.32,1.0108358412981033,0.2646535411477089,True,2206979584,2243952640,3,0,20,41,IR-COST_attempt0,0,0,0,0
3,,3,1,B5,TEST,ar,0,4.32,4.32,0.46028891019523144,0.9865085780620575,True,873433600,926941184,1,0,20,0,IR-COST_attempt0,0,0,0,0
3,,3,1,Conf,TEST,ar,0,4.32,4.32,0.9463248178362846,0.018265497870743275,True,872952832,926941184,3,0,20,0,IR-COST_attempt0,0,0,0,0
3,,3,1,Global,TEST,ar,0,4.32,4.32,1.0293039735406637,0.018206913955509663,True,872952832,926941184,3,0,20,0,IR-COST_attempt0,0,0,0,0
3,,3,1,Text,TEST,ar,0,4.32,4.32,0.969980644993484,0.25573727395385504,True,2206979584,2243952640,3,0,20,41,IR-COST_attempt0,0,0,0,0
3,,3,2,B5,TEST,ar,0,4.32,4.32,0.505552789196372,0.7739409608766437,True,873433600,926941184,1,0,20,0,IR-COST_attempt0,0,0,0,0
3,,3,2,Conf,TEST,ar,0,4.32,4.32,0.9354839073494077,0.019617426209151745,True,872952832,926941184,3,0,20,0,IR-COST_attempt0,0,0,0,0
3,,3,2,Global,TEST,ar,0,4.32,4.32,0.999241940677166,0.018515040166676044,True,872952832,926941184,3,0,20,0,IR-COST_attempt0,0,0,0,0
3,,3,2,Text,TEST,ar,0,4.32,4.32,0.9495900152251124,0.27555338852107525,True,2206979584,2243952640,3,0,20,41,IR-COST_attempt0,0,0,0,0
3,,3,2,Text+Global,TEST,ar,0,4.32,4.32,1.0194549672305584,0.01781752984970808,True,2206979584,2243952640,3,0,20,41,IR-COST_attempt0,0,0,0,0
3,,4,0,Text+Global,TEST,ar,1,8.56,8.56,1.8742013331502676,0.017566845752298832,True,2206979584,2250244096,4,1,42,84,IR-COST_attempt0,0,0,0,0
3,,4,0,B5,TEST,ar,1,8.56,8.56,0.8926670998334885,0.998906129039824,True,873433600,933232640,1,0,42,0,IR-COST_attempt0,0,0,0,0
3,,4,0,Conf,TEST,ar,1,8.56,8.56,1.7379620634019375,0.018798619508743286,True,872952832,933232640,4,0,42,0,IR-COST_attempt0,0,0,0,0
3,,4,0,Global,TEST,ar,1,8.56,8.56,1.8364551002159715,0.02537494618445635,True,872952832,933232640,4,0,42,0,IR-COST_attempt0,0,0,0,0
3,,4,0,Text,TEST,ar,1,8.56,8.56,1.7842524508014321,0.2833039639517665,True,2206979584,2250244096,4,1,42,84,IR-COST_attempt0,0,0,0,0
3,,4,1,B5,TEST,ar,1,8.56,8.56,0.88930076174438,0.9731621937826276,True,873433600,933232640,1,0,42,0,IR-COST_attempt0,0,0,0,0
3,,4,1,Conf,TEST,ar,1,8.56,8.56,1.736431266181171,0.018583310768008232,True,872952832,933232640,4,0,42,0,IR-COST_attempt0,0,0,0,0
3,,4,1,Global,TEST,ar,1,8.56,8.56,1.8417079271748662,0.018647179938852787,True,872952832,933232640,4,0,42,0,IR-COST_attempt0,0,0,0,0
3,,4,1,Text,TEST,ar,1,8.56,8.56,1.7782001830637455,0.2659049164503813,True,2206979584,2250244096,4,1,42,84,IR-COST_attempt0,0,0,0,0
3,,4,1,Text+Global,TEST,ar,1,8.56,8.56,1.8675800208002329,0.04043456818908453,True,2206979584,2250244096,4,1,42,84,IR-COST_attempt0,0,0,0,0
3,,4,2,Conf,TEST,ar,1,8.56,8.56,1.7278123619034886,0.9746183026582003,True,872952832,933232640,4,0,42,0,IR-COST_attempt0,0,0,0,0
3,,4,2,Global,TEST,ar,1,8.56,8.56,1.8376188250258565,0.01896836142987013,True,872952832,933232640,4,0,42,0,IR-COST_attempt0,0,0,0,0
3,,4,2,Text,TEST,ar,1,8.56,8.56,1.7684124326333404,0.2642905991524458,True,2206979584,2250244096,4,1,42,84,IR-COST_attempt0,0,0,0,0
3,,4,2,Text+Global,TEST,ar,1,8.56,8.56,1.9295249665156007,0.018405009992420673,True,2206979584,2250244096,4,1,42,84,IR-COST_attempt0,0,0,0,0
3,,4,2,B5,TEST,ar,1,8.56,8.56,0.9038811987265944,0.9315227884799242,True,873433600,933232640,1,0,42,0,IR-COST_attempt0,0,0,0,0
3,,5,0,B5,TEST,ar,1,8.16,8.16,1.0899745803326368,0.018863060511648655,True,873433600,937426944,1,0,52,0,IR-COST_attempt0,0,0,0,0
3,,5,0,Conf,TEST,ar,1,8.16,8.16,2.1323958188295364,0.020957214757800102,True,872952832,935329792,5,0,52,0,IR-COST_attempt0,0,0,0,0
3,,5,0,Global,TEST,ar,1,8.16,8.16,2.2350784922018647,0.020865059457719326,True,872952832,935329792,5,0,52,0,IR-COST_attempt0,0,0,0,0
3,,5,0,Text,TEST,ar,1,8.16,8.16,2.173937479034066,0.3609154839068651,True,2206979584,2311061504,5,1,52,142,IR-COST_attempt0,0,0,0,0
3,,5,0,Text+Global,TEST,ar,1,8.16,8.16,2.274587950669229,0.019781514070928097,True,2206979584,2311061504,5,1,52,142,IR-COST_attempt0,0,0,0,0
3,,5,1,Conf,TEST,ar,1,8.16,8.16,2.1084895553067327,0.7659078016877174,True,872952832,935329792,5,0,52,0,IR-COST_attempt0,0,0,0,0
3,,5,1,Global,TEST,ar,1,8.16,8.16,2.213785443454981,0.021623412147164345,True,872952832,935329792,5,0,52,0,IR-COST_attempt0,0,0,0,0
3,,5,1,Text,TEST,ar,1,8.16,8.16,2.180077765136957,0.2196340337395668,True,2206979584,2311061504,5,1,52,142,IR-COST_attempt0,0,0,0,0
3,,5,1,Text+Global,TEST,ar,1,8.16,8.16,2.3671438423916698,0.02088886871933937,True,2206979584,2311061504,5,1,52,142,IR-COST_attempt0,0,0,0,0
3,,5,1,B5,TEST,ar,1,8.16,8.16,1.1699525974690914,0.7997660124674439,True,873433600,937426944,1,0,52,0,IR-COST_attempt0,0,0,0,0
3,,5,2,Global,TEST,ar,1,8.16,8.16,2.269193733111024,0.019977658987045288,True,872952832,935329792,5,0,52,0,IR-COST_attempt0,0,0,0,0
3,,5,2,Text,TEST,ar,1,8.16,8.16,2.189864970743656,0.2300838753581047,True,2206979584,2311061504,5,1,52,142,IR-COST_attempt0,0,0,0,0
3,,5,2,Text+Global,TEST,ar,1,8.16,8.16,2.2933573704212904,0.020270601846277714,True,2206979584,2311061504,5,1,52,142,IR-COST_attempt0,0,0,0,0
3,,5,2,B5,TEST,ar,1,8.16,8.16,1.087050411850214,0.7734312508255243,True,873433600,937426944,1,0,52,0,IR-COST_attempt0,0,0,0,0
3,,5,2,Conf,TEST,ar,1,8.16,8.16,2.128197214566171,0.018665194511413574,True,872952832,935329792,5,0,52,0,IR-COST_attempt0,0,0,0,0
3,,6,0,Conf,TEST,ar,1,9.12,9.12,1.9658526116982102,0.018801674246788025,True,872952832,933232640,5,0,47,0,IR-COST_attempt0,0,0,0,0
3,,6,0,Global,TEST,ar,1,9.12,9.12,2.0650463001802564,0.01923421397805214,True,872952832,933232640,5,1,47,0,IR-COST_attempt0,0,0,0,0
3,,6,0,Text,TEST,ar,1,9.12,9.12,2.0063218027353287,0.3374123312532902,True,2206979584,2252341248,5,1,47,104,IR-COST_attempt0,0,0,0,0
3,,6,0,Text+Global,TEST,ar,1,9.12,9.12,2.120609723031521,0.018309670500457287,True,2206979584,2252341248,5,1,47,104,IR-COST_attempt0,0,0,0,0
3,,6,0,B5,TEST,ar,1,9.12,9.12,1.0128176463767886,0.7595286993309855,True,873433600,935329792,1,0,47,0,IR-COST_attempt0,0,0,0,0
3,,6,1,Global,TEST,ar,1,9.12,9.12,2.0739221535623074,0.01904039829969406,True,872952832,933232640,5,1,47,0,IR-COST_attempt0,0,0,0,0
3,,6,1,Text,TEST,ar,1,9.12,9.12,2.0028734374791384,0.22138830367475748,True,2206979584,2252341248,5,1,47,104,IR-COST_attempt0,0,0,0,0
3,,6,1,Text+Global,TEST,ar,1,9.12,9.12,2.1165226055309176,0.018404188565909863,True,2206979584,2252341248,5,1,47,104,IR-COST_attempt0,0,0,0,0
3,,6,1,B5,TEST,ar,1,9.12,9.12,1.0053849956020713,0.7686720648780465,True,873433600,935329792,1,0,47,0,IR-COST_attempt0,0,0,0,0
3,,6,1,Conf,TEST,ar,1,9.12,9.12,1.9468248449265957,0.018637104891240597,True,872952832,933232640,5,0,47,0,IR-COST_attempt0,0,0,0,0
3,,6,2,Text,TEST,ar,1,9.12,9.12,1.9971117349341512,0.22409546002745628,True,2206979584,2252341248,5,1,47,104,IR-COST_attempt0,0,0,0,0
3,,6,2,Text+Global,TEST,ar,1,9.12,9.12,2.1178749911487103,0.018113834783434868,True,2206979584,2252341248,5,1,47,104,IR-COST_attempt0,0,0,0,0
3,,6,2,B5,TEST,ar,1,9.12,9.12,1.001197025179863,0.7609540559351444,True,873433600,935329792,1,0,47,0,IR-COST_attempt0,0,0,0,0
3,,6,2,Conf,TEST,ar,1,9.12,9.12,1.9462746689096093,0.01893096510320902,True,872952832,933232640,5,0,47,0,IR-COST_attempt0,0,0,0,0
3,,6,2,Global,TEST,ar,1,9.12,9.12,2.07367851305753,0.025685363449156284,True,872952832,933232640,5,1,47,0,IR-COST_attempt0,0,0,0,0
3,,7,0,Global,TEST,ar,1,8.96,8.96,1.9596390752121806,0.018805844709277153,True,872952832,933232640,3,0,46,0,IR-COST_attempt0,0,0,0,0
3,,7,0,Text,TEST,ar,1,8.96,8.96,1.9089201157912612,0.2218905482441187,True,2206979584,2365587456,3,0,46,82,IR-COST_attempt0,0,0,0,0
3,,7,0,Text+Global,TEST,ar,1,8.96,8.96,1.9763592137023807,0.02636656817048788,True,2206979584,2365587456,3,0,46,82,IR-COST_attempt0,0,0,0,0
3,,7,0,B5,TEST,ar,1,8.96,8.96,0.9865757180377841,0.7623462397605181,True,873433600,935329792,1,0,46,0,IR-COST_attempt0,0,0,0,0
3,,7,0,Conf,TEST,ar,1,8.96,8.96,1.8830667473375797,0.01879333332180977,True,872952832,933232640,3,0,46,0,IR-COST_attempt0,0,0,0,0
3,,7,1,Text,TEST,ar,1,8.96,8.96,1.9140937756747007,0.2192034237086773,True,2206979584,2365587456,3,0,46,82,IR-COST_attempt0,0,0,0,0
3,,7,1,Text+Global,TEST,ar,1,8.96,8.96,1.9942165315151215,0.02129331324249506,True,2206979584,2365587456,3,0,46,82,IR-COST_attempt0,0,0,0,0
3,,7,1,B5,TEST,ar,1,8.96,8.96,0.9907996319234371,0.771488206461072,True,873433600,935329792,1,0,46,0,IR-COST_attempt0,0,0,0,0
3,,7,1,Conf,TEST,ar,1,8.96,8.96,1.89296411909163,0.01882538478821516,True,872952832,933232640,3,0,46,0,IR-COST_attempt0,0,0,0,0
3,,7,1,Global,TEST,ar,1,8.96,8.96,1.9671170292422175,0.019427246414124966,True,872952832,933232640,3,0,46,0,IR-COST_attempt0,0,0,0,0
3,,7,2,Text+Global,TEST,ar,1,8.96,8.96,1.9983483357354999,0.22737220209091902,True,2206979584,2365587456,3,0,46,82,IR-COST_attempt0,0,0,0,0
3,,7,2,B5,TEST,ar,1,8.96,8.96,0.9898553984239697,0.7651405427604914,True,873433600,935329792,1,0,46,0,IR-COST_attempt0,0,0,0,0
3,,7,2,Conf,TEST,ar,1,8.96,8.96,1.876528238877654,0.01856190897524357,True,872952832,933232640,3,0,46,0,IR-COST_attempt0,0,0,0,0
3,,7,2,Global,TEST,ar,1,8.96,8.96,1.9504172736778855,0.01857602410018444,True,872952832,933232640,3,0,46,0,IR-COST_attempt0,0,0,0,0
3,,7,2,Text,TEST,ar,1,8.96,8.96,1.9098378345370293,0.22174642700701952,True,2206979584,2365587456,3,0,46,82,IR-COST_attempt0,0,0,0,0
3,,8,0,Text,TEST,ar,2,9.86,9.86,2.3100041979923844,0.02132414188235998,True,2206979584,2382364672,5,2,54,161,IR-COST_attempt0,0,0,0,0
3,,8,0,Text+Global,TEST,ar,2,9.86,9.86,2.394436498172581,0.021559557877480984,True,2206979584,2382364672,5,2,54,161,IR-COST_attempt0,0,0,0,0
3,,8,0,B5,TEST,ar,2,9.86,9.86,1.1527295978739858,0.7636039527133107,True,873433600,937426944,1,0,53,0,IR-COST_attempt0,0,0,0,0
3,,8,0,Conf,TEST,ar,2,9.86,9.86,2.2075555622577667,0.018870176747441292,True,872952832,935329792,5,0,53,0,IR-COST_attempt0,0,0,0,0
3,,8,0,Global,TEST,ar,2,9.86,9.86,2.3176032789051533,0.020700497552752495,True,872952832,935329792,5,0,53,0,IR-COST_attempt0,0,0,0,0
3,,8,1,Text+Global,TEST,ar,2,9.86,9.86,2.394204992800951,0.22797077521681786,True,2206979584,2382364672,5,2,54,161,IR-COST_attempt0,0,0,0,0
3,,8,1,B5,TEST,ar,2,9.86,9.86,1.1412193858996034,0.7643027091398835,True,873433600,937426944,1,0,53,0,IR-COST_attempt0,0,0,0,0
3,,8,1,Conf,TEST,ar,2,9.86,9.86,2.2071323292329907,0.018747064284980297,True,872952832,935329792,5,0,53,0,IR-COST_attempt0,0,0,0,0
3,,8,1,Global,TEST,ar,2,9.86,9.86,2.316306875087321,0.01944297645241022,True,872952832,935329792,5,0,53,0,IR-COST_attempt0,0,0,0,0
3,,8,1,Text,TEST,ar,2,9.86,9.86,2.2868737084791064,0.2235765065997839,True,2206979584,2382364672,5,2,54,161,IR-COST_attempt0,0,0,0,0
3,,8,2,B5,TEST,ar,2,9.86,9.86,1.1629271050915122,0.7671825494617224,True,873433600,937426944,1,0,53,0,IR-COST_attempt0,0,0,0,0
3,,8,2,Conf,TEST,ar,2,9.86,9.86,2.1831629490479827,0.018939617089927197,True,872952832,935329792,5,0,53,0,IR-COST_attempt0,0,0,0,0
3,,8,2,Global,TEST,ar,2,9.86,9.86,2.2979081934317946,0.01877749338746071,True,872952832,935329792,5,0,53,0,IR-COST_attempt0,0,0,0,0
3,,8,2,Text,TEST,ar,2,9.86,9.86,2.2667671097442508,0.21944831870496273,True,2206979584,2382364672,5,2,54,161,IR-COST_attempt0,0,0,0,0
3,,8,2,Text+Global,TEST,ar,2,9.86,9.86,2.389613530598581,0.021781058982014656,True,2206979584,2382364672,5,2,54,161,IR-COST_attempt0,0,0,0,0
3,,9,0,Text+Global,TEST,ar,2,9.9,9.9,2.4214651556685567,0.02161812223494053,True,2206979584,2373976064,6,1,55,169,IR-COST_attempt0,0,0,0,0
3,,9,0,B5,TEST,ar,2,9.9,9.9,1.1424784464761615,0.7625774759799242,True,873433600,937426944,1,0,53,0,IR-COST_attempt0,0,0,0,0
3,,9,0,Conf,TEST,ar,2,9.9,9.9,2.2113815378397703,0.018849925138056278,True,872952832,935329792,6,1,55,0,IR-COST_attempt0,0,0,0,0
3,,9,0,Global,TEST,ar,2,9.9,9.9,2.3587323492392898,0.019130714237689972,True,872952832,935329792,6,1,55,0,IR-COST_attempt0,0,0,0,0
3,,9,0,Text,TEST,ar,2,9.9,9.9,2.2775507187470794,0.2201952775940299,True,2206979584,2373976064,6,1,55,169,IR-COST_attempt0,0,0,0,0
3,,9,1,B5,TEST,ar,2,9.9,9.9,1.140335232950747,0.7687859861180186,True,873433600,937426944,1,0,53,0,IR-COST_attempt0,0,0,0,0
3,,9,1,Conf,TEST,ar,2,9.9,9.9,2.2248502215370536,0.0187944071367383,True,872952832,935329792,6,1,55,0,IR-COST_attempt0,0,0,0,0
3,,9,1,Global,TEST,ar,2,9.9,9.9,2.358181151561439,0.024600714445114136,True,872952832,935329792,6,1,55,0,IR-COST_attempt0,0,0,0,0
3,,9,1,Text,TEST,ar,2,9.9,9.9,2.297667909413576,0.22086632810533047,True,2206979584,2373976064,6,1,55,169,IR-COST_attempt0,0,0,0,0
3,,9,1,Text+Global,TEST,ar,2,9.9,9.9,2.4295402700081468,0.021686476655304432,True,2206979584,2373976064,6,1,55,169,IR-COST_attempt0,0,0,0,0
3,,9,2,Conf,TEST,ar,2,9.9,9.9,2.2301593124866486,0.7612982057034969,True,872952832,935329792,6,1,55,0,IR-COST_attempt0,0,0,0,0
3,,9,2,Global,TEST,ar,2,9.9,9.9,2.3720011534169316,0.01915065012872219,True,872952832,935329792,6,1,55,0,IR-COST_attempt0,0,0,0,0
3,,9,2,Text,TEST,ar,2,9.9,9.9,2.2826664857566357,0.2106766179203987,True,2206979584,2373976064,6,1,55,169,IR-COST_attempt0,0,0,0,0
3,,9,2,Text+Global,TEST,ar,2,9.9,9.9,2.410199739970267,0.02156943269073963,True,2206979584,2373976064,6,1,55,169,IR-COST_attempt0,0,0,0,0
3,,9,2,B5,TEST,ar,2,9.9,9.9,1.1383850760757923,0.7649651076644659,True,873433600,937426944,1,0,53,0,IR-COST_attempt0,0,0,0,0
3,,10,0,B5,TEST,ar,2,10.62,10.62,1.1546762995421886,0.018810700625181198,True,873433600,937426944,1,0,51,0,IR-COST_attempt0,0,0,0,0
3,,10,0,Conf,TEST,ar,2,10.62,10.62,2.25543612241745,0.018970872275531292,True,872952832,935329792,5,0,51,0,IR-COST_attempt0,0,0,0,0
3,,10,0,Global,TEST,ar,2,10.62,10.62,2.3743034759536386,0.04009704198688269,True,872952832,935329792,5,0,51,0,IR-COST_attempt0,0,0,0,0
3,,10,0,Text,TEST,ar,2,10.62,10.62,2.305243458598852,0.21697031520307064,True,2206979584,2436890624,5,0,51,151,IR-COST_attempt0,0,0,0,0
3,,10,0,Text+Global,TEST,ar,2,10.62,10.62,2.4417517352849245,0.02310977317392826,True,2206979584,2436890624,5,0,51,151,IR-COST_attempt0,0,0,0,0
3,,10,1,Conf,TEST,ar,2,10.62,10.62,2.2359857512637973,0.7361779408529401,True,872952832,935329792,5,0,51,0,IR-COST_attempt0,0,0,0,0
3,,10,1,Global,TEST,ar,2,10.62,10.62,2.3729763366281986,0.018802977167069912,True,872952832,935329792,5,0,51,0,IR-COST_attempt0,0,0,0,0
3,,10,1,Text,TEST,ar,2,10.62,10.62,2.317025993950665,0.2136213881894946,True,2206979584,2436890624,5,0,51,151,IR-COST_attempt0,0,0,0,0
3,,10,1,Text+Global,TEST,ar,2,10.62,10.62,2.4336717603728175,0.02318385522812605,True,2206979584,2436890624,5,0,51,151,IR-COST_attempt0,0,0,0,0
3,,10,1,B5,TEST,ar,2,10.62,10.62,1.152327955700457,0.7582522733137012,True,873433600,937426944,1,0,51,0,IR-COST_attempt0,0,0,0,0
3,,10,2,Global,TEST,ar,2,10.62,10.62,2.3665615655481815,0.01887182705104351,True,872952832,935329792,5,0,51,0,IR-COST_attempt0,0,0,0,0
3,,10,2,Text,TEST,ar,2,10.62,10.62,2.319354089908302,0.22458714991807938,True,2206979584,2436890624,5,0,51,151,IR-COST_attempt0,0,0,0,0
3,,10,2,Text+Global,TEST,ar,2,10.62,10.62,2.454907222650945,0.023481777869164944,True,2206979584,2436890624,5,0,51,151,IR-COST_attempt0,0,0,0,0
3,,10,2,B5,TEST,ar,2,10.62,10.62,1.1681402623653412,0.7535616038367152,True,873433600,937426944,1,0,51,0,IR-COST_attempt0,0,0,0,0
3,,10,2,Conf,TEST,ar,2,10.62,10.62,2.263251667842269,0.018776400946080685,True,872952832,935329792,5,0,51,0,IR-COST_attempt0,0,0,0,0
3,,11,0,Conf,TEST,ar,2,10.68,10.68,3.0102580543607473,0.015469994395971298,True,872952832,939524096,6,0,74,0,IR-COST_attempt0,0,0,0,0
3,,11,0,Global,TEST,ar,2,10.68,10.68,3.121139792725444,0.019052820280194283,True,872952832,939524096,6,2,75,0,IR-COST_attempt0,0,0,0,0
3,,11,0,Text,TEST,ar,2,10.68,10.68,3.100997304543853,0.22163985017687082,True,2206979584,2323644416,6,1,74,274,IR-COST_attempt0,0,0,0,0
3,,11,0,Text+Global,TEST,ar,2,10.68,10.68,3.253089071251452,0.020251699723303318,True,2206979584,2323644416,6,1,74,274,IR-COST_attempt0,0,0,0,0
3,,11,0,B5,TEST,ar,2,10.68,10.68,1.5509195607155561,0.7493688128888607,True,873433600,941621248,1,0,74,0,IR-COST_attempt0,0,0,0,0
3,,11,1,Global,TEST,ar,2,10.68,10.68,3.1204532319679856,0.019015992991626263,True,872952832,939524096,6,2,75,0,IR-COST_attempt0,0,0,0,0
3,,11,1,Text,TEST,ar,2,10.68,10.68,3.1306513026356697,0.21239416673779488,True,2206979584,2323644416,6,1,74,274,IR-COST_attempt0,0,0,0,0
3,,11,1,Text+Global,TEST,ar,2,10.68,10.68,3.260788935236633,0.02030785009264946,True,2206979584,2323644416,6,1,74,274,IR-COST_attempt0,0,0,0,0
3,,11,1,B5,TEST,ar,2,10.68,10.68,1.574975878931582,0.7546296557411551,True,873433600,941621248,1,0,74,0,IR-COST_attempt0,0,0,0,0
3,,11,1,Conf,TEST,ar,2,10.68,10.68,2.987683441489935,0.019041869789361954,True,872952832,939524096,6,0,74,0,IR-COST_attempt0,0,0,0,0
3,,11,2,Text,TEST,ar,2,10.68,10.68,3.1277147317305207,0.21442760806530714,True,2206979584,2323644416,6,1,74,274,IR-COST_attempt0,0,0,0,0
3,,11,2,Text+Global,TEST,ar,2,10.68,10.68,3.2439612736925483,0.020222964696586132,True,2206979584,2323644416,6,1,74,274,IR-COST_attempt0,0,0,0,0
3,,11,2,B5,TEST,ar,2,10.68,10.68,1.5472926599904895,0.7652480863034725,True,873433600,941621248,1,0,74,0,IR-COST_attempt0,0,0,0,0
3,,11,2,Conf,TEST,ar,2,10.68,10.68,2.9903704803436995,0.0193500854074955,True,872952832,939524096,6,0,74,0,IR-COST_attempt0,0,0,0,0
3,,11,2,Global,TEST,ar,2,10.68,10.68,3.12869780883193,0.019023763947188854,True,872952832,939524096,6,2,75,0,IR-COST_attempt0,0,0,0,0
3,,12,0,Global,TEST,ar,3,12.02,12.02,2.6674190340563655,0.019008629955351353,True,872952832,939524096,4,1,64,0,IR-COST_attempt0,0,0,0,0
3,,12,0,Text,TEST,ar,3,12.02,12.02,2.646002173423767,0.2147121885791421,True,2206979584,2323644416,4,0,65,150,IR-COST_attempt0,0,0,0,0
3,,12,0,Text+Global,TEST,ar,3,12.02,12.02,2.729743235744536,0.020490404218435287,True,2206979584,2323644416,4,0,65,150,IR-COST_attempt0,0,0,0,0
3,,12,0,B5,TEST,ar,3,12.02,12.02,1.332250981591642,0.7565794382244349,True,873433600,937426944,1,0,65,0,IR-COST_attempt0,0,0,0,0
3,,12,0,Conf,TEST,ar,3,12.02,12.02,2.573087935335934,0.04568912088871002,True,872952832,939524096,4,1,64,0,IR-COST_attempt0,0,0,0,0
3,,12,1,Text,TEST,ar,3,12.02,12.02,2.6449166825041175,0.2129922229796648,True,2206979584,2323644416,4,0,65,150,IR-COST_attempt0,0,0,0,0
3,,12,1,Text+Global,TEST,ar,3,12.02,12.02,2.7378995129838586,0.020284460857510567,True,2206979584,2323644416,4,0,65,150,IR-COST_attempt0,0,0,0,0
3,,12,1,B5,TEST,ar,3,12.02,12.02,1.3472922099754214,0.7601150348782539,True,873433600,937426944,1,0,65,0,IR-COST_attempt0,0,0,0,0
3,,12,1,Conf,TEST,ar,3,12.02,12.02,2.5708151971921325,0.018845602869987488,True,872952832,939524096,4,1,64,0,IR-COST_attempt0,0,0,0,0
3,,12,1,Global,TEST,ar,3,12.02,12.02,2.671678197570145,0.01961912028491497,True,872952832,939524096,4,1,64,0,IR-COST_attempt0,0,0,0,0
3,,12,2,Text+Global,TEST,ar,3,12.02,12.02,2.7569846622645855,0.30734911654144526,True,2206979584,2323644416,4,0,65,150,IR-COST_attempt0,0,0,0,0
3,,12,2,B5,TEST,ar,3,12.02,12.02,1.3341621616855264,0.7567322058603168,True,873433600,937426944,1,0,65,0,IR-COST_attempt0,0,0,0,0
3,,12,2,Conf,TEST,ar,3,12.02,12.02,2.5593456448987126,0.018838196992874146,True,872952832,939524096,4,1,64,0,IR-COST_attempt0,0,0,0,0
3,,12,2,Global,TEST,ar,3,12.02,12.02,2.681984984315932,0.030936988070607185,True,872952832,939524096,4,1,64,0,IR-COST_attempt0,0,0,0,0
3,,12,2,Text,TEST,ar,3,12.02,12.02,2.726892553269863,0.3390824422240257,True,2206979584,2323644416,4,0,65,150,IR-COST_attempt0,0,0,0,0
3,,13,0,Text,TEST,ar,3,12.48,12.48,2.6443993039429188,0.020780389197170734,True,2206979584,2319450112,5,4,62,199,IR-COST_attempt0,0,0,0,0
3,,13,0,Text+Global,TEST,ar,3,12.48,12.48,2.736606650054455,0.03498495277017355,True,2206979584,2319450112,5,4,62,199,IR-COST_attempt0,0,0,0,0
3,,13,0,B5,TEST,ar,3,12.48,12.48,1.3185438197106123,0.7642322741448879,True,873433600,937426944,1,0,63,0,IR-COST_attempt0,0,0,0,0
3,,13,0,Conf,TEST,ar,3,12.48,12.48,2.507144981995225,0.018925366923213005,True,872952832,935329792,5,4,62,0,IR-COST_attempt0,0,0,0,0
3,,13,0,Global,TEST,ar,3,12.48,12.48,2.6447636680677533,0.040826418437063694,True,872952832,935329792,5,1,64,0,IR-COST_attempt0,0,0,0,0
3,,13,1,Text+Global,TEST,ar,3,12.48,12.48,2.759903526864946,0.26122164353728294,True,2206979584,2319450112,5,4,62,199,IR-COST_attempt0,0,0,0,0
3,,13,1,B5,TEST,ar,3,12.48,12.48,1.3346847463399172,0.7783829858526587,True,873433600,937426944,1,0,63,0,IR-COST_attempt0,0,0,0,0
3,,13,1,Conf,TEST,ar,3,12.48,12.48,2.5142725901678205,0.018891122192144394,True,872952832,935329792,5,4,62,0,IR-COST_attempt0,0,0,0,0
3,,13,1,Global,TEST,ar,3,12.48,12.48,2.63109088037163,0.018664291128516197,True,872952832,935329792,5,1,64,0,IR-COST_attempt0,0,0,0,0
3,,13,1,Text,TEST,ar,3,12.48,12.48,2.613586375489831,0.21727327164262533,True,2206979584,2319450112,5,4,62,199,IR-COST_attempt0,0,0,0,0
3,,13,2,B5,TEST,ar,3,12.48,12.48,1.3164276592433453,0.7876554252579808,True,873433600,937426944,1,0,63,0,IR-COST_attempt0,0,0,0,0
3,,13,2,Conf,TEST,ar,3,12.48,12.48,2.5051773926243186,0.043992494232952595,True,872952832,935329792,5,4,62,0,IR-COST_attempt0,0,0,0,0
3,,13,2,Global,TEST,ar,3,12.48,12.48,2.6210804572328925,0.018671364523470402,True,872952832,935329792,5,1,64,0,IR-COST_attempt0,0,0,0,0
3,,13,2,Text,TEST,ar,3,12.48,12.48,2.6270693009719253,0.2331046750769019,True,2206979584,2319450112,5,4,62,199,IR-COST_attempt0,0,0,0,0
3,,13,2,Text+Global,TEST,ar,3,12.48,12.48,2.8122574044391513,0.019999444484710693,True,2206979584,2319450112,5,4,62,199,IR-COST_attempt0,0,0,0,0
3,,14,0,Text+Global,TEST,ar,3,12.12,12.12,2.8579374169930816,0.02033133152872324,True,2206979584,2319450112,6,3,64,235,IR-COST_attempt0,0,0,0,0
3,,14,0,B5,TEST,ar,3,12.12,12.12,1.3250351389870048,0.7853405801579356,True,873433600,937426944,1,0,63,0,IR-COST_attempt0,0,0,0,0
3,,14,0,Conf,TEST,ar,3,12.12,12.12,2.5932256169617176,0.03662588354200125,True,872952832,935329792,6,3,64,0,IR-COST_attempt0,0,0,0,0
3,,14,0,Global,TEST,ar,3,12.12,12.12,2.805793546140194,0.018845089711248875,True,872952832,935329792,6,3,64,0,IR-COST_attempt0,0,0,0,0
3,,14,0,Text,TEST,ar,3,12.12,12.12,2.726772683672607,0.23589598294347525,True,2206979584,2319450112,6,3,64,235,IR-COST_attempt0,0,0,0,0
3,,14,1,B5,TEST,ar,3,12.12,12.12,1.3296529008075595,0.7790394779294729,True,873433600,937426944,1,0,63,0,IR-COST_attempt0,0,0,0,0
3,,14,1,Conf,TEST,ar,3,12.12,12.12,2.5999785810709,0.05198100861161947,True,872952832,935329792,6,3,64,0,IR-COST_attempt0,0,0,0,0
3,,14,1,Global,TEST,ar,3,12.12,12.12,2.7324670925736427,0.01874422375112772,True,872952832,935329792,6,3,64,0,IR-COST_attempt0,0,0,0,0
3,,14,1,Text,TEST,ar,3,12.12,12.12,2.721773451194167,0.23407930694520473,True,2206979584,2319450112,6,3,64,235,IR-COST_attempt0,0,1,0,18904.0
3,,14,1,Text+Global,TEST,ar,3,12.12,12.12,3.0050501972436905,0.021173257380723953,True,2206979584,2319450112,6,3,64,235,IR-COST_attempt0,1,1,18904.0,18972.0
3,,14,2,Conf,TEST,ar,3,12.12,12.12,2.6850820956751704,0.7826473228633404,True,872952832,935329792,6,3,64,0,IR-COST_attempt0,1,1,18972.0,19112.0
3,,14,2,Global,TEST,ar,3,12.12,12.12,3.477203967049718,0.028020928613841534,True,872952832,935329792,6,3,64,0,IR-COST_attempt0,1,1,19112.0,27898.0
3,,14,2,Text,TEST,ar,3,12.12,12.12,4.851493832655251,0.505729760043323,True,2206979584,2319450112,6,3,64,235,IR-COST_attempt0,1,1,27898.0,27898.0
3,,14,2,Text+Global,TEST,ar,3,12.12,12.12,5.03812668658793,0.022625653073191643,True,2206979584,2319450112,6,3,64,235,IR-COST_attempt0,1,1,27898.0,27898.0
3,,14,2,B5,TEST,ar,3,12.12,12.12,2.0723352152854204,0.7663886481896043,True,873433600,937426944,1,0,63,0,IR-COST_attempt0,1,1,27898.0,27898.0
3,,15,0,B5,TEST,ar,3,11.34,11.34,2.1908222986385226,0.021780598908662796,True,873433600,939524096,1,0,67,0,IR-COST_attempt0,1,1,27898.0,27898.0
3,,15,0,Conf,TEST,ar,3,11.34,11.34,4.240676208399236,0.022495537996292114,True,872952832,939524096,4,0,67,0,IR-COST_attempt0,1,1,27898.0,27898.0
3,,15,0,Global,TEST,ar,3,11.34,11.34,4.369540889747441,0.021408261731266975,True,872952832,939524096,4,0,67,0,IR-COST_attempt0,1,1,27898.0,27898.0
3,,15,0,Text,TEST,ar,3,11.34,11.34,4.79039691016078,0.490204936824739,True,2206979584,2323644416,4,0,67,163,IR-COST_attempt0,1,1,27898.0,27898.0
3,,15,0,Text+Global,TEST,ar,3,11.34,11.34,3.62476250808686,0.022280325181782246,True,2206979584,2323644416,4,0,67,163,IR-COST_attempt0,1,1,27898.0,32236.0
3,,15,1,Conf,TEST,ar,3,11.34,11.34,3.390224381349981,0.9892982728779316,True,872952832,939524096,4,0,67,0,IR-COST_attempt0,1,1,32382.0,32406.0
3,,15,1,Global,TEST,ar,3,11.34,11.34,3.633993573486805,0.019033854827284813,True,872952832,939524096,4,0,67,0,IR-COST_attempt0,1,1,32406.0,32530.0
3,,15,1,Text,TEST,ar,3,11.34,11.34,3.487686731852591,0.3394956039264798,True,2206979584,2323644416,4,0,67,163,IR-COST_attempt0,1,1,32446.0,32486.0
3,,15,1,Text+Global,TEST,ar,3,11.34,11.34,3.4969382230192423,0.020598720759153366,True,2206979584,2323644416,4,0,67,163,IR-COST_attempt0,1,1,32572.0,32596.0
3,,15,1,B5,TEST,ar,3,11.34,11.34,1.6221978552639484,0.7943805539980531,True,873433600,939524096,1,0,67,0,IR-COST_attempt0,1,1,32556.0,32616.0
3,,15,2,Global,TEST,ar,3,11.34,11.34,3.0670191841199994,0.020160283893346786,True,872952832,939524096,4,0,67,0,IR-COST_attempt0,1,1,32616.0,32634.0
3,,15,2,Text,TEST,ar,3,11.34,11.34,2.8154915934428573,0.2575631430372596,True,2206979584,2323644416,4,0,67,163,IR-COST_attempt0,1,1,32640.0,32652.0
3,,15,2,Text+Global,TEST,ar,3,11.34,11.34,2.8916466115042567,0.021808920428156853,True,2206979584,2323644416,4,0,67,163,IR-COST_attempt0,1,1,32652.0,32652.0
3,,15,2,B5,TEST,ar,3,11.34,11.34,1.4144568340852857,0.8088810350745916,True,873433600,939524096,1,0,67,0,IR-COST_attempt0,1,1,32652.0,32652.0
3,,15,2,Conf,TEST,ar,3,11.34,11.34,2.6987953521311283,0.019594592042267323,True,872952832,939524096,4,0,67,0,IR-COST_attempt0,1,1,32652.0,32652.0
3,,16,0,Conf,TEST,ar,4,23.76,23.76,4.6182091711089015,0.01899033598601818,True,872952832,998244352,3,1,118,0,IR-COST_attempt0,1,1,32652.0,32652.0
3,,16,0,Global,TEST,ar,4,23.76,23.76,4.707512692548335,0.021062477491796017,True,872952832,998244352,3,1,118,0,IR-COST_attempt0,1,1,32652.0,32652.0
3,,16,0,Text,TEST,ar,4,23.76,23.76,4.732025186531246,0.23060348350554705,True,2206979584,2382364672,3,1,118,205,IR-COST_attempt0,1,1,32652.0,32652.0
3,,16,0,Text+Global,TEST,ar,4,23.76,23.76,4.795521824620664,0.022122621536254883,True,2206979584,2382364672,3,1,118,205,IR-COST_attempt0,1,1,32652.0,32652.0
3,,16,0,B5,TEST,ar,4,23.76,23.76,2.4616983737796545,0.8266116874292493,True,873433600,947912704,1,0,119,0,IR-COST_attempt0,1,1,32652.0,32652.0
3,,16,1,Global,TEST,ar,4,23.76,23.76,4.694191055372357,0.019491108134388924,True,872952832,998244352,3,1,118,0,IR-COST_attempt0,1,1,32652.0,32652.0
3,,16,1,Text,TEST,ar,4,23.76,23.76,4.719646419398487,0.2300065765157342,True,2206979584,2382364672,3,1,118,205,IR-COST_attempt0,1,1,32652.0,32652.0
3,,16,1,Text+Global,TEST,ar,4,23.76,23.76,4.7731485310941935,0.05474442709237337,True,2206979584,2382364672,3,1,118,205,IR-COST_attempt0,1,1,32652.0,32652.0
3,,16,1,B5,TEST,ar,4,23.76,23.76,2.458387956954539,0.7762653902173042,True,873433600,947912704,1,0,119,0,IR-COST_attempt0,1,1,32652.0,32652.0
3,,16,1,Conf,TEST,ar,4,23.76,23.76,4.618865995667875,0.03177413530647755,True,872952832,998244352,3,1,118,0,IR-COST_attempt0,1,1,32652.0,32652.0
3,,16,2,Text,TEST,ar,4,23.76,23.76,4.746932591311634,0.21468329057097435,True,2206979584,2382364672,3,1,118,205,IR-COST_attempt0,1,1,32652.0,32652.0
3,,16,2,Text+Global,TEST,ar,4,23.76,23.76,4.801517786458135,0.022113007493317127,True,2206979584,2382364672,3,1,118,205,IR-COST_attempt0,1,1,32652.0,32652.0
3,,16,2,B5,TEST,ar,4,23.76,23.76,2.459755544550717,0.8088610889390111,True,873433600,947912704,1,0,119,0,IR-COST_attempt0,1,1,32652.0,32652.0
3,,16,2,Conf,TEST,ar,4,23.76,23.76,4.628152962774038,0.022260264493525028,True,872952832,998244352,3,1,118,0,IR-COST_attempt0,1,1,32652.0,32652.0
3,,16,2,Global,TEST,ar,4,23.76,23.76,4.70075176935643,0.02642843686044216,True,872952832,998244352,3,1,118,0,IR-COST_attempt0,1,1,32652.0,32652.0
3,,17,0,Global,TEST,ar,4,15.84,15.84,3.4146805852651596,0.02090564649552107,True,872952832,939524096,4,1,82,0,IR-COST_attempt0,1,1,32652.0,32652.0
3,,17,0,Text,TEST,ar,4,15.84,15.84,3.440233158878982,0.22773761861026287,True,2206979584,2323644416,4,1,82,186,IR-COST_attempt0,1,1,32652.0,32652.0
3,,17,0,Text+Global,TEST,ar,4,15.84,15.84,3.4640098232775927,0.020305313169956207,True,2206979584,2323644416,4,1,82,186,IR-COST_attempt0,1,1,32652.0,32652.0
3,,17,0,B5,TEST,ar,4,15.84,15.84,1.7375286584720016,0.7527354331687093,True,873433600,941621248,1,0,84,0,IR-COST_attempt0,1,1,32652.0,32652.0
3,,17,0,Conf,TEST,ar,4,15.84,15.84,4.643811420537531,0.019094076938927174,True,872952832,939524096,4,1,82,0,IR-COST_attempt0,1,1,32652.0,33834.0
3,,17,1,Text,TEST,ar,4,15.84,15.84,5.28852011449635,0.47286272794008255,True,2206979584,2323644416,4,1,82,186,IR-COST_attempt0,1,1,33834.0,33834.0
3,,17,1,Text+Global,TEST,ar,4,15.84,15.84,5.677946529351175,0.02066735364496708,True,2206979584,2323644416,4,1,82,186,IR-COST_attempt0,1,1,33834.0,33834.0
3,,17,1,B5,TEST,ar,4,15.84,15.84,2.670872555114329,0.7613236866891384,True,873433600,941621248,1,0,84,0,IR-COST_attempt0,1,1,33834.0,33834.0
3,,17,1,Conf,TEST,ar,4,15.84,15.84,5.029274667613208,0.02146888989955187,True,872952832,939524096,4,1,82,0,IR-COST_attempt0,1,1,33834.0,33834.0
3,,17,1,Global,TEST,ar,4,15.84,15.84,5.219679030589759,0.019368646666407585,True,872952832,939524096,4,1,82,0,IR-COST_attempt0,1,1,33834.0,33834.0
3,,17,2,Text+Global,TEST,ar,4,15.84,15.84,5.201180372387171,0.4854133017361164,True,2206979584,2323644416,4,1,82,186,IR-COST_attempt0,1,1,33834.0,33834.0
3,,17,2,B5,TEST,ar,4,15.84,15.84,2.5238086357712746,0.7561135897412896,True,873433600,941621248,1,0,84,0,IR-COST_attempt0,1,1,33834.0,33834.0
3,,17,2,Conf,TEST,ar,4,15.84,15.84,5.091548056341708,0.021815315820276737,True,872952832,939524096,4,1,82,0,IR-COST_attempt0,1,1,33834.0,33834.0
3,,17,2,Global,TEST,ar,4,15.84,15.84,5.048210304230452,0.021463947370648384,True,872952832,939524096,4,1,82,0,IR-COST_attempt0,1,1,33834.0,33834.0
3,,17,2,Text,TEST,ar,4,15.84,15.84,5.5617975275963545,0.49195737950503826,True,2206979584,2323644416,4,1,82,186,IR-COST_attempt0,1,1,33834.0,33834.0
3,,18,0,Text,TEST,ar,4,14.82,14.82,2.928743325173855,0.020464910194277763,True,2206979584,2413821952,5,1,45,132,IR-COST_attempt0,1,1,33834.0,33834.0
3,,18,0,Text+Global,TEST,ar,4,14.82,14.82,3.109221236780286,0.06390113476663828,True,2206979584,2413821952,5,0,45,132,IR-COST_attempt0,1,1,33834.0,33834.0
3,,18,0,B5,TEST,ar,4,14.82,14.82,1.3501250138506293,0.7563125723972917,True,873433600,935329792,1,0,45,0,IR-COST_attempt0,1,1,33834.0,33834.0
3,,18,0,Conf,TEST,ar,4,14.82,14.82,2.6933237025514245,0.03102999646216631,True,872952832,933232640,5,0,45,0,IR-COST_attempt0,1,1,33834.0,33834.0
3,,18,0,Global,TEST,ar,4,14.82,14.82,3.1317596593871713,0.019107608124613762,True,872952832,933232640,5,0,45,0,IR-COST_attempt0,1,1,33834.0,33834.0
3,,18,1,Text+Global,TEST,ar,4,14.82,14.82,3.388509741052985,0.4439461771398783,True,2206979584,2413821952,5,0,45,132,IR-COST_attempt0,1,1,33834.0,33834.0
3,,18,1,B5,TEST,ar,4,14.82,14.82,1.4232857674360275,0.7796507906168699,True,873433600,935329792,1,0,45,0,IR-COST_attempt0,1,1,33834.0,34194.0
3,,18,1,Conf,TEST,ar,4,14.82,14.82,2.9778687059879303,0.021855809725821018,True,872952832,933232640,5,0,45,0,IR-COST_attempt0,1,1,34194.0,34194.0
3,,18,1,Global,TEST,ar,4,14.82,14.82,3.135578160174191,0.05592617578804493,True,872952832,933232640,5,0,45,0,IR-COST_attempt0,1,1,34194.0,34194.0
3,,18,1,Text,TEST,ar,4,14.82,14.82,3.1485996656119823,0.5624888800084591,True,2206979584,2413821952,5,1,45,132,IR-COST_attempt0,1,1,34194.0,34194.0
3,,18,2,B5,TEST,ar,4,14.82,14.82,1.350486719980836,0.7861580653116107,True,873433600,935329792,1,0,45,0,IR-COST_attempt0,1,1,34194.0,34194.0
3,,18,2,Conf,TEST,ar,4,14.82,14.82,2.8160430463030934,0.018900804221630096,True,872952832,933232640,5,0,45,0,IR-COST_attempt0,1,1,34194.0,34194.0
3,,18,2,Global,TEST,ar,4,14.82,14.82,2.9533885372802615,0.04504134226590395,True,872952832,933232640,5,0,45,0,IR-COST_attempt0,1,1,34194.0,34194.0
3,,18,2,Text,TEST,ar,4,14.82,14.82,3.1950410436838865,0.4412850942462683,True,2206979584,2413821952,5,1,45,132,IR-COST_attempt0,1,1,34194.0,34194.0
3,,18,2,Text+Global,TEST,ar,4,14.82,14.82,3.317604728974402,0.02630488108843565,True,2206979584,2413821952,5,0,45,132,IR-COST_attempt0,1,1,34194.0,34194.0
3,,19,0,Text+Global,TEST,ar,4,19.08,19.08,7.091443250887096,0.023010139353573322,True,2206979584,2332033024,2,0,110,118,IR-COST_attempt0,1,1,34194.0,34194.0
3,,19,0,B5,TEST,ar,4,19.08,19.08,3.3807414062321186,0.7694255709648132,True,873433600,947912704,1,0,110,0,IR-COST_attempt0,1,1,34194.0,34194.0
3,,19,0,Conf,TEST,ar,4,19.08,19.08,6.665644726715982,0.022199859842658043,True,872952832,947912704,2,0,110,0,IR-COST_attempt0,1,1,34194.0,34194.0
3,,19,0,Global,TEST,ar,4,19.08,19.08,6.642230160534382,0.024772395379841328,True,872952832,947912704,2,0,110,0,IR-COST_attempt0,1,1,34194.0,34194.0
3,,19,0,Text,TEST,ar,4,19.08,19.08,6.537470819428563,0.45875492971390486,True,2206979584,2332033024,2,0,110,118,IR-COST_attempt0,1,1,34194.0,34194.0
3,,19,1,B5,TEST,ar,4,19.08,19.08,3.4256133697927,0.8197270687669516,True,873433600,947912704,1,0,110,0,IR-COST_attempt0,1,1,34194.0,34194.0
3,,19,1,Conf,TEST,ar,4,19.08,19.08,6.295058481395245,0.02289036475121975,True,872952832,947912704,2,0,110,0,IR-COST_attempt0,1,1,34194.0,34194.0
3,,19,1,Global,TEST,ar,4,19.08,19.08,6.16251662466675,0.020902257412672043,True,872952832,947912704,2,0,110,0,IR-COST_attempt0,1,1,34194.0,34194.0
3,,19,1,Text,TEST,ar,4,19.08,19.08,6.456849339418113,0.6157942246645689,True,2206979584,2332033024,2,0,110,118,IR-COST_attempt0,1,1,34194.0,34194.0
3,,19,1,Text+Global,TEST,ar,4,19.08,19.08,6.710709918290377,0.021511336788535118,True,2206979584,2332033024,2,0,110,118,IR-COST_attempt0,1,1,34194.0,34194.0
3,,19,2,Conf,TEST,ar,4,19.08,19.08,6.323714806698263,0.8209400177001953,True,872952832,947912704,2,0,110,0,IR-COST_attempt0,1,1,34194.0,34194.0
3,,19,2,Global,TEST,ar,4,19.08,19.08,6.375463022850454,0.02174522913992405,True,872952832,947912704,2,0,110,0,IR-COST_attempt0,1,1,34194.0,34194.0
3,,19,2,Text,TEST,ar,4,19.08,19.08,6.776930900290608,0.5078094555065036,True,2206979584,2332033024,2,0,110,118,IR-COST_attempt0,1,1,34194.0,34194.0
3,,19,2,Text+Global,TEST,ar,4,19.08,19.08,6.68072372302413,0.021166915073990822,True,2206979584,2332033024,2,0,110,118,IR-COST_attempt0,1,1,34194.0,34194.0
3,,19,2,B5,TEST,ar,4,19.08,19.08,3.232717585749924,0.7683776933699846,True,873433600,947912704,1,0,110,0,IR-COST_attempt0,1,1,34194.0,34194.0
3,,20,0,B5,TEST,fa,0,10.8,10.8,2.008647353388369,0.02341528795659542,True,873433600,937426944,1,0,61,0,IR-COST_attempt0,1,1,34194.0,34194.0
3,,20,0,Conf,TEST,fa,0,10.8,10.8,3.873478808440268,0.019245396368205547,True,872952832,935329792,5,0,61,0,IR-COST_attempt0,1,1,34194.0,34194.0
3,,20,0,Global,TEST,fa,0,10.8,10.8,3.9703782787546515,0.021415763534605503,True,872952832,935329792,5,0,61,0,IR-COST_attempt0,1,1,34194.0,34194.0
3,,20,0,Text,TEST,fa,0,10.8,10.8,4.018528302200139,0.48957244120538235,True,2206979584,2311061504,5,1,60,141,IR-COST_attempt0,1,1,34194.0,34194.0
3,,20,0,Text+Global,TEST,fa,0,10.8,10.8,4.242211800999939,0.028332442045211792,True,2206979584,2311061504,5,1,60,141,IR-COST_attempt0,1,1,34194.0,34194.0
3,,20,1,Conf,TEST,fa,0,10.8,10.8,3.8522531520575285,0.7723298342898488,True,872952832,935329792,5,0,61,0,IR-COST_attempt0,1,1,34194.0,34194.0
3,,20,1,Global,TEST,fa,0,10.8,10.8,3.72550009470433,0.020258469507098198,True,872952832,935329792,5,0,61,0,IR-COST_attempt0,1,1,34194.0,34194.0
3,,20,1,Text,TEST,fa,0,10.8,10.8,4.25374707300216,0.5011848406866193,True,2206979584,2311061504,5,1,60,141,IR-COST_attempt0,1,1,34194.0,34194.0
3,,20,1,Text+Global,TEST,fa,0,10.8,10.8,4.379785535857081,0.032785674557089806,True,2206979584,2311061504,5,1,60,141,IR-COST_attempt0,1,1,34194.0,34194.0
3,,20,1,B5,TEST,fa,0,10.8,10.8,2.0213035587221384,0.7528490917757154,True,873433600,937426944,1,0,61,0,IR-COST_attempt0,1,1,34194.0,34194.0
3,,20,2,Global,TEST,fa,0,10.8,10.8,4.02223427593708,0.0222718957811594,True,872952832,935329792,5,0,61,0,IR-COST_attempt0,1,1,34194.0,34194.0
3,,20,2,Text,TEST,fa,0,10.8,10.8,4.100562863983214,0.41050231270492077,True,2206979584,2311061504,5,1,60,141,IR-COST_attempt0,1,1,34194.0,34194.0
3,,20,2,Text+Global,TEST,fa,0,10.8,10.8,4.117246166802943,0.020290237851440907,True,2206979584,2311061504,5,1,60,141,IR-COST_attempt0,1,1,34194.0,34194.0
3,,20,2,B5,TEST,fa,0,10.8,10.8,1.952864089049399,0.7753679333254695,True,873433600,937426944,1,0,61,0,IR-COST_attempt0,1,1,34194.0,34194.0
3,,20,2,Conf,TEST,fa,0,10.8,10.8,3.7689799955114722,0.03606697544455528,True,872952832,935329792,5,0,61,0,IR-COST_attempt0,1,1,34194.0,34194.0
3,,21,0,Conf,TEST,fa,0,10.44,10.44,4.581751675345004,0.021303728222846985,True,872952832,939524096,4,0,75,0,IR-COST_attempt0,1,1,34194.0,34194.0
3,,21,0,Global,TEST,fa,0,10.44,10.44,4.668437913060188,0.021458094008266926,True,872952832,939524096,4,0,75,0,IR-COST_attempt0,1,1,34194.0,34194.0
3,,21,0,Text,TEST,fa,0,10.44,10.44,4.818066534586251,0.4789681229740381,True,2206979584,2323644416,4,0,75,132,IR-COST_attempt0,1,1,34194.0,34194.0
3,,21,0,Text+Global,TEST,fa,0,10.44,10.44,5.019889704883099,0.02668247278779745,True,2206979584,2323644416,4,0,75,132,IR-COST_attempt0,1,1,34194.0,34194.0
3,,21,0,B5,TEST,fa,0,10.44,10.44,2.214373062364757,0.7454302608966827,True,873433600,941621248,1,0,75,0,IR-COST_attempt0,1,1,34194.0,34194.0
3,,21,1,Global,TEST,fa,0,10.44,10.44,4.589647309854627,0.019365829415619373,True,872952832,939524096,4,0,75,0,IR-COST_attempt0,1,1,34194.0,34194.0
3,,21,1,Text,TEST,fa,0,10.44,10.44,4.722380577586591,0.5069210743531585,True,2206979584,2323644416,4,0,75,132,IR-COST_attempt0,1,1,34194.0,34194.0
3,,21,1,Text+Global,TEST,fa,0,10.44,10.44,5.15133186429739,0.02072554174810648,True,2206979584,2323644416,4,0,75,132,IR-COST_attempt0,1,1,34194.0,34194.0
3,,21,1,B5,TEST,fa,0,10.44,10.44,2.30563648045063,0.7598216747865081,True,873433600,941621248,1,0,75,0,IR-COST_attempt0,1,1,34194.0,34194.0
3,,21,1,Conf,TEST,fa,0,10.44,10.44,4.245956072583795,0.04815300554037094,True,872952832,939524096,4,0,75,0,IR-COST_attempt0,1,1,34194.0,34194.0
3,,21,2,Text,TEST,fa,0,10.44,10.44,4.863504220731556,0.42186582274734974,True,2206979584,2323644416,4,0,75,132,IR-COST_attempt0,1,1,34194.0,34194.0
3,,21,2,Text+Global,TEST,fa,0,10.44,10.44,5.181102772243321,0.023711600340902805,True,2206979584,2323644416,4,0,75,132,IR-COST_attempt0,1,1,34194.0,34194.0
3,,21,2,B5,TEST,fa,0,10.44,10.44,2.359578501433134,0.7481929864734411,True,873433600,941621248,1,0,75,0,IR-COST_attempt0,1,1,34194.0,34194.0
3,,21,2,Conf,TEST,fa,0,10.44,10.44,4.541321416385472,0.02165220957249403,True,872952832,939524096,4,0,75,0,IR-COST_attempt0,1,1,34194.0,34194.0
3,,21,2,Global,TEST,fa,0,10.44,10.44,4.360414719209075,0.019263812340795994,True,872952832,939524096,4,0,75,0,IR-COST_attempt0,1,1,34194.0,34194.0
3,,22,0,Global,TEST,fa,0,9.66,9.66,3.005071091465652,0.01920246798545122,True,872952832,933232640,4,0,47,0,IR-COST_attempt0,1,1,34194.0,34194.0
3,,22,0,Text,TEST,fa,0,9.66,9.66,3.143050610087812,0.4226517155766487,True,2206979584,2302672896,4,0,47,97,IR-COST_attempt0,1,1,34194.0,34194.0
3,,22,0,Text+Global,TEST,fa,0,9.66,9.66,3.343674970790744,0.02224823087453842,True,2206979584,2302672896,4,0,47,97,IR-COST_attempt0,1,1,34194.0,34194.0
3,,22,0,B5,TEST,fa,0,9.66,9.66,1.5679649729281664,0.7465539956465364,True,873433600,935329792,1,0,47,0,IR-COST_attempt0,1,1,34194.0,34194.0
3,,22,0,Conf,TEST,fa,0,9.66,9.66,2.9192021377384663,0.049942522309720516,True,872952832,933232640,4,0,47,0,IR-COST_attempt0,1,1,34194.0,34194.0
3,,22,1,Text,TEST,fa,0,9.66,9.66,3.1732111517339945,0.4767998466268182,True,2206979584,2302672896,4,0,47,97,IR-COST_attempt0,1,1,34194.0,34194.0
3,,22,1,Text+Global,TEST,fa,0,9.66,9.66,3.2150749564170837,0.02018176205456257,True,2206979584,2302672896,4,0,47,97,IR-COST_attempt0,1,1,34194.0,34194.0
3,,22,1,B5,TEST,fa,0,9.66,9.66,1.4945330563932657,0.7412087861448526,True,873433600,935329792,1,0,47,0,IR-COST_attempt0,1,1,34194.0,34194.0
3,,22,1,Conf,TEST,fa,0,9.66,9.66,2.9196979431435466,0.019175471737980843,True,872952832,933232640,4,0,47,0,IR-COST_attempt0,1,1,34194.0,34194.0
3,,22,1,Global,TEST,fa,0,9.66,9.66,2.988146181218326,0.019128380343317986,True,872952832,933232640,4,0,47,0,IR-COST_attempt0,1,1,34194.0,34194.0
3,,22,2,Text+Global,TEST,fa,0,9.66,9.66,3.1985223619267344,0.42686038836836815,True,2206979584,2302672896,4,0,47,97,IR-COST_attempt0,1,1,34194.0,34194.0
3,,22,2,B5,TEST,fa,0,9.66,9.66,1.5924925450235605,0.7578861843794584,True,873433600,935329792,1,0,47,0,IR-COST_attempt0,1,1,34194.0,34194.0
3,,22,2,Conf,TEST,fa,0,9.66,9.66,3.1504480484873056,0.022208210080862045,True,872952832,933232640,4,0,47,0,IR-COST_attempt0,1,1,34194.0,34194.0
3,,22,2,Global,TEST,fa,0,9.66,9.66,3.1021113209426403,0.021545984782278538,True,872952832,933232640,4,0,47,0,IR-COST_attempt0,1,1,34194.0,34194.0
3,,22,2,Text,TEST,fa,0,9.66,9.66,3.075866525992751,0.4440285451710224,True,2206979584,2302672896,4,0,47,97,IR-COST_attempt0,1,1,34194.0,34194.0
3,,23,0,Text,TEST,fa,0,10.68,10.68,3.1830332716926932,0.019998311065137386,True,2206979584,2302672896,6,0,47,149,IR-COST_attempt0,1,1,34194.0,34194.0
3,,23,0,Text+Global,TEST,fa,0,10.68,10.68,3.3815501322969794,0.020043673925101757,True,2206979584,2302672896,6,0,47,149,IR-COST_attempt0,1,1,34194.0,34194.0
3,,23,0,B5,TEST,fa,0,10.68,10.68,1.4962774813175201,0.7516583455726504,True,873433600,935329792,1,0,47,0,IR-COST_attempt0,1,1,34194.0,34194.0
3,,23,0,Conf,TEST,fa,0,10.68,10.68,2.924755573272705,0.02601796295493841,True,872952832,933232640,6,0,47,0,IR-COST_attempt0,1,1,34194.0,34194.0
3,,23,0,Global,TEST,fa,0,10.68,10.68,3.0909759365022182,0.01981440745294094,True,872952832,933232640,6,0,47,0,IR-COST_attempt0,1,1,34194.0,34194.0
3,,23,1,Text+Global,TEST,fa,0,10.68,10.68,3.3769927294924855,0.4426963431760669,True,2206979584,2302672896,6,0,47,149,IR-COST_attempt0,1,1,34194.0,34194.0
3,,23,1,B5,TEST,fa,0,10.68,10.68,1.6239985022693872,0.7553661651909351,True,873433600,935329792,1,0,47,0,IR-COST_attempt0,1,1,34194.0,34194.0
3,,23,1,Conf,TEST,fa,0,10.68,10.68,3.183154445141554,0.02259544562548399,True,872952832,933232640,6,0,47,0,IR-COST_attempt0,1,1,34194.0,34194.0
3,,23,1,Global,TEST,fa,0,10.68,10.68,3.175719459541142,0.02129240892827511,True,872952832,933232640,6,0,47,0,IR-COST_attempt0,1,1,34194.0,34194.0
3,,23,1,Text,TEST,fa,0,10.68,10.68,3.313328622840345,0.47577478364109993,True,2206979584,2302672896,6,0,47,149,IR-COST_attempt0,1,1,34194.0,34194.0
3,,23,2,B5,TEST,fa,0,10.68,10.68,1.6089813532307744,0.7492983499541879,True,873433600,935329792,1,0,47,0,IR-COST_attempt0,1,1,34194.0,34194.0
3,,23,2,Conf,TEST,fa,0,10.68,10.68,2.9885479183867574,0.048346773721277714,True,872952832,933232640,6,0,47,0,IR-COST_attempt0,1,1,34194.0,34194.0
3,,23,2,Global,TEST,fa,0,10.68,10.68,3.0922083063051105,0.02809175942093134,True,872952832,933232640,6,0,47,0,IR-COST_attempt0,1,1,34194.0,34194.0
3,,23,2,Text,TEST,fa,0,10.68,10.68,3.6020053662359715,0.48520136903971434,True,2206979584,2302672896,6,0,47,149,IR-COST_attempt0,1,1,34194.0,34194.0
3,,23,2,Text+Global,TEST,fa,0,10.68,10.68,3.7831206331029534,0.02260465268045664,True,2206979584,2302672896,6,0,47,149,IR-COST_attempt0,1,1,34194.0,34194.0
3,,24,0,Text+Global,TEST,fa,1,12.0,12.0,4.0482841758057475,0.04088850412517786,True,2206979584,2315255808,5,4,61,148,IR-COST_attempt0,1,1,34194.0,34194.0
3,,24,0,B5,TEST,fa,1,12.0,12.0,1.7789523797109723,0.7487725466489792,True,873433600,937426944,1,0,61,0,IR-COST_attempt0,1,1,34194.0,34194.0
3,,24,0,Conf,TEST,fa,1,12.0,12.0,3.490124716423452,0.019199919886887074,True,872952832,935329792,5,4,61,0,IR-COST_attempt0,1,1,34194.0,34194.0
3,,24,0,Global,TEST,fa,1,12.0,12.0,3.6577931633219123,0.019097820855677128,True,872952832,935329792,5,4,61,0,IR-COST_attempt0,1,1,34194.0,34194.0
3,,24,0,Text,TEST,fa,1,12.0,12.0,3.845421594567597,0.43109012488275766,True,2206979584,2315255808,5,4,61,148,IR-COST_attempt0,1,1,34194.0,34194.0
3,,24,1,B5,TEST,fa,1,12.0,12.0,1.8024586336687207,0.7443303177133203,True,873433600,937426944,1,0,61,0,IR-COST_attempt0,1,1,34194.0,34194.0
3,,24,1,Conf,TEST,fa,1,12.0,12.0,3.8064602576196194,0.019215039908885956,True,872952832,935329792,5,4,61,0,IR-COST_attempt0,1,1,34194.0,34194.0
3,,24,1,Global,TEST,fa,1,12.0,12.0,3.9175603119656444,0.018058637157082558,True,872952832,935329792,5,4,61,0,IR-COST_attempt0,1,1,34194.0,34194.0
3,,24,1,Text,TEST,fa,1,12.0,12.0,3.789887915365398,0.435172775760293,True,2206979584,2315255808,5,4,61,148,IR-COST_attempt0,1,1,34194.0,34194.0
3,,24,1,Text+Global,TEST,fa,1,12.0,12.0,4.400873902253807,0.021716078743338585,True,2206979584,2315255808,5,4,61,148,IR-COST_attempt0,1,1,34194.0,34194.0
3,,24,2,Conf,TEST,fa,1,12.0,12.0,3.787707408890128,0.7667101938277483,True,872952832,935329792,5,4,61,0,IR-COST_attempt0,1,1,34194.0,34194.0
3,,24,2,Global,TEST,fa,1,12.0,12.0,3.92470264993608,0.01896148268133402,True,872952832,935329792,5,4,61,0,IR-COST_attempt0,1,1,34194.0,34194.0
3,,24,2,Text,TEST,fa,1,12.0,12.0,4.122585674747825,0.423148144967854,True,2206979584,2315255808,5,4,61,148,IR-COST_attempt0,1,1,34194.0,34194.0
3,,24,2,Text+Global,TEST,fa,1,12.0,12.0,4.178641184233129,0.020702777430415154,True,2206979584,2315255808,5,4,61,148,IR-COST_attempt0,1,1,34194.0,34194.0
3,,24,2,B5,TEST,fa,1,12.0,12.0,1.9281439501792192,0.7466478003188968,True,873433600,937426944,1,0,61,0,IR-COST_attempt0,1,1,34194.0,34194.0
3,,25,0,B5,TEST,fa,1,12.6,12.6,1.3886942397803068,0.020221262238919735,True,873433600,935329792,1,0,45,0,IR-COST_attempt0,1,1,34194.0,34194.0
3,,25,0,Conf,TEST,fa,1,12.6,12.6,2.774626943282783,0.04715517535805702,True,872952832,933232640,4,0,45,0,IR-COST_attempt0,1,1,34194.0,34194.0
3,,25,0,Global,TEST,fa,1,12.6,12.6,3.067581806331873,0.021352804265916348,True,872952832,933232640,4,1,46,0,IR-COST_attempt0,1,1,34194.0,34194.0
3,,25,0,Text,TEST,fa,1,12.6,12.6,2.900985637679696,0.4457734990864992,True,2206979584,2252341248,4,3,46,80,IR-COST_attempt0,1,1,34194.0,34194.0
3,,25,0,Text+Global,TEST,fa,1,12.6,12.6,3.2932327361777425,0.019922487437725067,True,2206979584,2252341248,4,3,46,80,IR-COST_attempt0,1,1,34194.0,34194.0
3,,25,1,Conf,TEST,fa,1,12.6,12.6,2.7204682240262628,0.7387527488172054,True,872952832,933232640,4,0,45,0,IR-COST_attempt0,1,1,34194.0,34194.0
3,,25,1,Global,TEST,fa,1,12.6,12.6,3.1371535900980234,0.05198858957737684,True,872952832,933232640,4,1,46,0,IR-COST_attempt0,1,1,34194.0,34194.0
3,,25,1,Text,TEST,fa,1,12.6,12.6,2.8878713762387633,0.4375072568655014,True,2206979584,2252341248,4,3,46,80,IR-COST_attempt0,1,1,34194.0,34194.0
3,,25,1,Text+Global,TEST,fa,1,12.6,12.6,3.0318356109783053,0.043332439847290516,True,2206979584,2252341248,4,3,46,80,IR-COST_attempt0,1,1,34194.0,34194.0
3,,25,1,B5,TEST,fa,1,12.6,12.6,1.3998982850462198,0.7444778913632035,True,873433600,935329792,1,0,45,0,IR-COST_attempt0,1,1,34194.0,34194.0
3,,25,2,Global,TEST,fa,1,12.6,12.6,2.8598075984045863,0.04652393888682127,True,872952832,933232640,4,1,46,0,IR-COST_attempt0,1,1,34194.0,34194.0
3,,25,2,Text,TEST,fa,1,12.6,12.6,2.889414632692933,0.4431345295161009,True,2206979584,2252341248,4,3,46,80,IR-COST_attempt0,1,1,34194.0,34194.0
3,,25,2,Text+Global,TEST,fa,1,12.6,12.6,3.0353082669898868,0.018609734252095222,True,2206979584,2252341248,4,3,46,80,IR-COST_attempt0,1,1,34194.0,34194.0
3,,25,2,B5,TEST,fa,1,12.6,12.6,1.4714436661452055,0.7437544018030167,True,873433600,935329792,1,0,45,0,IR-COST_attempt0,1,1,34194.0,34194.0
3,,25,2,Conf,TEST,fa,1,12.6,12.6,2.973312417976558,0.02139412146061659,True,872952832,933232640,4,0,45,0,IR-COST_attempt0,1,1,34194.0,34194.0
3,,26,0,Conf,TEST,fa,1,12.96,12.96,3.7141726734116673,0.020888052880764008,True,872952832,935329792,5,0,59,0,IR-COST_attempt0,1,1,34194.0,34194.0
3,,26,0,Global,TEST,fa,1,12.96,12.96,3.752634030766785,0.02725735865533352,True,872952832,935329792,5,1,59,0,IR-COST_attempt0,1,1,34194.0,34194.0
3,,26,0,Text,TEST,fa,1,12.96,12.96,4.154325651936233,0.4975085761398077,True,2206979584,2382364672,5,0,59,154,IR-COST_attempt0,1,1,34194.0,34194.0
3,,26,0,Text+Global,TEST,fa,1,12.96,12.96,4.0205059396103024,0.02513981983065605,True,2206979584,2382364672,5,1,59,154,IR-COST_attempt0,1,1,34194.0,34194.0
3,,26,0,B5,TEST,fa,1,12.96,12.96,1.7760995300486684,0.7513851728290319,True,873433600,937426944,1,0,59,0,IR-COST_attempt0,1,1,34194.0,34194.0
3,,26,1,Global,TEST,fa,1,12.96,12.96,3.9258547220379114,0.020255169831216335,True,872952832,935329792,5,1,59,0,IR-COST_attempt0,1,1,34194.0,34194.0
3,,26,1,Text,TEST,fa,1,12.96,12.96,4.395495837554336,0.44483725540339947,True,2206979584,2382364672,5,0,59,154,IR-COST_attempt0,1,1,34194.0,34194.0
3,,26,1,Text+Global,TEST,fa,1,12.96,12.96,4.437573476694524,0.06546065397560596,True,2206979584,2382364672,5,1,59,154,IR-COST_attempt0,1,1,34194.0,34194.0
3,,26,1,B5,TEST,fa,1,12.96,12.96,1.773024793714285,0.7661188431084156,True,873433600,937426944,1,0,59,0,IR-COST_attempt0,1,1,34194.0,34194.0
3,,26,1,Conf,TEST,fa,1,12.96,12.96,3.4296431355178356,0.019469941034913063,True,872952832,935329792,5,0,59,0,IR-COST_attempt0,1,1,34194.0,34194.0
3,,26,2,Text,TEST,fa,1,12.96,12.96,4.127585348673165,0.44850349240005016,True,2206979584,2382364672,5,0,59,154,IR-COST_attempt0,1,1,34194.0,34194.0
3,,26,2,Text+Global,TEST,fa,1,12.96,12.96,4.215105060487986,0.060789584182202816,True,2206979584,2382364672,5,1,59,154,IR-COST_attempt0,1,1,34194.0,34194.0
3,,26,2,B5,TEST,fa,1,12.96,12.96,1.761522308923304,0.7634489852935076,True,873433600,937426944,1,0,59,0,IR-COST_attempt0,1,1,34194.0,34194.0
3,,26,2,Conf,TEST,fa,1,12.96,12.96,3.54737766738981,0.019181309267878532,True,872952832,935329792,5,0,59,0,IR-COST_attempt0,1,1,34194.0,34194.0
3,,26,2,Global,TEST,fa,1,12.96,12.96,3.925434703938663,0.02163715474307537,True,872952832,935329792,5,1,59,0,IR-COST_attempt0,1,1,34194.0,34194.0
3,,27,0,Global,TEST,fa,1,12.18,12.18,4.198702737689018,0.02136489748954773,True,872952832,939524096,6,2,69,0,IR-COST_attempt0,1,1,34194.0,34194.0
3,,27,0,Text,TEST,fa,1,12.18,12.18,4.670563688501716,0.44363115821033716,True,2206979584,2319450112,6,0,69,182,IR-COST_attempt0,1,1,34194.0,34194.0
3,,27,0,Text+Global,TEST,fa,1,12.18,12.18,4.842496901750565,0.020572640001773834,True,2206979584,2319450112,6,0,69,182,IR-COST_attempt0,1,1,34194.0,34194.0
3,,27,0,B5,TEST,fa,1,12.18,12.18,2.09111410100013,0.7604877278208733,True,873433600,939524096,1,0,69,0,IR-COST_attempt0,1,1,34194.0,34194.0
3,,27,0,Conf,TEST,fa,1,12.18,12.18,4.30636094417423,0.02164545189589262,True,872952832,939524096,6,2,69,0,IR-COST_attempt0,1,1,34194.0,34194.0
3,,27,1,Text,TEST,fa,1,12.18,12.18,4.785989915020764,0.4890241948887706,True,2206979584,2319450112,6,0,69,182,IR-COST_attempt0,1,1,34194.0,34194.0
3,,27,1,Text+Global,TEST,fa,1,12.18,12.18,4.909520228393376,0.020648609846830368,True,2206979584,2319450112,6,0,69,182,IR-COST_attempt0,1,1,34194.0,34194.0
3,,27,1,B5,TEST,fa,1,12.18,12.18,2.1674679405987263,0.765915778465569,True,873433600,939524096,1,0,69,0,IR-COST_attempt0,1,1,34194.0,34194.0
3,,27,1,Conf,TEST,fa,1,12.18,12.18,4.208666401915252,0.020488054491579533,True,872952832,939524096,6,2,69,0,IR-COST_attempt0,1,1,34194.0,34194.0
3,,27,1,Global,TEST,fa,1,12.18,12.18,4.427875739522278,0.01931293774396181,True,872952832,939524096,6,2,69,0,IR-COST_attempt0,1,1,34194.0,34194.0
3,,27,2,Text+Global,TEST,fa,1,12.18,12.18,4.921756989322603,0.4864462036639452,True,2206979584,2319450112,6,0,69,182,IR-COST_attempt0,1,1,34194.0,34194.0
3,,27,2,B5,TEST,fa,1,12.18,12.18,2.106535617262125,0.7687788894400001,True,873433600,939524096,1,0,69,0,IR-COST_attempt0,1,1,34194.0,34194.0
3,,27,2,Conf,TEST,fa,1,12.18,12.18,4.180105607956648,0.02161839697510004,True,872952832,939524096,6,2,69,0,IR-COST_attempt0,1,1,34194.0,34194.0
3,,27,2,Global,TEST,fa,1,12.18,12.18,4.578059173189104,0.021121597848832607,True,872952832,939524096,6,2,69,0,IR-COST_attempt0,1,1,34194.0,34194.0
3,,27,2,Text,TEST,fa,1,12.18,12.18,4.785677534528077,0.4926296677440405,True,2206979584,2319450112,6,0,69,182,IR-COST_attempt0,1,1,34194.0,34194.0
3,,28,0,Text,TEST,fa,2,14.58,14.58,3.6686546746641397,0.02066142950206995,True,2206979584,2311061504,5,0,52,138,IR-COST_attempt0,1,1,34194.0,34194.0
3,,28,0,Text+Global,TEST,fa,2,14.58,14.58,3.6089887898415327,0.022730987519025803,True,2206979584,2311061504,5,0,52,138,IR-COST_attempt0,1,1,34194.0,34194.0
3,,28,0,B5,TEST,fa,2,14.58,14.58,1.6772267278283834,0.7645919248461723,True,873433600,937426944,1,0,52,0,IR-COST_attempt0,1,1,34194.0,34194.0
3,,28,0,Conf,TEST,fa,2,14.58,14.58,3.0104765677824616,0.01926016714423895,True,872952832,935329792,5,0,52,0,IR-COST_attempt0,1,1,34194.0,34194.0
3,,28,0,Global,TEST,fa,2,14.58,14.58,3.4236596981063485,0.02088326308876276,True,872952832,935329792,5,0,52,0,IR-COST_attempt0,1,1,34194.0,34194.0
3,,28,1,Text+Global,TEST,fa,2,14.58,14.58,3.8063586223870516,0.5107104079797864,True,2206979584,2311061504,5,0,52,138,IR-COST_attempt0,1,1,34194.0,34194.0
3,,28,1,B5,TEST,fa,2,14.58,14.58,1.5982489073649049,0.7521393895149231,True,873433600,937426944,1,0,52,0,IR-COST_attempt0,1,1,34194.0,34194.0
3,,28,1,Conf,TEST,fa,2,14.58,14.58,3.023061031475663,0.0191640704870224,True,872952832,935329792,5,0,52,0,IR-COST_attempt0,1,1,34194.0,34194.0
3,,28,1,Global,TEST,fa,2,14.58,14.58,3.1631965963169932,0.01906461827456951,True,872952832,935329792,5,0,52,0,IR-COST_attempt0,1,1,34194.0,34194.0
3,,28,1,Text,TEST,fa,2,14.58,14.58,3.6252100029960275,0.4207122139632702,True,2206979584,2311061504,5,0,52,138,IR-COST_attempt0,1,1,34194.0,34194.0
3,,28,2,B5,TEST,fa,2,14.58,14.58,1.68199675809592,0.7653709212318063,True,873433600,937426944,1,0,52,0,IR-COST_attempt0,1,1,34194.0,34194.0
3,,28,2,Conf,TEST,fa,2,14.58,14.58,3.274968939833343,0.022420083172619343,True,872952832,935329792,5,0,52,0,IR-COST_attempt0,1,1,34194.0,34194.0
3,,28,2,Global,TEST,fa,2,14.58,14.58,3.4471201794221997,0.021642178297042847,True,872952832,935329792,5,0,52,0,IR-COST_attempt0,1,1,34194.0,34194.0
3,,28,2,Text,TEST,fa,2,14.58,14.58,3.470902979373932,0.44002284202724695,True,2206979584,2311061504,5,0,52,138,IR-COST_attempt0,1,1,34194.0,34608.0
3,,28,2,Text+Global,TEST,fa,2,14.58,14.58,3.9422074081376195,0.022089706733822823,True,2206979584,2311061504,5,0,52,138,IR-COST_attempt0,1,1,34608.0,34608.0
3,,29,0,Text+Global,TEST,fa,2,14.94,14.94,4.793055159971118,0.019272008910775185,True,2206979584,2378170368,5,3,72,146,IR-COST_attempt0,1,1,34608.0,34608.0
3,,29,0,B5,TEST,fa,2,14.94,14.94,2.2584158461540937,0.7585959807038307,True,873433600,939524096,1,0,71,0,IR-COST_attempt0,1,1,34608.0,34608.0
3,,29,0,Conf,TEST,fa,2,14.94,14.94,4.132420429028571,0.018642354756593704,True,872952832,939524096,5,0,71,0,IR-COST_attempt0,1,1,34608.0,34608.0
3,,29,0,Global,TEST,fa,2,14.94,14.94,4.461210837587714,0.019982483237981796,True,872952832,939524096,5,0,71,0,IR-COST_attempt0,1,1,34608.0,34608.0
3,,29,0,Text,TEST,fa,2,14.94,14.94,4.670691873878241,0.484663643874228,True,2206979584,2378170368,5,3,72,146,IR-COST_attempt0,1,1,34608.0,34608.0
3,,29,1,B5,TEST,fa,2,14.94,14.94,2.0931145660579205,0.7804740350693464,True,873433600,939524096,1,0,71,0,IR-COST_attempt0,1,1,34608.0,34608.0
3,,29,1,Conf,TEST,fa,2,14.94,14.94,4.419114958494902,0.019232943654060364,True,872952832,939524096,5,0,71,0,IR-COST_attempt0,1,1,34608.0,34608.0
3,,29,1,Global,TEST,fa,2,14.94,14.94,4.513292286545038,0.14455100893974304,True,872952832,939524096,5,0,71,0,IR-COST_attempt0,1,1,34608.0,34608.0
3,,29,1,Text,TEST,fa,2,14.94,14.94,4.727620370686054,0.6189194517210126,True,2206979584,2378170368,5,3,72,146,IR-COST_attempt0,1,1,34608.0,34608.0
3,,29,1,Text+Global,TEST,fa,2,14.94,14.94,4.450551584362984,0.03492387570440769,True,2206979584,2378170368,5,3,72,146,IR-COST_attempt0,1,1,34608.0,34608.0
3,,29,2,Conf,TEST,fa,2,14.94,14.94,4.279713821597397,0.7525502666831017,True,872952832,939524096,5,0,71,0,IR-COST_attempt0,1,1,34608.0,34608.0
3,,29,2,Global,TEST,fa,2,14.94,14.94,4.5331906182691455,0.021689143031835556,True,872952832,939524096,5,0,71,0,IR-COST_attempt0,1,1,34608.0,34608.0
3,,29,2,Text,TEST,fa,2,14.94,14.94,4.794238276779652,0.43843861762434244,True,2206979584,2378170368,5,3,72,146,IR-COST_attempt0,1,1,34608.0,34608.0
3,,29,2,Text+Global,TEST,fa,2,14.94,14.94,4.966309287585318,0.025637551210820675,True,2206979584,2378170368,5,3,72,146,IR-COST_attempt0,1,1,34608.0,34608.0
3,,29,2,B5,TEST,fa,2,14.94,14.94,2.2694734232500196,0.7929841931909323,True,873433600,939524096,1,0,71,0,IR-COST_attempt0,1,1,34608.0,34608.0
3,,30,0,B5,TEST,fa,2,15.18,15.18,2.5667542358860373,0.021581755951046944,True,873433600,941621248,1,0,84,0,IR-COST_attempt0,1,1,34608.0,34608.0
3,,30,0,Conf,TEST,fa,2,15.18,15.18,5.118972700089216,0.021838809363543987,True,872952832,939524096,4,0,84,0,IR-COST_attempt0,1,1,34608.0,34608.0
3,,30,0,Global,TEST,fa,2,15.18,15.18,5.287940908223391,0.02248674351722002,True,872952832,939524096,4,0,84,0,IR-COST_attempt0,1,1,34608.0,34608.0
3,,30,0,Text,TEST,fa,2,15.18,15.18,5.488360608927906,0.42750715278089046,True,2206979584,2323644416,4,0,84,162,IR-COST_attempt0,1,1,34608.0,34608.0
3,,30,0,Text+Global,TEST,fa,2,15.18,15.18,5.644487630575895,0.023222222924232483,True,2206979584,2323644416,4,0,84,162,IR-COST_attempt0,1,1,34608.0,34608.0
3,,30,1,Conf,TEST,fa,2,15.18,15.18,5.102608128450811,0.7619103277102113,True,872952832,939524096,4,0,84,0,IR-COST_attempt0,1,1,34608.0,34608.0
3,,30,1,Global,TEST,fa,2,15.18,15.18,4.967862040735781,0.059666672721505165,True,872952832,939524096,4,0,84,0,IR-COST_attempt0,1,1,34608.0,34608.0
3,,30,1,Text,TEST,fa,2,15.18,15.18,5.405623130500317,0.4682359090074897,True,2206979584,2323644416,4,0,84,162,IR-COST_attempt0,1,1,34608.0,34608.0
3,,30,1,Text+Global,TEST,fa,2,15.18,15.18,5.804816116578877,0.061877419240772724,True,2206979584,2323644416,4,0,84,162,IR-COST_attempt0,1,1,34608.0,34608.0
3,,30,1,B5,TEST,fa,2,15.18,15.18,2.4454027488827705,0.7591400928795338,True,873433600,941621248,1,0,84,0,IR-COST_attempt0,1,1,34608.0,34608.0
3,,30,2,Global,TEST,fa,2,15.18,15.18,5.050067701376975,0.01927104126662016,True,872952832,939524096,4,0,84,0,IR-COST_attempt0,1,1,34608.0,34608.0
3,,30,2,Text,TEST,fa,2,15.18,15.18,5.433423810638487,0.4509161254391074,True,2206979584,2323644416,4,0,84,162,IR-COST_attempt0,1,1,34608.0,34608.0
3,,30,2,Text+Global,TEST,fa,2,15.18,15.18,5.361524221487343,0.0230983542278409,True,2206979584,2323644416,4,0,84,162,IR-COST_attempt0,1,1,34608.0,34608.0
3,,30,2,B5,TEST,fa,2,15.18,15.18,2.4473728286102414,0.7648629536852241,True,873433600,941621248,1,0,84,0,IR-COST_attempt0,1,1,34608.0,34608.0
3,,30,2,Conf,TEST,fa,2,15.18,15.18,5.134213293902576,0.021531968377530575,True,872952832,939524096,4,0,84,0,IR-COST_attempt0,1,1,34608.0,34608.0
3,,31,0,Conf,TEST,fa,2,14.4,14.4,4.419765129685402,0.07194182742387056,True,872952832,939524096,4,0,68,0,IR-COST_attempt0,1,1,34608.0,34608.0
3,,31,0,Global,TEST,fa,2,14.4,14.4,4.1133539183065295,0.021761435084044933,True,872952832,939524096,4,0,68,0,IR-COST_attempt0,1,1,34608.0,34608.0
3,,31,0,Text,TEST,fa,2,14.4,14.4,4.770052209496498,0.49172972328960896,True,2206979584,2323644416,4,2,70,138,IR-COST_attempt0,1,1,34608.0,34608.0
3,,31,0,Text+Global,TEST,fa,2,14.4,14.4,4.775676714256406,0.023444972932338715,True,2206979584,2323644416,4,2,70,138,IR-COST_attempt0,1,1,34608.0,34608.0
3,,31,0,B5,TEST,fa,2,14.4,14.4,2.06593347992748,0.7641340838745236,True,873433600,939524096,1,0,68,0,IR-COST_attempt0,1,1,34608.0,34608.0
3,,31,1,Global,TEST,fa,2,14.4,14.4,4.262718801386654,0.0192756624892354,True,872952832,939524096,4,0,68,0,IR-COST_attempt0,1,1,34608.0,34608.0
3,,31,1,Text,TEST,fa,2,14.4,14.4,4.598415061831474,0.49117882177233696,True,2206979584,2323644416,4,2,70,138,IR-COST_attempt0,1,1,34608.0,34608.0
3,,31,1,Text+Global,TEST,fa,2,14.4,14.4,4.919002058915794,0.02080371603369713,True,2206979584,2323644416,4,2,70,138,IR-COST_attempt0,1,1,34608.0,34608.0
3,,31,1,B5,TEST,fa,2,14.4,14.4,2.2824809243902564,0.7753188973292708,True,873433600,939524096,1,0,68,0,IR-COST_attempt0,1,1,34608.0,34608.0
3,,31,1,Conf,TEST,fa,2,14.4,14.4,4.4203037759289145,0.02171964105218649,True,872952832,939524096,4,0,68,0,IR-COST_attempt0,1,1,34608.0,34608.0
3,,31,2,Text,TEST,fa,2,14.4,14.4,4.593937295489013,0.5236608674749732,True,2206979584,2323644416,4,2,70,138,IR-COST_attempt0,1,1,34608.0,34608.0
3,,31,2,Text+Global,TEST,fa,2,14.4,14.4,4.856617008335888,0.05151987448334694,True,2206979584,2323644416,4,2,70,138,IR-COST_attempt0,1,1,34608.0,34608.0
3,,31,2,B5,TEST,fa,2,14.4,14.4,2.0938339671120048,0.753718732856214,True,873433600,939524096,1,0,68,0,IR-COST_attempt0,1,1,34608.0,34608.0
3,,31,2,Conf,TEST,fa,2,14.4,14.4,4.14866481628269,0.019358783960342407,True,872952832,939524096,4,0,68,0,IR-COST_attempt0,1,1,34608.0,34608.0
3,,31,2,Global,TEST,fa,2,14.4,14.4,4.219709820114076,0.029494505375623703,True,872952832,939524096,4,0,68,0,IR-COST_attempt0,1,1,34608.0,34608.0
3,,32,0,Global,TEST,fa,3,15.78,15.78,3.9095696667209268,0.024837885983288288,True,872952832,935329792,5,0,61,0,IR-COST_attempt0,1,1,34608.0,34608.0
3,,32,0,Text,TEST,fa,3,15.78,15.78,4.137593585066497,0.4390066033229232,True,2206979584,2373976064,5,0,61,145,IR-COST_attempt0,1,1,34608.0,34608.0
3,,32,0,Text+Global,TEST,fa,3,15.78,15.78,4.38859539758414,0.023692295886576176,True,2206979584,2373976064,5,0,61,145,IR-COST_attempt0,1,1,34608.0,34608.0
3,,32,0,B5,TEST,fa,3,15.78,15.78,1.9625387731939554,0.7556662755087018,True,873433600,937426944,1,0,61,0,IR-COST_attempt0,1,1,34608.0,34608.0
3,,32,0,Conf,TEST,fa,3,15.78,15.78,3.875807791016996,0.02154632657766342,True,872952832,935329792,5,0,61,0,IR-COST_attempt0,1,1,34608.0,34608.0
3,,32,1,Text,TEST,fa,3,15.78,15.78,4.13530140183866,0.4438205873593688,True,2206979584,2373976064,5,0,61,145,IR-COST_attempt0,1,1,34608.0,34608.0
3,,32,1,Text+Global,TEST,fa,3,15.78,15.78,4.462804118171334,0.04398325365036726,True,2206979584,2373976064,5,0,61,145,IR-COST_attempt0,1,1,34608.0,34608.0
3,,32,1,B5,TEST,fa,3,15.78,15.78,1.8762662122026086,0.7519346419721842,True,873433600,937426944,1,0,61,0,IR-COST_attempt0,1,1,34608.0,34608.0
3,,32,1,Conf,TEST,fa,3,15.78,15.78,3.817165262065828,0.021618069149553776,True,872952832,935329792,5,0,61,0,IR-COST_attempt0,1,1,34608.0,34608.0
3,,32,1,Global,TEST,fa,3,15.78,15.78,4.017259823158383,0.021677343174815178,True,872952832,935329792,5,0,61,0,IR-COST_attempt0,1,1,34608.0,34608.0
3,,32,2,Text+Global,TEST,fa,3,15.78,15.78,4.19985837303102,0.4670922262594104,True,2206979584,2373976064,5,0,61,145,IR-COST_attempt0,1,1,34608.0,34608.0
3,,32,2,B5,TEST,fa,3,15.78,15.78,1.9201576504856348,0.7573938556015491,True,873433600,937426944,1,0,61,0,IR-COST_attempt0,1,1,34608.0,34608.0
3,,32,2,Conf,TEST,fa,3,15.78,15.78,3.58704518340528,0.0258055180311203,True,872952832,935329792,5,0,61,0,IR-COST_attempt0,1,1,34608.0,34608.0
3,,32,2,Global,TEST,fa,3,15.78,15.78,3.9667228162288666,0.01899394392967224,True,872952832,935329792,5,0,61,0,IR-COST_attempt0,1,1,34608.0,34608.0
3,,32,2,Text,TEST,fa,3,15.78,15.78,4.012241100892425,0.5892555676400661,True,2206979584,2373976064,5,0,61,145,IR-COST_attempt0,1,1,34608.0,34608.0
3,,33,0,Text,TEST,fa,3,17.76,17.76,5.9968827506527305,0.05741291493177414,True,2206979584,2332033024,6,4,92,267,IR-COST_attempt0,1,1,34608.0,34608.0
3,,33,0,Text+Global,TEST,fa,3,17.76,17.76,6.30195567663759,0.021149933338165283,True,2206979584,2332033024,6,4,92,267,IR-COST_attempt0,1,1,34608.0,34608.0
3,,33,0,B5,TEST,fa,3,17.76,17.76,2.6547952238470316,0.760595303028822,True,873433600,947912704,1,0,91,0,IR-COST_attempt0,1,1,34608.0,34608.0
3,,33,0,Conf,TEST,fa,3,17.76,17.76,5.5008692825213075,0.022204149514436722,True,872952832,947912704,6,1,92,0,IR-COST_attempt0,1,1,34608.0,34608.0
3,,33,0,Global,TEST,fa,3,17.76,17.76,5.274986894801259,0.0204562209546566,True,872952832,947912704,6,1,92,0,IR-COST_attempt0,1,1,34608.0,34608.0
3,,33,1,Text+Global,TEST,fa,3,17.76,17.76,6.154946133494377,0.5363033963367343,True,2206979584,2332033024,6,4,92,267,IR-COST_attempt0,1,1,34608.0,34608.0
3,,33,1,B5,TEST,fa,3,17.76,17.76,2.7319046333432198,0.7555978549644351,True,873433600,947912704,1,0,91,0,IR-COST_attempt0,1,1,34608.0,34608.0
3,,33,1,Conf,TEST,fa,3,17.76,17.76,5.540263810195029,0.022404261864721775,True,872952832,947912704,6,1,92,0,IR-COST_attempt0,1,1,34608.0,34608.0
3,,33,1,Global,TEST,fa,3,17.76,17.76,5.273682203143835,0.019877971149981022,True,872952832,947912704,6,1,92,0,IR-COST_attempt0,1,1,34608.0,34608.0
3,,33,1,Text,TEST,fa,3,17.76,17.76,6.039843804202974,0.43608945701271296,True,2206979584,2332033024,6,4,92,267,IR-COST_attempt0,1,1,34608.0,34608.0
3,,33,2,B5,TEST,fa,3,17.76,17.76,2.726330041885376,0.7592111052945256,True,873433600,947912704,1,0,91,0,IR-COST_attempt0,1,1,34608.0,34608.0
3,,33,2,Conf,TEST,fa,3,17.76,17.76,5.525080258958042,0.02216111123561859,True,872952832,947912704,6,1,92,0,IR-COST_attempt0,1,1,34608.0,34608.0
3,,33,2,Global,TEST,fa,3,17.76,17.76,5.516686343587935,0.019756905734539032,True,872952832,947912704,6,1,92,0,IR-COST_attempt0,1,1,34608.0,34608.0
3,,33,2,Text,TEST,fa,3,17.76,17.76,5.88556023966521,0.48088359367102385,True,2206979584,2332033024,6,4,92,267,IR-COST_attempt0,1,1,34608.0,34608.0
3,,33,2,Text+Global,TEST,fa,3,17.76,17.76,6.583862810395658,0.023278639651834965,True,2206979584,2332033024,6,4,92,267,IR-COST_attempt0,1,1,34608.0,34608.0
3,,34,0,Text+Global,TEST,fa,3,16.8,16.8,5.302207772620022,0.023917080834507942,True,2206979584,2323644416,5,1,75,170,IR-COST_attempt0,1,1,34608.0,34608.0
3,,34,0,B5,TEST,fa,3,16.8,16.8,2.3611628245562315,0.7533441875129938,True,873433600,941621248,1,0,75,0,IR-COST_attempt0,1,1,34608.0,34608.0
3,,34,0,Conf,TEST,fa,3,16.8,16.8,4.568355826660991,0.02113504521548748,True,872952832,939524096,5,0,75,0,IR-COST_attempt0,1,1,34608.0,34608.0
3,,34,0,Global,TEST,fa,3,16.8,16.8,4.63757901918143,0.02158895879983902,True,872952832,939524096,5,0,75,0,IR-COST_attempt0,1,1,34608.0,34608.0
3,,34,0,Text,TEST,fa,3,16.8,16.8,4.964230926707387,0.48350212909281254,True,2206979584,2323644416,5,1,75,170,IR-COST_attempt0,1,1,34608.0,34608.0
3,,34,1,B5,TEST,fa,3,16.8,16.8,2.326591381803155,0.751165047287941,True,873433600,941621248,1,0,75,0,IR-COST_attempt0,1,1,34608.0,34608.0
3,,34,1,Conf,TEST,fa,3,16.8,16.8,4.302025249227881,0.060177916660904884,True,872952832,939524096,5,0,75,0,IR-COST_attempt0,1,1,34608.0,34608.0
3,,34,1,Global,TEST,fa,3,16.8,16.8,4.65227840654552,0.03559587523341179,True,872952832,939524096,5,0,75,0,IR-COST_attempt0,1,1,34608.0,34608.0
3,,34,1,Text,TEST,fa,3,16.8,16.8,5.084706581197679,0.5364164710044861,True,2206979584,2323644416,5,1,75,170,IR-COST_attempt0,1,1,34608.0,34608.0
3,,34,1,Text+Global,TEST,fa,3,16.8,16.8,4.944271309301257,0.02321479097008705,True,2206979584,2323644416,5,1,75,170,IR-COST_attempt0,1,1,34608.0,34608.0
3,,34,2,Conf,TEST,fa,3,16.8,16.8,4.39955576043576,0.7515465673059225,True,872952832,939524096,5,0,75,0,IR-COST_attempt0,1,1,34608.0,34608.0
3,,34,2,Global,TEST,fa,3,16.8,16.8,4.652829295024276,0.019109628163278103,True,872952832,939524096,5,0,75,0,IR-COST_attempt0,1,1,34608.0,34608.0
3,,34,2,Text,TEST,fa,3,16.8,16.8,4.847877209074795,0.47623523231595755,True,2206979584,2323644416,5,1,75,170,IR-COST_attempt0,1,1,34608.0,34608.0
3,,34,2,Text+Global,TEST,fa,3,16.8,16.8,4.996653815731406,0.025411088950932026,True,2206979584,2323644416,5,1,75,170,IR-COST_attempt0,1,1,34608.0,34608.0
3,,34,2,B5,TEST,fa,3,16.8,16.8,2.1725804284214973,0.7454722551628947,True,873433600,941621248,1,0,75,0,IR-COST_attempt0,1,1,34608.0,34608.0
3,,35,0,B5,TEST,fa,3,16.92,16.92,2.7721573216840625,0.01929090265184641,True,873433600,947912704,1,0,95,0,IR-COST_attempt0,1,1,34608.0,34608.0
3,,35,0,Conf,TEST,fa,3,16.92,16.92,5.6552440719679,0.01976577751338482,True,872952832,947912704,5,1,96,0,IR-COST_attempt0,1,1,34608.0,34608.0
3,,35,0,Global,TEST,fa,3,16.92,16.92,5.8714112509042025,0.02032792568206787,True,872952832,947912704,5,1,96,0,IR-COST_attempt0,1,1,34608.0,34608.0
3,,35,0,Text,TEST,fa,3,16.92,16.92,6.368407730013132,0.5660690600052476,True,2206979584,2332033024,5,0,95,210,IR-COST_attempt0,1,1,34608.0,34608.0
3,,35,0,Text+Global,TEST,fa,3,16.92,16.92,6.568942334502935,0.028408781625330448,True,2206979584,2332033024,5,0,95,210,IR-COST_attempt0,1,1,34608.0,34608.0
3,,35,1,Conf,TEST,fa,3,16.92,16.92,5.3969711270183325,0.7791857467964292,True,872952832,947912704,5,1,96,0,IR-COST_attempt0,1,1,34608.0,34608.0
3,,35,1,Global,TEST,fa,3,16.92,16.92,5.819872552528977,0.025791781023144722,True,872952832,947912704,5,1,96,0,IR-COST_attempt0,1,1,34608.0,34608.0
3,,35,1,Text,TEST,fa,3,16.92,16.92,6.1295654606074095,0.4921550201252103,True,2206979584,2332033024,5,0,95,210,IR-COST_attempt0,1,1,34608.0,34608.0
3,,35,1,Text+Global,TEST,fa,3,16.92,16.92,6.296862429007888,0.021215747110545635,True,2206979584,2332033024,5,0,95,210,IR-COST_attempt0,1,1,34608.0,34608.0
3,,35,1,B5,TEST,fa,3,16.92,16.92,2.9477190552279353,0.7632275279611349,True,873433600,947912704,1,0,95,0,IR-COST_attempt0,1,1,34608.0,34608.0
3,,35,2,Global,TEST,fa,3,16.92,16.92,5.7363120866939425,0.019684418104588985,True,872952832,947912704,5,1,96,0,IR-COST_attempt0,1,1,34608.0,34608.0
3,,35,2,Text,TEST,fa,3,16.92,16.92,6.383559989742935,0.4294108431786299,True,2206979584,2332033024,5,0,95,210,IR-COST_attempt0,1,1,34608.0,34608.0
3,,35,2,Text+Global,TEST,fa,3,16.92,16.92,6.303303603082895,0.023825785145163536,True,2206979584,2332033024,5,0,95,210,IR-COST_attempt0,1,1,34608.0,34608.0
3,,35,2,B5,TEST,fa,3,16.92,16.92,2.7812343621626496,0.801294925622642,True,873433600,947912704,1,0,95,0,IR-COST_attempt0,1,1,34608.0,34608.0
3,,35,2,Conf,TEST,fa,3,16.92,16.92,5.438299581408501,0.019731886684894562,True,872952832,947912704,5,1,96,0,IR-COST_attempt0,1,1,34608.0,34608.0
3,,36,0,Conf,TEST,fa,4,19.86,19.86,6.748083047568798,0.02226688340306282,True,872952832,998244352,4,0,116,0,IR-COST_attempt0,1,1,34608.0,34608.0
3,,36,0,Global,TEST,fa,4,19.86,19.86,6.7889609932899475,0.021352075971662998,True,872952832,998244352,4,0,116,0,IR-COST_attempt0,1,1,34608.0,34608.0
3,,36,0,Text,TEST,fa,4,19.86,19.86,7.4070687694475055,0.45181345101445913,True,2206979584,2382364672,4,2,116,275,IR-COST_attempt0,1,1,34608.0,34608.0
3,,36,0,Text+Global,TEST,fa,4,19.86,19.86,7.773115969263017,0.022707984782755375,True,2206979584,2382364672,4,2,116,275,IR-COST_attempt0,1,1,34608.0,34608.0
3,,36,0,B5,TEST,fa,4,19.86,19.86,3.612196112051606,0.7609741715714335,True,873433600,947912704,1,0,116,0,IR-COST_attempt0,1,1,34608.0,34608.0
3,,36,1,Global,TEST,fa,4,19.86,19.86,6.721930691972375,0.020093544386327267,True,872952832,998244352,4,0,116,0,IR-COST_attempt0,1,1,34608.0,34608.0
3,,36,1,Text,TEST,fa,4,19.86,19.86,7.247021658346057,0.4452575081959367,True,2206979584,2382364672,4,2,116,275,IR-COST_attempt0,1,1,34608.0,34608.0
3,,36,1,Text+Global,TEST,fa,4,19.86,19.86,7.626601090654731,0.05612474959343672,True,2206979584,2382364672,4,2,116,275,IR-COST_attempt0,1,1,34608.0,34608.0
3,,36,1,B5,TEST,fa,4,19.86,19.86,3.4793782168999314,0.7591439615935087,True,873433600,947912704,1,0,116,0,IR-COST_attempt0,1,1,34608.0,34608.0
3,,36,1,Conf,TEST,fa,4,19.86,19.86,6.877825322560966,0.028520808555185795,True,872952832,998244352,4,0,116,0,IR-COST_attempt0,1,1,34608.0,34608.0
3,,36,2,Text,TEST,fa,4,19.86,19.86,7.383038165979087,0.45939374808222055,True,2206979584,2382364672,4,2,116,275,IR-COST_attempt0,1,1,34608.0,34608.0
3,,36,2,Text+Global,TEST,fa,4,19.86,19.86,7.8049025582149625,0.022947599180042744,True,2206979584,2382364672,4,2,116,275,IR-COST_attempt0,1,1,34608.0,34608.0
3,,36,2,B5,TEST,fa,4,19.86,19.86,3.456490314565599,0.7695712996646762,True,873433600,947912704,1,0,116,0,IR-COST_attempt0,1,1,34608.0,34608.0
3,,36,2,Conf,TEST,fa,4,19.86,19.86,6.305199001915753,0.019772440195083618,True,872952832,998244352,4,0,116,0,IR-COST_attempt0,1,1,34608.0,34608.0
3,,36,2,Global,TEST,fa,4,19.86,19.86,7.101103633642197,0.02355061750859022,True,872952832,998244352,4,0,116,0,IR-COST_attempt0,1,1,34608.0,34608.0
3,,37,0,Global,TEST,fa,4,20.64,20.64,7.6220050901174545,0.04068039171397686,True,872952832,1008730112,5,0,137,0,IR-COST_attempt0,1,1,34608.0,34608.0
3,,37,0,Text,TEST,fa,4,20.64,20.64,9.15498301293701,0.5971681987866759,True,2206979584,2394947584,5,1,135,300,IR-COST_attempt0,1,1,34608.0,34608.0
3,,37,0,Text+Global,TEST,fa,4,20.64,20.64,8.642208748497069,0.0372428260743618,True,2206979584,2394947584,5,1,135,300,IR-COST_attempt0,1,1,34608.0,34608.0
3,,37,0,B5,TEST,fa,4,20.64,20.64,4.330287162214518,0.8229733984917402,True,873433600,952107008,1,0,137,0,IR-COST_attempt0,1,1,34608.0,34608.0
3,,37,0,Conf,TEST,fa,4,20.64,20.64,8.008574664592743,0.023650833405554295,True,872952832,1008730112,5,0,137,0,IR-COST_attempt0,1,1,34608.0,34608.0
3,,37,1,Text,TEST,fa,4,20.64,20.64,8.46405125129968,0.4594509368762374,True,2206979584,2394947584,5,1,135,300,IR-COST_attempt0,1,1,34608.0,34608.0
3,,37,1,Text+Global,TEST,fa,4,20.64,20.64,9.32075681257993,0.02330022770911455,True,2206979584,2394947584,5,1,135,300,IR-COST_attempt0,1,1,34608.0,34608.0
3,,37,1,B5,TEST,fa,4,20.64,20.64,4.375030303373933,1.1159183057025075,True,873433600,952107008,1,0,137,0,IR-COST_attempt0,1,1,34608.0,34608.0
3,,37,1,Conf,TEST,fa,4,20.64,20.64,7.938273425213993,0.04941132292151451,True,872952832,1008730112,5,0,137,0,IR-COST_attempt0,1,1,34608.0,34608.0
3,,37,1,Global,TEST,fa,4,20.64,20.64,8.15837082453072,0.025989520363509655,True,872952832,1008730112,5,0,137,0,IR-COST_attempt0,1,1,34608.0,34608.0
3,,37,2,Text+Global,TEST,fa,4,20.64,20.64,9.0414566565305,0.47632991801947355,True,2206979584,2394947584,5,1,135,300,IR-COST_attempt0,1,1,34608.0,34608.0
3,,37,2,B5,TEST,fa,4,20.64,20.64,4.244388667866588,0.7766412440687418,True,873433600,952107008,1,0,137,0,IR-COST_attempt0,1,1,34608.0,34608.0
3,,37,2,Conf,TEST,fa,4,20.64,20.64,7.607944344170392,0.022608190774917603,True,872952832,1008730112,5,0,137,0,IR-COST_attempt0,1,1,34608.0,34608.0
3,,37,2,Global,TEST,fa,4,20.64,20.64,8.376373649574816,0.026057051494717598,True,872952832,1008730112,5,0,137,0,IR-COST_attempt0,1,1,34608.0,34608.0
3,,37,2,Text,TEST,fa,4,20.64,20.64,8.700307177379727,0.49963906593620777,True,2206979584,2394947584,5,1,135,300,IR-COST_attempt0,1,1,34608.0,34608.0
3,,38,0,Text,TEST,fa,4,22.68,22.68,8.277390474453568,0.023230228573083878,True,2206979584,2394947584,5,0,135,295,IR-COST_attempt0,1,1,34608.0,34608.0
3,,38,0,Text+Global,TEST,fa,4,22.68,22.68,8.639203960075974,0.02343312930315733,True,2206979584,2394947584,5,0,135,295,IR-COST_attempt0,1,1,34608.0,34608.0
3,,38,0,B5,TEST,fa,4,22.68,22.68,3.8596415519714355,0.8086600648239255,True,873433600,952107008,1,0,135,0,IR-COST_attempt0,1,1,34608.0,34608.0
3,,38,0,Conf,TEST,fa,4,22.68,22.68,7.622937269508839,0.022204387933015823,True,872952832,1008730112,5,0,135,0,IR-COST_attempt0,1,1,34608.0,34608.0
3,,38,0,Global,TEST,fa,4,22.68,22.68,7.579406120814383,0.02211621217429638,True,872952832,1008730112,5,0,135,0,IR-COST_attempt0,1,1,34608.0,34608.0
3,,38,1,Text+Global,TEST,fa,4,22.68,22.68,9.06861584354192,0.5055699897930026,True,2206979584,2394947584,5,0,135,295,IR-COST_attempt0,1,1,34608.0,34608.0
3,,38,1,B5,TEST,fa,4,22.68,22.68,4.179511343128979,0.7968257591128349,True,873433600,952107008,1,0,135,0,IR-COST_attempt0,1,1,34608.0,34608.0
3,,38,1,Conf,TEST,fa,4,22.68,22.68,8.007446559146047,0.05950882565230131,True,872952832,1008730112,5,0,135,0,IR-COST_attempt0,1,1,34608.0,34608.0
3,,38,1,Global,TEST,fa,4,22.68,22.68,8.016558859497309,0.02642543986439705,True,872952832,1008730112,5,0,135,0,IR-COST_attempt0,1,1,34608.0,34608.0
3,,38,1,Text,TEST,fa,4,22.68,22.68,7.977727406658232,0.7645385889336467,True,2206979584,2394947584,5,0,135,295,IR-COST_attempt0,1,1,34608.0,34608.0
3,,38,2,B5,TEST,fa,4,22.68,22.68,4.018163780681789,0.7646259386092424,True,873433600,952107008,1,0,135,0,IR-COST_attempt0,1,1,34608.0,34608.0
3,,38,2,Conf,TEST,fa,4,22.68,22.68,7.461556248366833,0.021069439128041267,True,872952832,1008730112,5,0,135,0,IR-COST_attempt0,1,1,34608.0,34608.0
3,,38,2,Global,TEST,fa,4,22.68,22.68,7.468346192501485,0.022661256603896618,True,872952832,1008730112,5,0,135,0,IR-COST_attempt0,1,1,34608.0,34608.0
3,,38,2,Text,TEST,fa,4,22.68,22.68,8.269083047285676,0.46028040908277035,True,2206979584,2394947584,5,0,135,295,IR-COST_attempt0,1,1,34608.0,34608.0
3,,38,2,Text+Global,TEST,fa,4,22.68,22.68,8.448829901404679,0.023595132865011692,True,2206979584,2394947584,5,0,135,295,IR-COST_attempt0,1,1,34608.0,34608.0
3,,39,0,Text+Global,TEST,fa,4,26.4,26.4,6.11265202332288,0.03181671444326639,True,2206979584,2332033024,3,0,93,127,IR-COST_attempt0,1,1,34608.0,34608.0
3,,39,0,B5,TEST,fa,4,26.4,26.4,2.9957007989287376,0.776713851839304,True,873433600,947912704,1,0,93,0,IR-COST_attempt0,1,1,34608.0,34608.0
3,,39,0,Conf,TEST,fa,4,26.4,26.4,5.470480195246637,0.019902125000953674,True,872952832,947912704,3,0,93,0,IR-COST_attempt0,1,1,34608.0,34608.0
3,,39,0,Global,TEST,fa,4,26.4,26.4,5.292300593107939,0.0200677327811718,True,872952832,947912704,3,0,93,0,IR-COST_attempt0,1,1,34608.0,34608.0
3,,39,0,Text,TEST,fa,4,26.4,26.4,5.7296879179775715,0.435241618193686,True,2206979584,2332033024,3,0,93,127,IR-COST_attempt0,1,1,34608.0,34608.0
3,,39,1,B5,TEST,fa,4,26.4,26.4,2.7462496999651194,0.7390130283311009,True,873433600,947912704,1,0,93,0,IR-COST_attempt0,1,1,34608.0,34608.0
3,,39,1,Conf,TEST,fa,4,26.4,26.4,5.194666545838118,0.027750300243496895,True,872952832,947912704,3,0,93,0,IR-COST_attempt0,1,1,34608.0,34608.0
3,,39,1,Global,TEST,fa,4,26.4,26.4,5.301093108020723,0.02021924965083599,True,872952832,947912704,3,0,93,0,IR-COST_attempt0,1,1,34608.0,34608.0
3,,39,1,Text,TEST,fa,4,26.4,26.4,5.774538967758417,0.5491773830726743,True,2206979584,2332033024,3,0,93,127,IR-COST_attempt0,1,1,34608.0,34608.0
3,,39,1,Text+Global,TEST,fa,4,26.4,26.4,6.011527037248015,0.021477137692272663,True,2206979584,2332033024,3,0,93,127,IR-COST_attempt0,1,1,34608.0,35024.0
3,,39,2,Conf,TEST,fa,4,26.4,26.4,5.420624952763319,0.7467688750475645,True,872952832,947912704,3,0,93,0,IR-COST_attempt0,1,1,35024.0,35024.0
3,,39,2,Global,TEST,fa,4,26.4,26.4,5.644500487484038,0.01993650011718273,True,872952832,947912704,3,0,93,0,IR-COST_attempt0,1,1,35024.0,35024.0
3,,39,2,Text,TEST,fa,4,26.4,26.4,5.922653904184699,0.4822157332673669,True,2206979584,2332033024,3,0,93,127,IR-COST_attempt0,1,1,35024.0,35024.0
3,,39,2,Text+Global,TEST,fa,4,26.4,26.4,5.8807281302288175,0.021277363412082195,True,2206979584,2332033024,3,0,93,127,IR-COST_attempt0,1,1,35024.0,35024.0
3,,39,2,B5,TEST,fa,4,26.4,26.4,2.7397803692147136,0.7627832209691405,True,873433600,947912704,1,0,93,0,IR-COST_attempt0,1,1,35024.0,35024.0
3,,40,0,B5,TEST,pl,0,5.76,5.76,0.7707877838984132,0.019768801517784595,True,873433600,929038336,1,0,20,0,IR-COST_attempt0,1,1,35024.0,35024.0
3,,40,0,Conf,TEST,pl,0,5.76,5.76,1.4224382480606437,0.02763101737946272,True,872952832,929038336,5,0,20,0,IR-COST_attempt0,1,1,35024.0,35024.0
3,,40,0,Global,TEST,pl,0,5.76,5.76,1.7525818776339293,0.02082465961575508,True,872952832,929038336,5,0,20,0,IR-COST_attempt0,1,1,35024.0,35024.0
3,,40,0,Text,TEST,pl,0,5.76,5.76,1.736362498253584,0.4859261028468609,True,2206979584,2243952640,5,2,20,73,IR-COST_attempt0,1,1,35024.0,35024.0
3,,40,0,Text+Global,TEST,pl,0,5.76,5.76,2.0089625557884574,0.020072806626558304,True,2206979584,2243952640,5,2,20,73,IR-COST_attempt0,1,1,35024.0,35024.0
3,,40,1,Conf,TEST,pl,0,5.76,5.76,1.59579639416188,0.7441889261826873,True,872952832,929038336,5,0,20,0,IR-COST_attempt0,1,1,35024.0,35024.0
3,,40,1,Global,TEST,pl,0,5.76,5.76,1.7397575723007321,0.02108810655772686,True,872952832,929038336,5,0,20,0,IR-COST_attempt0,1,1,35024.0,35024.0
3,,40,1,Text,TEST,pl,0,5.76,5.76,1.6678916197270155,0.4410677049309015,True,2206979584,2243952640,5,2,20,73,IR-COST_attempt0,1,1,35024.0,35024.0
3,,40,1,Text+Global,TEST,pl,0,5.76,5.76,1.8440405493602157,0.018069480545818806,True,2206979584,2243952640,5,2,20,73,IR-COST_attempt0,1,1,35024.0,35024.0
3,,40,1,B5,TEST,pl,0,5.76,5.76,0.810813881456852,0.7498914245516062,True,873433600,929038336,1,0,20,0,IR-COST_attempt0,1,1,35024.0,35024.0
3,,40,2,Global,TEST,pl,0,5.76,5.76,1.6735929502174258,0.020796754397451878,True,872952832,929038336,5,0,20,0,IR-COST_attempt0,1,1,35024.0,35024.0
3,,40,2,Text,TEST,pl,0,5.76,5.76,1.846000025048852,0.4430822394788265,True,2206979584,2243952640,5,2,20,73,IR-COST_attempt0,1,1,35024.0,35024.0
3,,40,2,Text+Global,TEST,pl,0,5.76,5.76,1.9378068326041102,0.020257835276424885,True,2206979584,2243952640,5,2,20,73,IR-COST_attempt0,1,1,35024.0,35024.0
3,,40,2,B5,TEST,pl,0,5.76,5.76,0.774057861417532,0.7475376026704907,True,873433600,929038336,1,0,20,0,IR-COST_attempt0,1,1,35024.0,35024.0
3,,40,2,Conf,TEST,pl,0,5.76,5.76,1.5903243832290173,0.020617122761905193,True,872952832,929038336,5,0,20,0,IR-COST_attempt0,1,1,35024.0,35024.0
3,,41,0,Conf,TEST,pl,0,4.92,4.92,1.8957788432016969,0.020915478467941284,True,872952832,929038336,5,0,28,0,IR-COST_attempt0,1,1,35024.0,35024.0
3,,41,0,Global,TEST,pl,0,4.92,4.92,1.9465834004804492,0.02203599363565445,True,872952832,929038336,5,0,28,0,IR-COST_attempt0,1,1,35024.0,35024.0
3,,41,0,Text,TEST,pl,0,4.92,4.92,2.299302318133414,0.4237492252141237,True,2206979584,2246049792,5,0,28,106,IR-COST_attempt0,1,1,35024.0,35024.0
3,,41,0,Text+Global,TEST,pl,0,4.92,4.92,2.420353705994785,0.020475461147725582,True,2206979584,2246049792,5,0,28,106,IR-COST_attempt0,1,1,35024.0,35024.0
3,,41,0,B5,TEST,pl,0,4.92,4.92,0.9930132729932666,0.7571525322273374,True,873433600,929038336,1,0,28,0,IR-COST_attempt0,1,1,35024.0,35024.0
3,,41,1,Global,TEST,pl,0,4.92,4.92,1.9679213790223002,0.02088098507374525,True,872952832,929038336,5,0,28,0,IR-COST_attempt0,1,1,35024.0,35024.0
3,,41,1,Text,TEST,pl,0,4.92,4.92,2.225390830077231,0.4401545962318778,True,2206979584,2246049792,5,0,28,106,IR-COST_attempt0,1,1,35024.0,35024.0
3,,41,1,Text+Global,TEST,pl,0,4.92,4.92,2.3833709359169006,0.020294738933444023,True,2206979584,2246049792,5,0,28,106,IR-COST_attempt0,1,1,35024.0,35024.0
3,,41,1,B5,TEST,pl,0,4.92,4.92,0.9935307269915938,0.7541476879268885,True,873433600,929038336,1,0,28,0,IR-COST_attempt0,1,1,35024.0,35024.0
3,,41,1,Conf,TEST,pl,0,4.92,4.92,1.9815560718998313,0.02103602234274149,True,872952832,929038336,5,0,28,0,IR-COST_attempt0,1,1,35024.0,35024.0
3,,41,2,Text,TEST,pl,0,4.92,4.92,2.2574081951752305,0.4993583094328642,True,2206979584,2246049792,5,0,28,106,IR-COST_attempt0,1,1,35024.0,35024.0
3,,41,2,Text+Global,TEST,pl,0,4.92,4.92,2.49090632237494,0.020159457810223103,True,2206979584,2246049792,5,0,28,106,IR-COST_attempt0,1,1,35024.0,35024.0
3,,41,2,B5,TEST,pl,0,4.92,4.92,0.9946269374340773,0.7599534532055259,True,873433600,929038336,1,0,28,0,IR-COST_attempt0,1,1,35024.0,35024.0
3,,41,2,Conf,TEST,pl,0,4.92,4.92,1.9873114293441176,0.020854512229561806,True,872952832,929038336,5,0,28,0,IR-COST_attempt0,1,1,35024.0,35024.0
3,,41,2,Global,TEST,pl,0,4.92,4.92,2.1614244282245636,0.020719376392662525,True,872952832,929038336,5,0,28,0,IR-COST_attempt0,1,1,35024.0,35024.0
3,,42,0,Global,TEST,pl,0,4.74,4.74,1.6127798594534397,0.021069755777716637,True,872952832,929038336,2,0,21,0,IR-COST_attempt0,1,1,35024.0,35024.0
3,,42,0,Text,TEST,pl,0,4.74,4.74,1.5793303456157446,0.4908042112365365,True,2206979584,2243952640,2,0,21,32,IR-COST_attempt0,1,1,35024.0,35024.0
3,,42,0,Text+Global,TEST,pl,0,4.74,4.74,1.7339840959757566,0.01831665448844433,True,2206979584,2243952640,2,0,21,32,IR-COST_attempt0,1,1,35024.0,35024.0
3,,42,0,B5,TEST,pl,0,4.74,4.74,0.7339178510010242,0.76187539473176,True,873433600,929038336,1,0,21,0,IR-COST_attempt0,1,1,35024.0,35024.0
3,,42,0,Conf,TEST,pl,0,4.74,4.74,1.511838847771287,0.020141600631177425,True,872952832,929038336,2,0,21,0,IR-COST_attempt0,1,1,35024.0,35024.0
3,,42,1,Text,TEST,pl,0,4.74,4.74,1.6219007652252913,0.4958900846540928,True,2206979584,2243952640,2,0,21,32,IR-COST_attempt0,1,1,35024.0,35024.0
3,,42,1,Text+Global,TEST,pl,0,4.74,4.74,1.7329670153558254,0.01808569859713316,True,2206979584,2243952640,2,0,21,32,IR-COST_attempt0,1,1,35024.0,35024.0
3,,42,1,B5,TEST,pl,0,4.74,4.74,0.7845090823248029,0.7548587629571557,True,873433600,929038336,1,0,21,0,IR-COST_attempt0,1,1,35024.0,35024.0
3,,42,1,Conf,TEST,pl,0,4.74,4.74,1.3961437093093991,0.018774816766381264,True,872952832,929038336,2,0,21,0,IR-COST_attempt0,1,1,35024.0,35024.0
3,,42,1,Global,TEST,pl,0,4.74,4.74,1.4831887111067772,0.01880506332963705,True,872952832,929038336,2,0,21,0,IR-COST_attempt0,1,1,35024.0,35024.0
3,,42,2,Text+Global,TEST,pl,0,4.74,4.74,1.7199319852516055,0.4488595174625516,True,2206979584,2243952640,2,0,21,32,IR-COST_attempt0,1,1,35024.0,35024.0
3,,42,2,B5,TEST,pl,0,4.74,4.74,0.7784947343170643,0.7576737394556403,True,873433600,929038336,1,0,21,0,IR-COST_attempt0,1,1,35024.0,35024.0
3,,42,2,Conf,TEST,pl,0,4.74,4.74,1.3943038396537304,0.018697534687817097,True,872952832,929038336,2,0,21,0,IR-COST_attempt0,1,1,35024.0,35024.0
3,,42,2,Global,TEST,pl,0,4.74,4.74,1.6232973635196686,0.01868422981351614,True,872952832,929038336,2,0,21,0,IR-COST_attempt0,1,1,35024.0,35024.0
3,,42,2,Text,TEST,pl,0,4.74,4.74,1.491846582852304,0.49738599825650454,True,2206979584,2243952640,2,0,21,32,IR-COST_attempt0,1,1,35024.0,35024.0
3,,43,0,Text,TEST,pl,0,6.48,6.48,2.6906062103807926,0.022395160980522633,True,2206979584,2315255808,5,0,36,172,IR-COST_attempt0,1,1,35024.0,35024.0
3,,43,0,Text+Global,TEST,pl,0,6.48,6.48,3.0660335570573807,0.022221563383936882,True,2206979584,2315255808,5,0,36,172,IR-COST_attempt0,1,1,35024.0,35024.0
3,,43,0,B5,TEST,pl,0,6.48,6.48,1.2410420272499323,0.7674378883093596,True,873433600,931135488,1,0,36,0,IR-COST_attempt0,1,1,35024.0,35024.0
3,,43,0,Conf,TEST,pl,0,6.48,6.48,2.3121203165501356,0.02102783601731062,True,872952832,931135488,5,1,36,0,IR-COST_attempt0,1,1,35024.0,35024.0
3,,43,0,Global,TEST,pl,0,6.48,6.48,2.521180871874094,0.018967706710100174,True,872952832,931135488,5,0,36,0,IR-COST_attempt0,1,1,35024.0,35024.0
3,,43,1,Text+Global,TEST,pl,0,6.48,6.48,2.9428387684747577,0.48771804943680763,True,2206979584,2315255808,5,0,36,172,IR-COST_attempt0,1,1,35024.0,35024.0
3,,43,1,B5,TEST,pl,0,6.48,6.48,1.1461545936763287,0.7625605035573244,True,873433600,931135488,1,0,36,0,IR-COST_attempt0,1,1,35024.0,35024.0
3,,43,1,Conf,TEST,pl,0,6.48,6.48,2.3567062141373754,0.021390573121607304,True,872952832,931135488,5,1,36,0,IR-COST_attempt0,1,1,35024.0,35024.0
3,,43,1,Global,TEST,pl,0,6.48,6.48,2.5205238573253155,0.02108506578952074,True,872952832,931135488,5,0,36,0,IR-COST_attempt0,1,1,35024.0,35024.0
3,,43,1,Text,TEST,pl,0,6.48,6.48,2.698444931767881,0.44733042176812887,True,2206979584,2315255808,5,0,36,172,IR-COST_attempt0,1,1,35024.0,35024.0
3,,43,2,B5,TEST,pl,0,6.48,6.48,1.2357373721897602,0.7591158533468843,True,873433600,931135488,1,0,36,0,IR-COST_attempt0,1,1,35024.0,35024.0
3,,43,2,Conf,TEST,pl,0,6.48,6.48,2.4453938361257315,0.018913671374320984,True,872952832,931135488,5,1,36,0,IR-COST_attempt0,1,1,35024.0,35024.0
3,,43,2,Global,TEST,pl,0,6.48,6.48,2.5920364083722234,0.021006669849157333,True,872952832,931135488,5,0,36,0,IR-COST_attempt0,1,1,35024.0,35024.0
3,,43,2,Text,TEST,pl,0,6.48,6.48,2.9897675216197968,0.48398326709866524,True,2206979584,2315255808,5,0,36,172,IR-COST_attempt0,1,1,35024.0,35024.0
3,,43,2,Text+Global,TEST,pl,0,6.48,6.48,3.1673556603491306,0.0228424658998847,True,2206979584,2315255808,5,0,36,172,IR-COST_attempt0,1,1,35024.0,35024.0
3,,44,0,Text+Global,TEST,pl,1,7.44,7.44,2.768851226195693,0.022688974626362324,True,2206979584,2369781760,5,0,34,149,IR-COST_attempt0,1,1,35024.0,35024.0
3,,44,0,B5,TEST,pl,1,7.44,7.44,1.2348671350628138,0.752377656288445,True,873433600,931135488,1,0,34,0,IR-COST_attempt0,1,1,35024.0,35024.0
3,,44,0,Conf,TEST,pl,1,7.44,7.44,2.2493605660274625,0.02776234969496727,True,872952832,931135488,5,0,34,0,IR-COST_attempt0,1,1,35024.0,35024.0
3,,44,0,Global,TEST,pl,1,7.44,7.44,2.5561408624053,0.02093928400427103,True,872952832,931135488,5,2,34,0,IR-COST_attempt0,1,1,35024.0,35024.0
3,,44,0,Text,TEST,pl,1,7.44,7.44,2.4974771002307534,0.42863583005964756,True,2206979584,2369781760,5,0,34,149,IR-COST_attempt0,1,1,35024.0,35024.0
3,,44,1,B5,TEST,pl,1,7.44,7.44,1.1104797264561057,0.764992656186223,True,873433600,931135488,1,0,34,0,IR-COST_attempt0,1,1,35024.0,35024.0
3,,44,1,Conf,TEST,pl,1,7.44,7.44,2.149942446500063,0.018957235850393772,True,872952832,931135488,5,0,34,0,IR-COST_attempt0,1,1,35024.0,35024.0
3,,44,1,Global,TEST,pl,1,7.44,7.44,2.3298018258064985,0.018864503130316734,True,872952832,931135488,5,2,34,0,IR-COST_attempt0,1,1,35024.0,35024.0
3,,44,1,Text,TEST,pl,1,7.44,7.44,2.4831343172118068,0.42965025268495083,True,2206979584,2369781760,5,0,34,149,IR-COST_attempt0,1,1,35024.0,35024.0
3,,44,1,Text+Global,TEST,pl,1,7.44,7.44,2.6607569409534335,0.021654236130416393,True,2206979584,2369781760,5,0,34,149,IR-COST_attempt0,1,1,35024.0,35024.0
3,,44,2,Conf,TEST,pl,1,7.44,7.44,2.165884865447879,0.7594577735289931,True,872952832,931135488,5,0,34,0,IR-COST_attempt0,1,1,35024.0,35024.0
3,,44,2,Global,TEST,pl,1,7.44,7.44,2.3224636781960726,0.018947739154100418,True,872952832,931135488,5,2,34,0,IR-COST_attempt0,1,1,35024.0,35024.0
3,,44,2,Text,TEST,pl,1,7.44,7.44,2.504639728926122,0.4370732242241502,True,2206979584,2369781760,5,0,34,149,IR-COST_attempt0,1,1,35024.0,35024.0
3,,44,2,Text+Global,TEST,pl,1,7.44,7.44,2.97286226041615,0.02374124899506569,True,2206979584,2369781760,5,0,34,149,IR-COST_attempt0,1,1,35024.0,35024.0
3,,44,2,B5,TEST,pl,1,7.44,7.44,1.2511386284604669,0.7611670009791851,True,873433600,931135488,1,0,34,0,IR-COST_attempt0,1,1,35024.0,35024.0
3,,45,0,B5,TEST,pl,1,8.22,8.22,1.2980417953804135,0.02122507244348526,True,873433600,933232640,1,0,40,0,IR-COST_attempt0,1,1,35024.0,35024.0
3,,45,0,Conf,TEST,pl,1,8.22,8.22,2.4058231255039573,0.018772432580590248,True,872952832,933232640,4,1,40,0,IR-COST_attempt0,1,1,35024.0,35024.0
3,,45,0,Global,TEST,pl,1,8.22,8.22,2.5317400824278593,0.019144341349601746,True,872952832,933232640,4,1,40,0,IR-COST_attempt0,1,1,35024.0,35024.0
3,,45,0,Text,TEST,pl,1,8.22,8.22,2.6424771826714277,0.45958454068750143,True,2206979584,2308964352,4,1,40,115,IR-COST_attempt0,1,1,35024.0,35024.0
3,,45,0,Text+Global,TEST,pl,1,8.22,8.22,2.764287549071014,0.06416305527091026,True,2206979584,2308964352,4,1,40,115,IR-COST_attempt0,1,1,35024.0,35024.0
3,,45,1,Conf,TEST,pl,1,8.22,8.22,2.405248738825321,0.7501248652115464,True,872952832,933232640,4,1,40,0,IR-COST_attempt0,1,1,35024.0,35024.0
3,,45,1,Global,TEST,pl,1,8.22,8.22,2.53238664008677,0.0190762085840106,True,872952832,933232640,4,1,40,0,IR-COST_attempt0,1,1,35024.0,35024.0
3,,45,1,Text,TEST,pl,1,8.22,8.22,2.656633146107197,0.47125217504799366,True,2206979584,2308964352,4,1,40,115,IR-COST_attempt0,1,1,35024.0,35024.0
3,,45,1,Text+Global,TEST,pl,1,8.22,8.22,2.9571289867162704,0.03196954634040594,True,2206979584,2308964352,4,1,40,115,IR-COST_attempt0,1,1,35024.0,35024.0
3,,45,1,B5,TEST,pl,1,8.22,8.22,1.2813355755060911,0.7613781318068504,True,873433600,933232640,1,0,40,0,IR-COST_attempt0,1,1,35024.0,35024.0
3,,45,2,Global,TEST,pl,1,8.22,8.22,2.724132244475186,0.02125688549131155,True,872952832,933232640,4,1,40,0,IR-COST_attempt0,1,1,35024.0,35024.0
3,,45,2,Text,TEST,pl,1,8.22,8.22,2.652742045931518,0.42587306909263134,True,2206979584,2308964352,4,1,40,115,IR-COST_attempt0,1,1,35024.0,35024.0
3,,45,2,Text+Global,TEST,pl,1,8.22,8.22,3.085038966499269,0.02006735187023878,True,2206979584,2308964352,4,1,40,115,IR-COST_attempt0,1,1,35024.0,35024.0
3,,45,2,B5,TEST,pl,1,8.22,8.22,1.2308366056531668,0.7586170472204685,True,873433600,933232640,1,0,40,0,IR-COST_attempt0,1,1,35024.0,35024.0
3,,45,2,Conf,TEST,pl,1,8.22,8.22,2.66745547298342,0.023603911511600018,True,872952832,933232640,4,1,40,0,IR-COST_attempt0,1,1,35024.0,35024.0
3,,46,0,Conf,TEST,pl,1,8.16,8.16,2.0449513467028737,0.02130821719765663,True,872952832,929038336,4,0,31,0,IR-COST_attempt0,1,1,35024.0,35024.0
3,,46,0,Global,TEST,pl,1,8.16,8.16,2.193804227747023,0.020931515842676163,True,872952832,929038336,4,0,31,0,IR-COST_attempt0,1,1,35024.0,35024.0
3,,46,0,Text,TEST,pl,1,8.16,8.16,2.303771959617734,0.49875712394714355,True,2206979584,2248146944,4,1,30,80,IR-COST_attempt0,1,1,35024.0,35024.0
3,,46,0,Text+Global,TEST,pl,1,8.16,8.16,2.4910733066499233,0.01847354881465435,True,2206979584,2248146944,4,1,30,80,IR-COST_attempt0,1,1,35024.0,35024.0
3,,46,0,B5,TEST,pl,1,8.16,8.16,0.979783795773983,0.7526778811588883,True,873433600,931135488,1,0,31,0,IR-COST_attempt0,1,1,35024.0,35024.0
3,,46,1,Global,TEST,pl,1,8.16,8.16,2.119960649870336,0.01880549918860197,True,872952832,929038336,4,0,31,0,IR-COST_attempt0,1,1,35024.0,35024.0
3,,46,1,Text,TEST,pl,1,8.16,8.16,2.257818004116416,0.5910386648029089,True,2206979584,2248146944,4,1,30,80,IR-COST_attempt0,1,1,35024.0,35024.0
3,,46,1,Text+Global,TEST,pl,1,8.16,8.16,2.467571808025241,0.0202117757871747,True,2206979584,2248146944,4,1,30,80,IR-COST_attempt0,1,1,35024.0,35024.0
3,,46,1,B5,TEST,pl,1,8.16,8.16,1.087558020837605,0.7842520112171769,True,873433600,931135488,1,0,31,0,IR-COST_attempt0,1,1,35024.0,35024.0
3,,46,1,Conf,TEST,pl,1,8.16,8.16,2.1167633328586817,0.03787858225405216,True,872952832,929038336,4,0,31,0,IR-COST_attempt0,1,1,35024.0,35024.0
3,,46,2,Text,TEST,pl,1,8.16,8.16,2.281156056560576,0.48920809384435415,True,2206979584,2248146944,4,1,30,80,IR-COST_attempt0,1,1,35024.0,35024.0
3,,46,2,Text+Global,TEST,pl,1,8.16,8.16,2.43914766702801,0.02021921891719103,True,2206979584,2248146944,4,1,30,80,IR-COST_attempt0,1,1,35024.0,35024.0
3,,46,2,B5,TEST,pl,1,8.16,8.16,0.9666742198169231,0.7599200196564198,True,873433600,931135488,1,0,31,0,IR-COST_attempt0,1,1,35024.0,35024.0
3,,46,2,Conf,TEST,pl,1,8.16,8.16,2.1456173602491617,0.01940210349857807,True,872952832,929038336,4,0,31,0,IR-COST_attempt0,1,1,35024.0,35024.0
3,,46,2,Global,TEST,pl,1,8.16,8.16,2.1116446843370795,0.02088118903338909,True,872952832,929038336,4,0,31,0,IR-COST_attempt0,1,1,35024.0,35024.0
3,,47,0,Global,TEST,pl,1,7.86,7.86,3.0138898799195886,0.018654292449355125,True,872952832,933232640,6,1,45,0,IR-COST_attempt0,1,1,35024.0,35024.0
3,,47,0,Text,TEST,pl,1,7.86,7.86,3.5570935532450676,0.5963391708210111,True,2206979584,2317352960,6,0,45,204,IR-COST_attempt0,1,1,35024.0,35024.0
3,,47,0,Text+Global,TEST,pl,1,7.86,7.86,3.6966823134571314,0.026993220672011375,True,2206979584,2317352960,6,0,45,204,IR-COST_attempt0,1,1,35024.0,35024.0
3,,47,0,B5,TEST,pl,1,7.86,7.86,1.5154141690582037,0.7648462932556868,True,873433600,935329792,1,0,45,0,IR-COST_attempt0,1,1,35024.0,35024.0
3,,47,0,Conf,TEST,pl,1,7.86,7.86,2.7303783744573593,0.06879381369799376,True,872952832,933232640,6,0,45,0,IR-COST_attempt0,1,1,35024.0,35024.0
3,,47,1,Text,TEST,pl,1,7.86,7.86,3.3465022137388587,0.5030903648585081,True,2206979584,2317352960,6,0,45,204,IR-COST_attempt0,1,1,35024.0,35024.0
3,,47,1,Text+Global,TEST,pl,1,7.86,7.86,3.386186392046511,0.02013198472559452,True,2206979584,2317352960,6,0,45,204,IR-COST_attempt0,1,1,35024.0,35024.0
3,,47,1,B5,TEST,pl,1,7.86,7.86,1.3660277668386698,0.7442676480859518,True,873433600,935329792,1,0,45,0,IR-COST_attempt0,1,1,35024.0,35024.0
3,,47,1,Conf,TEST,pl,1,7.86,7.86,2.6582934260368347,0.01899336464703083,True,872952832,933232640,6,0,45,0,IR-COST_attempt0,1,1,35024.0,35024.0
3,,47,1,Global,TEST,pl,1,7.86,7.86,2.894810157828033,0.022222770377993584,True,872952832,933232640,6,1,45,0,IR-COST_attempt0,1,1,35024.0,35024.0
3,,47,2,Text+Global,TEST,pl,1,7.86,7.86,3.7604317450895905,0.5072295172140002,True,2206979584,2317352960,6,0,45,204,IR-COST_attempt0,1,1,35024.0,35024.0
3,,47,2,B5,TEST,pl,1,7.86,7.86,1.3754815747961402,0.7504678443074226,True,873433600,935329792,1,0,45,0,IR-COST_attempt0,1,1,35024.0,35024.0
3,,47,2,Conf,TEST,pl,1,7.86,7.86,2.67383742518723,0.019148570485413074,True,872952832,933232640,6,0,45,0,IR-COST_attempt0,1,1,35024.0,35024.0
3,,47,2,Global,TEST,pl,1,7.86,7.86,2.8564917277544737,0.018947135657072067,True,872952832,933232640,6,1,45,0,IR-COST_attempt0,1,1,35024.0,35024.0
3,,47,2,Text,TEST,pl,1,7.86,7.86,3.5566588770598173,0.4520540274679661,True,2206979584,2317352960,6,0,45,204,IR-COST_attempt0,1,1,35024.0,35024.0
3,,48,0,Text,TEST,pl,2,9.6,9.6,3.278098253533244,0.02158394083380699,True,2206979584,2317352960,4,0,45,136,IR-COST_attempt0,1,1,35024.0,35024.0
3,,48,0,Text+Global,TEST,pl,2,9.6,9.6,3.1441261786967516,0.020371085964143276,True,2206979584,2317352960,4,0,45,136,IR-COST_attempt0,1,1,35024.0,35024.0
3,,48,0,B5,TEST,pl,2,9.6,9.6,1.4925967184826732,0.7653583530336618,True,873433600,935329792,1,0,45,0,IR-COST_attempt0,1,1,35024.0,35024.0
3,,48,0,Conf,TEST,pl,2,9.6,9.6,2.8179135341197252,0.019126977771520615,True,872952832,933232640,4,0,45,0,IR-COST_attempt0,1,1,35024.0,35024.0
3,,48,0,Global,TEST,pl,2,9.6,9.6,2.87262315582484,0.021285786293447018,True,872952832,933232640,4,0,45,0,IR-COST_attempt0,1,1,35024.0,35024.0
3,,48,1,Text+Global,TEST,pl,2,9.6,9.6,3.4105743197724223,0.37470320984721184,True,2206979584,2317352960,4,0,45,136,IR-COST_attempt0,1,1,35024.0,35024.0
3,,48,1,B5,TEST,pl,2,9.6,9.6,1.5157086672261357,0.7826826283708215,True,873433600,935329792,1,0,45,0,IR-COST_attempt0,1,1,35024.0,35024.0
3,,48,1,Conf,TEST,pl,2,9.6,9.6,2.8842777581885457,0.021364065818488598,True,872952832,933232640,4,0,45,0,IR-COST_attempt0,1,1,35024.0,35024.0
3,,48,1,Global,TEST,pl,2,9.6,9.6,3.066443466581404,0.021839830093085766,True,872952832,933232640,4,0,45,0,IR-COST_attempt0,1,1,35024.0,35024.0
3,,48,1,Text,TEST,pl,2,9.6,9.6,3.336929322220385,0.640183687210083,True,2206979584,2317352960,4,0,45,136,IR-COST_attempt0,1,1,35024.0,35024.0
3,,48,2,B5,TEST,pl,2,9.6,9.6,1.44574736058712,0.7504471680149436,True,873433600,935329792,1,0,45,0,IR-COST_attempt0,1,1,35024.0,35024.0
3,,48,2,Conf,TEST,pl,2,9.6,9.6,2.7330405563116074,0.02145166788250208,True,872952832,933232640,4,0,45,0,IR-COST_attempt0,1,1,35024.0,35024.0
3,,48,2,Global,TEST,pl,2,9.6,9.6,2.843553004786372,0.018959234468638897,True,872952832,933232640,4,0,45,0,IR-COST_attempt0,1,1,35024.0,35024.0
3,,48,2,Text,TEST,pl,2,9.6,9.6,3.303413201123476,0.5496165128424764,True,2206979584,2317352960,4,0,45,136,IR-COST_attempt0,1,1,35024.0,35024.0
3,,48,2,Text+Global,TEST,pl,2,9.6,9.6,3.2339977035298944,0.022723781876266003,True,2206979584,2317352960,4,0,45,136,IR-COST_attempt0,1,1,35024.0,35024.0
3,,49,0,Text+Global,TEST,pl,2,9.06,9.06,3.994705713354051,0.020186319947242737,True,2206979584,2319450112,3,1,56,133,IR-COST_attempt0,1,1,35024.0,35024.0
3,,49,0,B5,TEST,pl,2,9.06,9.06,1.7976646861061454,0.7660407088696957,True,873433600,937426944,1,0,56,0,IR-COST_attempt0,1,1,35024.0,35024.0
3,,49,0,Conf,TEST,pl,2,9.06,9.06,3.3126567155122757,0.06018994003534317,True,872952832,935329792,3,1,56,0,IR-COST_attempt0,1,1,35024.0,35024.0
3,,49,0,Global,TEST,pl,2,9.06,9.06,3.5598807400092483,0.01923950668424368,True,872952832,935329792,3,0,56,0,IR-COST_attempt0,1,1,35024.0,35024.0
3,,49,0,Text,TEST,pl,2,9.06,9.06,3.8891638927161694,0.473476504907012,True,2206979584,2319450112,3,1,56,133,IR-COST_attempt0,1,1,35024.0,35024.0
3,,49,1,B5,TEST,pl,2,9.06,9.06,1.788614616729319,0.7362611163407564,True,873433600,937426944,1,0,56,0,IR-COST_attempt0,1,1,35024.0,35024.0
3,,49,1,Conf,TEST,pl,2,9.06,9.06,3.3619186878204346,0.021536639891564846,True,872952832,935329792,3,1,56,0,IR-COST_attempt0,1,1,35024.0,35024.0
3,,49,1,Global,TEST,pl,2,9.06,9.06,3.5671250727027655,0.021387305110692978,True,872952832,935329792,3,0,56,0,IR-COST_attempt0,1,1,35024.0,35024.0
3,,49,1,Text,TEST,pl,2,9.06,9.06,3.570649430155754,0.43307805340737104,True,2206979584,2319450112,3,1,56,133,IR-COST_attempt0,1,1,35024.0,35024.0
3,,49,1,Text+Global,TEST,pl,2,9.06,9.06,3.972120032645762,0.04018699564039707,True,2206979584,2319450112,3,1,56,133,IR-COST_attempt0,1,1,35024.0,35024.0
3,,49,2,Conf,TEST,pl,2,9.06,9.06,3.231092111207545,0.7415323834866285,True,872952832,935329792,3,1,56,0,IR-COST_attempt0,1,1,35024.0,35024.0
3,,49,2,Global,TEST,pl,2,9.06,9.06,3.5583834936842322,0.019200793467462063,True,872952832,935329792,3,0,56,0,IR-COST_attempt0,1,1,35024.0,35024.0
3,,49,2,Text,TEST,pl,2,9.06,9.06,3.7319475254043937,0.34993217047303915,True,2206979584,2319450112,3,1,56,133,IR-COST_attempt0,1,1,35024.0,35024.0
3,,49,2,Text+Global,TEST,pl,2,9.06,9.06,3.9889744259417057,0.020372875966131687,True,2206979584,2319450112,3,1,56,133,IR-COST_attempt0,1,1,35024.0,35024.0
3,,49,2,B5,TEST,pl,2,9.06,9.06,1.779807181097567,0.7382334358990192,True,873433600,937426944,1,0,56,0,IR-COST_attempt0,1,1,35024.0,35024.0
3,,50,0,B5,TEST,pl,2,9.24,9.24,1.8444524416700006,0.01938311941921711,True,873433600,937426944,1,0,61,0,IR-COST_attempt0,1,1,35024.0,35024.0
3,,50,0,Conf,TEST,pl,2,9.24,9.24,3.838255176320672,0.021986305713653564,True,872952832,935329792,5,0,61,0,IR-COST_attempt0,1,1,35024.0,35024.0
3,,50,0,Global,TEST,pl,2,9.24,9.24,3.756104147993028,0.021198023110628128,True,872952832,935329792,5,0,61,0,IR-COST_attempt0,1,1,35024.0,35024.0
3,,50,0,Text,TEST,pl,2,9.24,9.24,4.260497633367777,0.5333601273596287,True,2206979584,2319450112,5,1,60,217,IR-COST_attempt0,1,1,35024.0,35024.0
3,,50,0,Text+Global,TEST,pl,2,9.24,9.24,4.646000759676099,0.023012003861367702,True,2206979584,2319450112,5,1,60,217,IR-COST_attempt0,1,1,35024.0,35024.0
3,,50,1,Conf,TEST,pl,2,9.24,9.24,3.5790603794157505,0.7350357118993998,True,872952832,935329792,5,0,61,0,IR-COST_attempt0,1,1,35024.0,35024.0
3,,50,1,Global,TEST,pl,2,9.24,9.24,3.9530002726241946,0.019051792100071907,True,872952832,935329792,5,0,61,0,IR-COST_attempt0,1,1,35024.0,35024.0
3,,50,1,Text,TEST,pl,2,9.24,9.24,4.077040045522153,0.4767346177250147,True,2206979584,2319450112,5,1,60,217,IR-COST_attempt0,1,1,35024.0,35024.0
3,,50,1,Text+Global,TEST,pl,2,9.24,9.24,4.666536293923855,0.02248767390847206,True,2206979584,2319450112,5,1,60,217,IR-COST_attempt0,1,1,35024.0,35024.0
3,,50,1,B5,TEST,pl,2,9.24,9.24,1.9023102149367332,0.7410683939233422,True,873433600,937426944,1,0,61,0,IR-COST_attempt0,1,1,35024.0,35024.0
3,,50,2,Global,TEST,pl,2,9.24,9.24,3.794645208865404,0.022107616066932678,True,872952832,935329792,5,0,61,0,IR-COST_attempt0,1,1,35024.0,35024.0
3,,50,2,Text,TEST,pl,2,9.24,9.24,3.980340807698667,0.4191677989438176,True,2206979584,2319450112,5,1,60,217,IR-COST_attempt0,1,1,35024.0,35024.0
3,,50,2,Text+Global,TEST,pl,2,9.24,9.24,4.720705660991371,0.0227492768317461,True,2206979584,2319450112,5,1,60,217,IR-COST_attempt0,1,1,35024.0,35024.0
3,,50,2,B5,TEST,pl,2,9.24,9.24,1.902213883586228,0.7544539859518409,True,873433600,937426944,1,0,61,0,IR-COST_attempt0,1,1,35024.0,35024.0
3,,50,2,Conf,TEST,pl,2,9.24,9.24,3.612577138468623,0.03184042312204838,True,872952832,935329792,5,0,61,0,IR-COST_attempt0,1,1,35024.0,35024.0
3,,51,0,Conf,TEST,pl,2,9.06,9.06,3.0760320965200663,0.019753781147301197,True,872952832,933232640,5,0,49,0,IR-COST_attempt0,1,1,35024.0,35024.0
3,,51,0,Global,TEST,pl,2,9.06,9.06,3.0745364855974913,0.021124363876879215,True,872952832,933232640,5,0,49,0,IR-COST_attempt0,1,1,35024.0,35024.0
3,,51,0,Text,TEST,pl,2,9.06,9.06,3.31181054469198,0.5033021215349436,True,2206979584,2319450112,5,0,49,168,IR-COST_attempt0,1,1,35024.0,35024.0
3,,51,0,Text+Global,TEST,pl,2,9.06,9.06,3.4726921068504453,0.020170504227280617,True,2206979584,2319450112,5,0,49,168,IR-COST_attempt0,1,1,35024.0,35024.0
3,,51,0,B5,TEST,pl,2,9.06,9.06,1.5077917650341988,0.7379848761484027,True,873433600,935329792,1,0,49,0,IR-COST_attempt0,1,1,35024.0,35024.0
3,,51,1,Global,TEST,pl,2,9.06,9.06,3.1965410141274333,0.021858488209545612,True,872952832,933232640,5,0,49,0,IR-COST_attempt0,1,1,35024.0,35024.0
3,,51,1,Text,TEST,pl,2,9.06,9.06,3.5589582351967692,0.3980478784069419,True,2206979584,2319450112,5,0,49,168,IR-COST_attempt0,1,1,35024.0,35024.0
3,,51,1,Text+Global,TEST,pl,2,9.06,9.06,3.796471274457872,0.020411567762494087,True,2206979584,2319450112,5,0,49,168,IR-COST_attempt0,1,1,35024.0,35024.0
3,,51,1,B5,TEST,pl,2,9.06,9.06,1.5097762569785118,0.7485743435099721,True,873433600,935329792,1,0,49,0,IR-COST_attempt0,1,1,35024.0,35024.0
3,,51,1,Conf,TEST,pl,2,9.06,9.06,2.94945555832237,0.021437980234622955,True,872952832,933232640,5,0,49,0,IR-COST_attempt0,1,1,35024.0,35024.0
3,,51,2,Text,TEST,pl,2,9.06,9.06,3.4954840131103992,0.4179729921743274,True,2206979584,2319450112,5,0,49,168,IR-COST_attempt0,1,1,35024.0,35024.0
3,,51,2,Text+Global,TEST,pl,2,9.06,9.06,3.890483249910176,0.02286198828369379,True,2206979584,2319450112,5,0,49,168,IR-COST_attempt0,1,1,35024.0,35024.0
3,,51,2,B5,TEST,pl,2,9.06,9.06,1.4821415478363633,0.7372948601841927,True,873433600,935329792,1,0,49,0,IR-COST_attempt0,1,1,35024.0,35024.0
3,,51,2,Conf,TEST,pl,2,9.06,9.06,3.090376884676516,0.020991568453609943,True,872952832,933232640,5,0,49,0,IR-COST_attempt0,1,1,35024.0,35024.0
3,,51,2,Global,TEST,pl,2,9.06,9.06,3.2023498490452766,0.02084570098668337,True,872952832,933232640,5,0,49,0,IR-COST_attempt0,1,1,35024.0,35024.0
